country,year,control_of_corruption,current_account_balance_pct_gdp,export_concentration_hhi,export_growth,external_debt_pct_gni,fdi_net_inflows_pct_gdp,gdp_growth,gdp_per_capita,gdp_per_capita_growth,global_gold_price,global_high_yield_spread,global_oil_price,global_usd_index,government_debt_pct,gross_capital_formation_pct_gdp,inflation_cpi,natural_resource_rents_pct_gdp,political_stability,regulatory_quality,rule_of_law,secondary_school_enrolment,vulnerable_employment,youth_unemployment
ABW,2010,1.0319006,-18.737,0.392,,,7.61167220218675,-2.73345679250639,24093.1401510626,-2.95695264975568,119.99545832174232,,79.48,93.0541,54.662,28.2831797071863,-0.723,0.0038701376130974,1.2560673,78.0222415,1.4158901,98.2207412719727,,
ABW,2011,1.0309026,-10.02,0.811,,,18.5057800383246,3.36923718421511,25712.3843015186,2.61052505937265,153.18591263180687,,94.88,88.7767,59.347,27.4166371579459,6.127,0.0038097706043249,1.251139,78.0299915,1.3475874,96.633918762207,,
ABW,2012,1.0288289,3.602,0.629,,,-12.0331802180755,-1.04079988436683,25119.6655449838,-2.4846479774957,161.96787185362544,,94.05,91.6361,65.533,23.5225068320821,-3.713,0.0034077558555067,1.3159088,77.9453037,1.3458678,108.976188659668,,
ABW,2013,1.0289865,-11.957,0.512,,,9.97445713517423,6.43146080719245,25813.5714408438,4.85525795729174,136.24820703149317,,97.98,92.7611,70.032,23.825859897396,0.076,0.0024516533160762,1.3143193,77.9327513,1.3420243,,,
ABW,2014,0.8949794,-4.797,0.471,,,7.46525460335849,1.42609864257801,26129.8390617693,0.35112842842166,121.88517901052042,,93.17,95.5876,77.709,23.1114410000278,2.202,0.0032351716185251,1.2105482,74.4849705,1.0095673,,,
ABW,2015,1.1609441,3.881,0.403,,,-0.907264375161604,3.61147995361162,27458.2201537506,2.55621874043514,111.18462156014614,,48.66,108.1696,74.177,21.538867068293,-0.929,0.0023876594444871,1.209329,76.2748091,1.2928771,,,
ABW,2016,1.1622716,4.557,0.402,,,0.923397287531133,1.23433537363427,27441.5502144601,0.469912651203259,119.36261924864752,,43.29,113.0665,75.387,20.5749571545811,-0.874,0.0033437423337293,1.2062931,76.2934998,1.2931593,,,
ABW,2017,1.1613218,0.959,0.341,,,5.2533752062728,3.49342985290626,28440.0416881491,3.48581549286742,119.70533874025382,,50.8,112.8101,75.825,20.5511714864529,-0.462,0.0028271906386295,1.2066651,74.8303646,1.2924687,,,
ABW,2018,1.1629372,-0.53,0.205,,,4.39981717177271,3.21247111920076,30082.1584226798,3.0485184481057,120.1730401916504,,65.23,112.0038,73.31,22.4017184437014,4.452,0.0018846916867828,1.3341522,70.3897634,1.2931496,137.829788208008,,
ABW,2019,1.1651628,0.194,0.368,,,-2.2478342012416,1.22511225158814,30645.8906024548,0.951663645650427,131.4715934540646,,56.99,115.7333,72.227,22.6154511785237,3.579,0.0016801157710481,1.3349374,70.4118087,1.2930625,139.320587158203,,
ABW,2020,1.165722,-17.099,0.437,,,6.51718576425329,-23.8979898352395,22759.8071750722,-23.4662729790643,166.60730119735476,,39.16,117.774,115.655,23.9492805852762,-3.066,0.0030371933477854,1.3345061,70.3742727,1.2938144,135.124725341797,,
ABW,2021,0.8692192,-2.213,0.363,,,4.63553026601194,14.7306159219273,26749.3296093118,15.6755189518506,168.30067705253205,,68.14,113.1051,107.854,20.2449106732973,3.647,0.0020661282461218,1.3328137,70.3591763,1.2183341,123.625907897949,,
ABW,2022,0.8688452,6.48,0.269,,,7.4653342753216,10.6364309604414,30975.9989121779,11.0385203097525,167.90513914799786,,94.9,120.698,97.369,19.8080671623567,5.736,,1.3357267,70.3189387,1.2205245,131.802169799805,,
ABW,2023,0.8675607,5.234,0.25,,,-3.58459079731401,7.70679839650956,35718.7531191634,7.65763965694018,180.44987982177733,4.087062146892655,77.58,120.2663,85.178,22.335385480803,2.275,,1.3362003,70.3232253,1.2201246,,,
ABW,2024,0.8687982,11.137,0.31,,,2.42051208397071,6.81077669324542,39498.5941293797,6.1817507755927,221.0156972208821,3.15,76.63,122.893,74.43,25.1538409611884,0.258,,1.3302095,70.3329342,1.22006,124.379366731084,,
AFG,2010,-1.65416719999999,29.43,0.324,,15.3334973971382,1.20311798981139,14.3624414710737,560.621505463146,11.0550305527288,119.99545832174232,,79.48,93.0541,7.697,,10.246,0.62533261319642,-2.53097419999999,32.3322182,-1.8493765,50.4406204223633,90.043576046337,10.041
AFG,2011,-1.5926582,26.574,0.269,,13.9770517017747,0.293025179616803,0.426354776777345,606.694676337726,-3.21329500579925,153.18591263180687,,94.88,88.7767,7.501,,9.312,0.836389660299977,-2.5512555,32.194518,-1.92548149999999,52.4474296569824,89.0042626266029,10.044
AFG,2012,-1.635471,10.864,0.281,,12.9281604362278,0.285440893554571,12.7522870926697,651.417134470046,8.27936899310519,161.96787185362544,,94.05,91.6361,6.759,,5.875,0.684675468598181,-2.5040196,35.0839368,-1.8835503,54.372859954834,87.9466221225401,10.071
AFG,2013,-1.5860489,1.444,0.265,,12.8048363659593,0.239801184405551,5.60074465863221,637.087099117099,2.0520682606117,136.24820703149317,,97.98,92.7611,6.904,,7.241,0.603571665401867,-2.699732,34.6366704,-1.70220409999999,54.8833694458008,86.4837438686457,10.104
AFG,2014,-1.5607981,6.549,0.299,,12.3049882693651,0.209664794672203,2.72454336219565,625.054941813938,-0.939984755736006,121.88517901052042,,93.17,95.5876,8.7,,1.487,0.542756499666634,-2.3186705,36.2007127,-1.63760859999999,54.2936515808105,85.0754288517816,10.094
AFG,2015,-1.5195275,3.709,0.358,,13.4908301094464,0.88400046336123,1.45131466066431,565.569730408751,-1.66505744749013,111.18462156014614,,48.66,108.1696,9.154,,1.131,0.469916949251438,-2.48125299999999,38.0317131,-1.6427748,53.1501083374023,84.1329631338373,12.534
AFG,2016,-1.56501159999999,9.029,0.325,,14.1470450360055,0.516606084523093,2.26031420279821,522.082215583898,-0.300121027406746,119.36261924864752,,43.29,113.0665,8.437,,4.588,0.617409905168126,-2.4834928,33.399475,-1.580107,53.4350395202637,83.3065433479913,14.932
AFG,2017,-1.54351939999999,7.576,0.405,,14.5133427404056,0.274796791572807,2.6470032027451,525.469770891619,-0.195569548342789,119.70533874025382,,50.8,112.8101,7.998,,3.041,0.702981728943138,-2.61393089999999,32.5233931,-1.59509909999999,55.5364303588867,82.2233604181096,17.31
AFG,2018,-1.5398439,12.143,0.405,,14.6424246657516,0.661572217787196,1.18922812944517,491.337221382603,-1.71374269254262,120.1730401916504,,65.23,112.0038,7.384,,0.755,0.855264249305936,-2.5824048,34.3129099,-1.66687379999999,57.3578491210938,82.31332217699,16.402
AFG,2019,-1.5013636,11.705,0.404,,13.9496520351375,0.124495985291258,3.91160341625552,496.6025042585,0.856294729087764,131.4715934540646,,56.99,115.7333,6.136,,2.773,0.682287828246046,-2.5893714,34.7350241,-1.65715489999999,,82.3961191048543,15.52
AFG,2020,-1.40089,13.974,0.399,,15.1208585304773,0.0649939571808755,-2.35110067203466,510.787063366811,-5.38251464221077,166.60730119735476,,39.16,117.774,7.331,11.5,4.987,0.305978171646739,-2.5896897,34.3181413,-1.65566449999999,,82.6906955888445,16.053
AFG,2021,-1.22202489999999,-0.056,0.362,7.24332933103564,24.7857399527695,0.144466946606861,-20.7388393676343,356.496214115892,-22.5844818732987,168.30067705253205,,68.14,113.1051,11.136,13.0,15.342,0.428525449642917,-2.4506389,32.6259609,-1.7202682,,80.587703693578,16.013
AFG,2022,-1.1719937,-18.532,0.359,18.6125162428067,23.3368489761511,,-6.24017199240269,357.261152798144,-7.57666891152213,167.90513914799786,,94.9,120.698,10.643,16.7,1.936,,-2.4492487,32.4204451,-1.8586889,,81.091381513011,17.539
AFG,2023,-1.1987543,-20.306,0.401,-12.1079479040833,19.8909368152618,,2.26694373649188,413.757894705303,0.10609280092082,180.44987982177733,4.087062146892655,77.58,120.2663,8.255,15.2924823859473,-9.025,,-2.3922828,32.3008157,-1.89680499999999,59.6136016845703,81.4636847215318,17.494
AFG,2024,-1.3087183,,0.408,,,,,,,221.0156972208821,3.15,76.63,122.893,,,,,-2.2052112,30.5994864,-1.93548869999999,,81.720045966335,17.235
AGO,2010,-1.32703029999999,7.856,0.946,-2.37893216527195,35.3911613090284,-3.37761927933748,5.29366572819954,4101.63715566712,1.31579076620976,119.99545832174232,,79.48,93.0541,32.594,29.7638327935383,15.322,38.1623101146694,-0.2720682,37.7498069,-1.23819369999999,28.2108038778932,75.4921547412175,38.705
AGO,2011,-1.3687643,10.422,0.936,-5.12410134021513,33.9687833337354,-2.40838836782517,3.59386960240222,5184.15269149912,-0.356512141669299,153.18591263180687,,94.88,88.7767,26.318,27.3662454536118,11.376,39.0226784952754,-0.494662599999999,37.3717328,-1.3083456,29.6869517832747,74.3450021759171,39.007
AGO,2012,-1.4394482,9.649,0.922,5.19986450927941,30.7446796123415,-1.02012839058611,8.50312283866612,5702.45306277434,4.37008778613288,161.96787185362544,,94.05,91.6361,23.805,27.9685614009235,9.042,34.7310076331615,-0.4414594,38.501282,-1.34388359999999,,71.3937735306844,37.697
AGO,2013,-1.46090079999999,5.429,0.915,-1.17390076671524,35.3141708088895,-4.78350487024797,4.88306129688392,5688.57916215215,0.921826358320473,136.24820703149317,,97.98,92.7611,29.473,26.9937630528609,7.687,29.4000452272015,-0.6100776,37.5461789,-1.3625741,,68.4179370315136,36.731
AGO,2014,-1.48643939999999,-2.279,0.937,0.704632326641615,35.9601982257134,2.38352427018273,4.65572356315585,5649.68762469139,0.821220988941135,121.88517901052042,,93.17,95.5876,35.274,28.8734781928265,7.498,22.124247625088,-0.5090269,38.6632529,-1.3052002,,65.3874596999408,35.743
AGO,2015,-1.4857649,-7.802,0.911,2.00000000000009,56.7801551813803,9.7795154502448,0.763177710914789,3641.72893919944,-2.80470818378251,111.18462156014614,,48.66,108.1696,50.386,29.1086095935763,12.091,13.3056748880613,-0.5591026,37.6641444,-1.3086297,,65.2627838048266,35.122
AGO,2016,-1.4881942,-2.688,0.893,-18.3955246223303,114.845094739154,-0.299804386002375,-1.70053036291208,2051.81462126253,-5.15402904669538,119.36261924864752,,43.29,113.0665,66.67,30.134293482854,41.125,20.8851202682195,-0.434627999999999,36.2458363,-1.3287764,54.4167987304753,65.2247980488231,34.483
AGO,2017,-1.4208093,-0.453,0.875,-4.00000000000004,84.9404832711627,-8.76696380208172,-0.149396225571834,2790.71886869768,-3.62286501702881,119.70533874025382,,50.8,112.8101,60.492,29.1829432051553,23.667,25.9503299089307,-0.537214499999999,36.2526969,-1.3317055,,65.2211179561194,33.725
AGO,2018,-1.18178199999999,6.483,0.882,-17.3955437659707,84.2843625797666,-7.21246216123288,-0.59441122698307,2860.0936483682,-3.96852454312942,120.1730401916504,,65.23,112.0038,82.541,24.2002490160737,18.604,32.045405604301,-0.4058117,38.1066148,-1.11055219999999,,65.2601889420907,32.855
AGO,2019,-0.9647988,5.427,0.879,-16.2756429430839,96.5947267900598,-5.07649440156737,-0.204680245744115,2493.67884440177,-3.52900012504749,131.4715934540646,,56.99,115.7333,101.373,24.6757736004733,16.893,28.8978590593907,-0.420703899999999,39.15311,-1.0519682,,65.2690021312481,31.832
AGO,2020,-0.891832299999999,1.311,0.836,-7.9999999999999,148.159899274824,-3.17143620765821,-4.04244724639663,1759.35619918264,-7.1276148271679,166.60730119735476,,39.16,117.774,119.145,19.6439562319095,25.103,20.2476653863539,-0.6427634,38.47815,-0.9475038,,65.9410906429964,33.076
AGO,2021,-0.6416506,9.955,0.792,-1.99999999999993,108.138096106725,-5.47403409372737,2.10275251923413,2303.90812662776,-1.0943408561201,168.30067705253205,,68.14,113.1051,74.292,15.9851660648707,27.046,29.9674348417559,-0.7936068,41.4788741,-1.0980135,53.1351542727131,65.7930821615419,30.171
AGO,2022,-0.6031537,8.258,0.777,4.37270081192213,62.7115153094556,-5.02899288556058,4.21600258475137,3682.1131513698,0.991406795873331,167.90513914799786,,94.9,120.698,56.108,14.1769859541901,13.848,,-0.5414068,41.2696867,-1.1625439,,66.312487849522,27.143
AGO,2023,-0.6242518,3.813,0.789,-26.2561892883574,74.5628642843282,-1.97786390222726,1.26330814020108,2916.13663284275,-1.80870334166293,180.44987982177733,4.087062146892655,77.58,120.2663,71.385,12.3076318613212,19.997,,-0.3131654,40.6000338,-1.1944432,51.4839046246776,66.3095743545771,26.834
AGO,2024,-0.6225793,5.414,0.781,1.50749616326058,79.5726391511001,-1.0986881170909,4.42390664406875,2665.87444776753,1.29293270746824,221.0156972208821,3.15,76.63,122.893,62.501,10.4110011927256,27.508,,-0.5735964,42.6711683,-1.1697408,,66.2335410114565,26.74
ALB,2010,-0.503922299999999,-11.188,0.197,19.1935791437219,45.4386914236501,9.01744998049889,2.97315442681247,4149.14469936847,3.48564808644622,119.99545832174232,,79.48,93.0541,57.041,32.4926226328977,3.495,1.52816814295294,-0.1725061,56.5557829,-0.3178041,93.6818237304688,55.1330239126757,30.867
ALB,2011,-0.6894267,-12.765,0.217,6.67409512981436,49.9704814370826,8.08329285826067,2.46351683915714,4465.70914328865,2.73953255678821,153.18591263180687,,94.88,88.7767,58.714,33.8376091539876,1.743,2.89849835443056,-0.348045,55.7116728,-0.299265399999999,95.4705276489258,59.1932153701183,22.697
ALB,2012,-0.8226266,-10.082,0.261,0.293588275390633,60.7645738045994,7.49597513325321,0.984129880204108,4280.93316338873,2.5545386692104,161.96787185362544,,94.05,91.6361,61.414,29.7150278852687,2.463,3.23145242472225,-0.3697641,53.5446213,-0.402225799999999,97.6086120605469,61.5347469275197,28.871
ALB,2013,-0.815531999999999,-9.144,0.286,1.58899617671256,66.4368565074873,9.80035898039468,1.7072283175406,4542.92903556739,3.28889031489732,136.24820703149317,,97.98,92.7611,69.563,29.0566378899977,1.776,3.32799084447126,-0.1931708,53.854301,-0.4812225,102.903209514161,57.7794652997091,31.207
ALB,2014,-0.6758626,-10.67,0.303,-0.169636687451657,63.4459677291758,8.64846635716115,2.24022695382642,4793.59751131525,3.83017022939833,121.88517901052042,,93.17,95.5876,71.146,28.3047822758213,0.719,3.41690043441322,0.2608816,55.7544291,-0.276422499999999,103.321377531566,55.9762894374987,39.554
ALB,2015,-0.5865235,-8.508,0.218,-2.25254023391722,72.7839311764582,8.62740636982337,2.2277040745779,4199.53912925398,3.81743447071763,111.18462156014614,,48.66,108.1696,72.849,27.8134648405134,1.937,1.73486186826951,0.1252711,55.5631739,-0.2267931,102.440729325166,56.450566600066,39.628
ALB,2016,-0.5061985,-7.483,0.231,7.57276906101264,69.9108688734659,8.71147225448456,3.90893551362245,4457.63412207495,5.52482598081943,119.36261924864752,,43.29,113.0665,72.462,26.814346013014,2.165,1.05848104238626,0.1659701,55.8766261,-0.2061558,99.170755047578,55.9022724728535,35.918
ALB,2017,-0.5663593,-7.404,0.258,12.9646313708102,73.748302704928,7.71411336285186,3.28317593330073,5006.36012951959,4.88935288088643,119.70533874025382,,50.8,112.8101,71.049,27.657593194662,1.808,1.34604237945034,0.1638298,56.6059076,-0.2057486,97.5743697537481,52.8315293895777,31.184
ALB,2018,-0.587108899999999,-6.674,0.297,4.46629089537305,62.8192787162639,7.83109146132114,3.67141928098908,5897.65452588774,5.28357949627288,120.1730401916504,,65.23,112.0038,68.655,27.1252994132038,1.799,1.71111628143642,0.1502032,56.6600998,-0.1743527,98.822387862215,52.1865088304747,28.109
ALB,2019,-0.5384935,-7.482,0.251,2.4800752980137,60.2886652039553,7.70621465029911,2.06257790176122,6069.43903131027,3.64975808463876,131.4715934540646,,56.99,115.7333,66.575,25.2875256073276,1.15,1.63497378546365,0.0043749999999999,56.309621,-0.291428099999999,99.01515356567,51.1991823398025,26.942
ALB,2020,-0.6594306,-8.614,0.217,-27.7255430085865,69.8900514825763,7.01865154497786,-3.31375636888916,6027.91350716348,-1.81016536329729,166.60730119735476,,39.16,117.774,75.381,26.2183472454095,1.051,0.775369617467959,-0.0049854,54.5543139,-0.256738199999999,95.9294474518951,50.2974456373031,26.422
ALB,2021,-0.60203,-7.633,0.245,52.0973691827291,62.1678808397569,6.75791457973236,8.96957619074095,7242.45513146613,10.6641494274411,168.30067705253205,,68.14,113.1051,74.795,28.6722669213413,3.7,1.44260146706838,0.0239536,54.7847817,-0.2015586,97.665033031442,48.1514912332876,27.089
ALB,2022,-0.500456,-5.843,0.317,17.0424879813874,55.7646269319117,7.57934042905775,4.8268006234359,7756.96188744253,6.45698822084806,167.90513914799786,,94.9,120.698,65.198,26.8023654741294,7.425,,0.0115425,55.1084617,-0.1309656,97.3224714726407,48.977117161397,24.543
ALB,2023,-0.464044399999999,-1.217,0.18,8.5541025992228,48.6747823852328,6.90036950940795,4.01541716935742,9730.86921906893,5.63293544264612,180.44987982177733,4.087062146892655,77.58,120.2663,58.365,23.4392861436214,3.95,,0.0246567,55.8603547,-0.153011099999999,96.1368771236947,46.7326588368579,25.41
ALB,2024,-0.420760099999999,-2.409,0.182,0.10972760496233,39.7190681766686,6.32349466068578,4.04592845095348,11377.7757431099,5.66395904797913,221.0156972208821,3.15,76.63,122.893,55.653,24.9514965978049,2.117,,0.0204668,57.0035209,-0.1185025,108.355392456055,46.3667942612575,25.582
AND,2010,1.3318853,,0.167,,,,-1.97495799965345,42746.830391567,1.88988084312282,119.99545832174232,,79.48,93.0541,35.02,,1.703,0.0,1.3332046,80.7521182,1.305241,85.1478881835938,,
AND,2011,1.3295291,,0.146,,,,-0.0080697534113909,46657.1495384811,3.7495175357235,153.18591263180687,,94.88,88.7767,36.493,,2.161,0.0,1.3258412,83.5699901,1.4604527,85.8587875366211,,
AND,2012,1.3246331,,0.211,,,,-4.97444371853503,41500.5499988288,-3.80075429834201,161.96787185362544,,94.05,91.6361,41.532,,1.057,0.0,1.3250639,83.3850244,1.4572645,86.870361328125,,
AND,2013,1.3250051,,0.214,,,,-3.54759651549344,42470.3230369366,-1.44394540350855,136.24820703149317,,97.98,92.7611,42.533,,0.178,0.0,1.3226889,83.357609,1.4501381,86.4044036865234,,
AND,2014,1.1646295,,0.185,,,,2.50446552114518,44369.6712976777,4.52989381717444,121.88517901052042,,93.17,95.5876,42.025,,-0.867,0.0,1.3308928,72.0927566,1.6005796,88.978157043457,,
AND,2015,1.1685187,,0.206,,,,1.43414039522716,38654.95287916,3.63079793724701,111.18462156014614,,48.66,108.1696,40.955,,-0.527,0.0,1.3290711,72.2673337,1.6037535,91.2962188720703,,
AND,2016,1.1716528,,0.208,,,,3.70967806978986,40129.8385811474,3.69962046811506,119.36261924864752,,43.29,113.0665,39.773,,0.943,0.0,1.3245352,72.3081548,1.6042767,94.6524124145508,,
AND,2017,1.1694105,,0.197,,,,0.346071889630295,40672.9717424447,-1.80605703312767,119.70533874025382,,50.8,112.8101,37.854,,2.371,0.0,1.3250909,76.0859384,1.6029964,95.1090393066406,,
AND,2018,1.1732244,,0.217,,,,1.58876549046354,42819.7577456133,-0.30211930399588,120.1730401916504,,65.23,112.0038,36.344,,0.502,0.0,1.3290002,76.103697,1.6178208,95.9804306030273,,
AND,2019,1.1784788,18.01,0.231,,,13.3818072686093,2.01554763848308,41257.816459345,0.265352820614368,131.4715934540646,,56.99,115.7333,35.365,,0.948,0.0,1.5488694,76.1518456,1.6176246,96.2081298828125,,
AND,2020,1.1797991,15.526,0.236,,,9.43228499707799,-11.1839399355384,37361.1070081615,-12.2238384935431,166.60730119735476,,39.16,117.774,46.353,,-0.546,0.0,1.5484064,72.3352738,1.6193172,97.1500396728516,,
AND,2021,1.1772281,15.022,0.217,,,14.5826559404996,8.28677879049404,42425.7066454357,6.92704485233561,168.30067705253205,,68.14,113.1051,48.614,,3.281,0.0,1.5465903,72.3022989,1.61332,98.0404205322266,,
AND,2022,1.1763452,11.643,0.417,,,17.5702350620217,9.56461225648184,42414.0479861228,7.72123800096536,167.90513914799786,,94.9,120.698,38.907,,7.151,,1.5497163,72.2144174,1.4108315,98.5098724365234,,
AND,2023,1.1733125,14.221,0.272,,,7.28597529959797,2.58355480961319,46812.4261013102,1.1232590791063,180.44987982177733,4.087062146892655,77.58,120.2663,35.467,,4.562,,1.5502246,72.2237825,1.4100336,99.5086517333984,,
AND,2024,1.1762344,15.074,0.26,,,6.64266743694098,3.37182032638998,49303.6491674336,2.00678445056737,221.0156972208821,3.15,76.63,122.893,33.234,,2.607,,1.5437957,72.2449856,1.4099048,101.923820495605,,
ARE,2010,0.9100894,4.063,0.335,6.25981032110805,,2.85854032456409,1.60285004671343,44795.2949302268,-0.804617484632146,119.99545832174232,,79.48,93.0541,18.799,28.9193053739198,1.722,23.7768704858008,0.8134966,66.5378068,0.0791468,,0.607486075437938,7.191
ARE,2011,1.1319379,12.06,0.373,16.0662242305144,,1.938861867408,6.73646786920814,51921.904511613,3.21040480797836,153.18591263180687,,94.88,88.7767,20.862,24.7738271342481,0.156,29.7789568323524,0.8143482,68.9055733,0.4251627,,0.483067009435662,6.856
ARE,2012,1.0894763,19.006,0.332,15.6651707544653,,2.43554239157448,4.6832657020049,53141.6124340099,0.619829719966987,161.96787185362544,,94.05,91.6361,20.657,23.421423689147,0.601,28.2144669709365,0.8029803,68.198457,0.3671791,,0.561142625366092,6.467
ARE,2013,1.1513193,18.293,0.335,7.06098995250419,,2.38382217021709,4.91847806719888,53247.2409495441,0.805452996724028,136.24820703149317,,97.98,92.7611,15.611,21.1407254569336,1.443,27.3813114030779,0.7738837,70.4823132,0.41415,,0.636339242197725,6.116
ARE,2014,0.9856797,13.159,0.326,4.12697653022774,,2.60546065371654,4.63288144983127,52725.2358407934,-0.124078023674471,121.88517901052042,,93.17,95.5876,13.819,22.1222022367368,3.108,23.9739257701595,0.8984847,71.8020294,0.3502594,,0.57178377857936,5.823
ARE,2015,0.9199437,4.74,0.242,2.72546732662016,,2.23861395699196,7.08767348587587,44910.334995523,1.47473600077311,111.18462156014614,,48.66,108.1696,16.104,21.643204001152,3.596,14.0468089597238,0.8382509,73.453947,0.3509975,,0.779650834551746,5.444
ARE,2016,1.1064348,3.575,0.229,5.21396566217214,,2.51620200951453,5.65793329224303,42721.0999383185,0.574841518832997,119.36261924864752,,43.29,113.0665,19.267,20.9292537892622,1.619,11.8055195768229,0.6925969,71.8671512,0.4205051,,0.808071677244697,5.107
ARE,2017,1.0762151,7.042,0.232,-0.319116771189471,,2.56696112401594,-1.06137661464977,43733.6192287435,-4.15218113866617,119.70533874025382,,50.8,112.8101,21.864,20.6035948096274,1.966,14.3278424370326,0.7192871,72.3908602,0.3834887,,0.751495776869112,7.474
ARE,2018,1.0948106,9.658,0.246,1.68171160541537,,2.35729150002132,1.53716683173516,47135.3591943971,0.195794810557288,120.1730401916504,,65.23,112.0038,21.329,21.1611309818493,3.071,18.1866824883602,0.8336611,71.8838453,0.3893195,102.184448242188,0.953032968752257,6.747
ARE,2019,1.0878297,8.929,0.253,0.751709033400132,,4.11928564301823,1.27134240761141,45938.6073581994,0.209030520233554,131.4715934540646,,56.99,115.7333,26.801,23.185328258013,-1.934,16.8958990035406,0.8295526,72.9323813,0.4262682,101.747344264722,1.40478186930735,7.325
ARE,2020,1.0614313,6.038,0.227,3.84884085148971,,5.56735507865122,-8.69342617885171,37991.7492971665,-8.258825738052,166.60730119735476,,39.16,117.774,41.294,22.8266562576,-2.076,11.9722335248016,0.826942,71.6801826,0.3974987,99.1635400791877,1.43345340477155,13.482
ARE,2021,1.0349829,11.549,0.242,4.08141295943298,,4.89230472033291,4.55278571242283,44118.5047192771,2.65160401509495,168.30067705253205,,68.14,113.1051,36.291,25.3830049451598,-0.113,17.634095847399,0.839581,71.6015479,0.338504,103.210663324826,1.1035100524838,9.737
ARE,2022,1.0223468,13.223,0.299,8.4595729576229,,4.44591399207935,7.51448425801082,50759.7589231191,2.18063316393284,167.90513914799786,,94.9,120.698,32.057,26.058486930344,4.827,,0.883216,71.5429018,0.409903,102.380981445312,1.14601532538992,9.992
ARE,2023,0.9918577,10.665,0.28,6.87975755487554,,5.87184069440898,4.30118228020602,49850.6872175164,0.234354339957449,180.44987982177733,4.087062146892655,77.58,120.2663,32.436,26.6386707861598,1.624,,0.7829523,72.2957632,0.4492886,101.944972436447,1.60374551990489,6.351
ARE,2024,1.1702182,9.127,0.282,,,8.26261712974626,3.99180705485398,50273.5060469837,-0.766018786578641,221.0156972208821,3.15,76.63,122.893,32.114,,1.742,,0.7886704,72.6169592,0.4968448,102.129724902444,1.57911526410985,6.425
ARG,2010,-0.3672971,-0.382,0.151,13.8969136234784,30.9491301873404,2.67516171886535,10.1253981561002,10260.1313108254,8.96819672899282,119.99545832174232,,79.48,93.0541,43.454,17.7055338062046,10.923,3.25709519384359,-0.0975562,42.9114711,-0.5170484,99.0709991455078,19.0490238114851,19.381
ARG,2011,-0.3396354,-1.012,0.15,4.14881478412255,27.7441780087921,2.04465997872008,6.00395169280579,12704.2831819684,4.88127252804149,153.18591263180687,,94.88,88.7767,38.935,18.39845891735,9.508,3.88650404225898,0.1203533,43.713093,-0.4685103,100.884559631348,18.6211188839315,18.71
ARG,2012,-0.5168142,-0.369,0.151,-4.10831132628213,26.2396878854826,2.80667189982932,-1.0264204544321,12949.717486654,-2.0383253093713,161.96787185362544,,94.05,91.6361,40.436,16.5019865298875,10.842,3.62564790864033,0.0804879,41.598513,-0.5151067,102.709991455078,19.0299608764648,18.34
ARG,2013,-0.517294,-2.147,0.172,-3.52024034290045,27.8097452222931,1.77920553648531,2.40532378079436,12963.675773326,1.39351266056681,136.24820703149317,,97.98,92.7611,43.496,17.3057789012596,10.946,3.15558730477948,0.0324742,41.6864639,-0.5758327,104.540863037109,19.6857850931616,19.555
ARG,2014,-0.6660539,-1.629,0.186,-6.97916743435549,29.8319023900009,0.962406650325519,-2.51261532081394,12233.1444119186,-3.51326421042003,121.88517901052042,,93.17,95.5876,44.697,17.2628810064651,23.915,2.96561619466374,-0.0132091,38.8903487,-0.7299737,106.038902282715,20.1779734655309,19.137
ARG,2015,-0.645135999999999,-2.743,0.196,-2.77737294006695,30.3597130322943,1.97713461784426,2.73115982828944,13679.6264980954,1.66091253843923,111.18462156014614,,48.66,108.1696,52.563,17.0707048841583,,1.11677493458146,-0.0308863,42.2878376,-0.467320499999999,107.504867553711,20.604372046677,20.267
ARG,2016,-0.2193628,-2.713,0.195,5.31735410754007,33.3125611167404,0.584748941173009,-2.08032784377811,12699.9623137756,-3.02450095578762,119.36261924864752,,43.29,113.0665,53.06,17.6632278606203,,0.929681521135013,0.1932708,50.8772845,-0.2365898,109.598327636719,21.0846506714366,21.799
ARG,2017,-0.178141599999999,-4.838,0.179,2.61539095219052,36.0210140421607,1.78936504083806,2.81850297775918,14532.5009308511,1.91639608148853,119.70533874025382,,50.8,112.8101,57.028,18.2125671747754,24.796,1.02056616793198,0.2394066,52.9645137,-0.172504599999999,110.377799987793,21.505941986483,22.843
ARG,2018,-0.0057354,-5.164,0.227,0.645996251439556,54.8960712180333,2.23253157689253,-2.61739646282038,11752.7998922979,-3.41553683867816,120.1730401916504,,65.23,112.0038,85.246,16.6138850156371,47.646,2.0371251352841,0.1204378,51.8641165,-0.2022099,109.671241760254,21.6175577222417,23.845
ARG,2019,-0.0847054,-0.781,0.229,9.75102540356465,65.2499452681964,1.48500687570697,-2.00086100285785,9955.97478680428,-2.69506723533574,131.4715934540646,,56.99,115.7333,89.84,14.2100303992191,53.832,2.16668838721926,0.0571577,47.779716,-0.338125599999999,110.460151672363,22.7149996003683,25.842
ARG,2020,-0.1344697,0.698,0.229,-17.4377108754675,68.0983401439473,1.26616924308721,-9.9004848136464,8535.59938004389,-10.3361096878518,166.60730119735476,,39.16,117.774,103.816,14.4151557410245,36.141,1.42962432529499,0.0552501,46.2329181,-0.290549699999999,112.376731872559,24.0669497937937,30.429
ARG,2021,-0.3273298,1.363,0.31,8.45304479532243,51.6176877458835,1.36838083162438,10.4418119882506,10738.0179223384,10.1485599877349,168.30067705253205,,68.14,113.1051,81.043,18.0762892471421,50.942,2.65308888983975,0.0921998,45.651899,-0.303899,115.735778808594,24.0189803057016,23.373
ARG,2022,-0.3402325,-0.641,0.232,4.55692873309846,40.0821942544545,2.3984601182853,6.02074537534855,13962.1894087223,5.79747980169367,167.90513914799786,,94.9,120.698,84.463,17.3855861358427,94.793,,0.0576438,45.7273179,-0.2913485,114.14811706543,23.2797968408073,19.004
ARG,2023,-0.354078399999999,-3.246,0.22,-9.47966739653542,39.9528949452964,3.81190879856952,-1.85578803046339,14261.8465667948,-2.13703473540124,180.44987982177733,4.087062146892655,77.58,120.2663,155.411,19.3822632919135,211.408,,-0.0207671,46.8743591,-0.237773799999999,105.574584297051,22.4431470253428,17.946
ARG,2024,-0.3257079,0.994,0.286,19.8041140748027,39.0583452380588,1.82409522925391,-1.34293072157739,13969.7836603737,-1.68352700528746,221.0156972208821,3.15,76.63,122.893,85.334,15.8378002382311,117.764,,-0.169745999999999,51.156098,-0.2513801,,22.4231386348518,19.228
ARM,2010,-0.671372099999999,-13.622,0.226,26.4999699824954,64.8981549562732,5.7160373406455,2.2000000002151,3041.34450723339,2.91158696816194,119.99545832174232,,79.48,93.0541,39.667,38.8147549853077,9.33,2.65466288053785,0.0171223,60.9259947,-0.4412636,107.732391357422,46.6693687063109,37.517
ARM,2011,-0.677393,-10.44,0.202,14.8982766263115,70.5642908723285,6.44066805582743,4.69999999867412,3349.55309771906,5.28437530828725,153.18591263180687,,94.88,88.7767,42.006,31.9217989798477,4.642,2.92345860143158,-0.142543,60.714175,-0.3869668,94.8774032592773,47.2795797167657,38.08
ARM,2012,-0.6183619,-9.962,0.186,9.13557735883434,69.1932584997682,4.67672759828402,7.20000000096486,3511.56399687426,7.33470454115984,161.96787185362544,,94.05,91.6361,41.225,24.6809527475996,3.107,1.49013408946162,0.0562514,61.2996669,-0.357317599999999,,46.7265421292748,34.299
ARM,2013,-0.5341199,-7.297,0.218,8.60000000000001,73.5435614911053,3.11193185351156,3.3,3680.16692158886,3.37178358702843,136.24820703149317,,97.98,92.7611,40.856,22.1524900726313,5.596,1.09715390175807,-0.0281785,60.2906651,-0.3019861,86.8721923828125,45.7123707423573,35.034
ARM,2014,-0.6390245,-7.75,0.225,6.40000000350811,70.522973244206,3.50211415457343,3.60000000058993,3852.11800610384,3.88187670110254,121.88517901052042,,93.17,95.5876,43.689,21.2830406859193,4.569,0.306948916876512,-0.2358315,56.8089899,-0.414507299999999,86.5204010009766,45.5644503082124,36.376
ARM,2015,-0.6231951,-2.662,0.251,4.8999999940829,80.4154639528465,1.74473701796819,3.19999999896625,3512.39350276709,3.51599547257022,111.18462156014614,,48.66,108.1696,48.702,20.7305301265762,-0.184,0.760031512473456,-0.139264399999999,58.2205668,-0.396324299999999,86.442138671875,44.713284091974,31.854
ARM,2016,-0.580676299999999,-0.957,0.267,21.3000000043358,91.3302217488821,3.16536727816995,0.199999999825991,3524.42476874707,0.611877151180408,119.36261924864752,,43.29,113.0665,56.749,18.0155086734171,-1.172,0.22181770783942,-0.3896011,58.6871784,-0.3080558,,43.737876038607,35.657
ARM,2017,-0.5641041,-1.261,0.303,19.2999999980046,85.7142699282465,2.19257337687685,7.50000000164144,3869.05373867752,7.96544606461424,119.70533874025382,,50.8,112.8101,58.938,18.4217402148728,2.72,0.245815847777951,-0.3015882,59.0556225,-0.3193061,,41.953387777937,37.728
ARM,2018,-0.1642391,-7.228,0.27,5.00000000096964,84.732912100644,2.14204783415544,5.19999999965324,4196.00562301769,5.56850117850011,120.1730401916504,,65.23,112.0038,55.652,22.3997393267701,1.731,1.09866113638474,-0.0038900999999999,59.3615549,-0.218660599999999,83.0249410833595,41.6632765532805,33.62
ARM,2019,-0.0523489,-7.057,0.296,15.9999999981531,86.0748926105104,0.736345856475298,7.59999999853918,4597.22887399548,7.83608438672164,131.4715934540646,,56.99,115.7333,53.673,17.4085294108567,0.7,2.20100166948291,0.0683699,58.9376649,-0.247987899999999,86.8260633029699,38.558798749928,32.613
ARM,2020,0.1056079,-3.998,0.312,-33.5000000004379,105.006642730875,0.463408850763634,-7.19999999920631,4268.68093304583,-7.16866452731679,166.60730119735476,,39.16,117.774,67.362,19.663832943599,3.7,2.42190551071811,-0.2935835,58.1448229,-0.0751786,88.5080298201293,38.907623537019,32.079
ARM,2021,0.0558398,-3.482,0.318,18.5999999974501,104.151886769747,2.64014282794454,5.80000000065645,4685.17997128509,5.77142760758333,168.30067705253205,,68.14,113.1051,63.354,22.9638762261581,7.7,7.05429982361028,-0.5019,57.9730706,-0.1028405,91.4853735120921,35.8547137639461,30.095
ARM,2022,0.0574942,0.333,0.199,59.8999999978197,83.8849419476276,4.99991586140552,12.5999999997766,6571.97445545099,12.3383335576379,167.90513914799786,,94.9,120.698,49.246,22.2551321660516,8.3,,-0.3556235,56.0981042,-0.2386468,91.7106609922965,35.4281537602789,26.691
ARM,2023,0.1046118,-2.309,0.264,35.8000000071736,67.5888031767855,2.39959276465582,8.29999999959539,8159.08720967996,8.47902034166535,180.44987982177733,4.087062146892655,77.58,120.2663,50.723,22.9413054452812,-0.6,,-0.5022441,56.383805,-0.2107914,89.4111027634947,33.974477975018,26.736
ARM,2024,0.1446809,-3.905,0.413,27.6,65.9870950657396,0.506878336560983,5.90000000046228,8556.21406956719,3.48421625230606,221.0156972208821,3.15,76.63,122.893,50.297,23.8327452429021,1.5,,-0.723297299999999,57.0391218,-0.1423943,90.9458714101262,33.4807814964191,26.659
ATG,2010,1.3318853,,0.137,,,7.21860114712015,-7.84050683730972,15217.3950790922,-9.0794536101368,119.99545832174232,,79.48,93.0541,79.398,,2.925,0.0,0.9357643,63.9464709,1.0247303,115.466743469238,,
ATG,2011,1.3295291,,0.703,,,5.4088284644018,-1.95874262217572,14911.7275084471,-3.10800074739414,153.18591263180687,,94.88,88.7767,81.127,,4.044,0.0,0.9304755,63.9634,1.0330986,116.185371398926,,
ATG,2012,1.3246331,,0.424,,,9.14709758740785,3.37314273947959,15639.8078114787,2.27378133147778,161.96787185362544,,94.05,91.6361,76.929,,1.839,0.0,0.9299172,63.7784327,1.0299104,117.228363037109,,
ATG,2013,1.3250051,,0.533,,,7.00759321793992,-0.600982329599361,15051.5113587425,-1.50846791062001,136.24820703149317,,97.98,92.7611,85.38,,1.059,0.0,0.9282114,63.7510173,1.0227841,,,
ATG,2014,0.5405831,-0.038,0.595,,,3.35554163274444,2.19829188738797,15532.1062063584,1.39120573166151,121.88517901052042,,93.17,95.5876,91.887,,1.327,0.0,0.93921,60.8889965,0.5532204,115.270439147949,,
ATG,2015,0.6366369,2.034,0.575,,,7.93223201859466,1.42161997595372,16077.6340769406,0.691094824520249,111.18462156014614,,48.66,108.1696,92.125,,0.9,0.0,0.9161633,58.1167608,0.9093919,117.55770111084,,
ATG,2016,0.6379406,-2.388,0.644,,,6.54079848427652,4.1203675438061,16556.8551801588,3.47228425039911,119.36261924864752,,43.29,113.0665,83.061,,-1.121,0.0,0.7403626,58.1375886,0.9071149,,,
ATG,2017,0.1957295,-7.697,0.517,,,9.85575663347108,2.71272657973627,16965.7288273816,2.1461875762954,119.70533874025382,,50.8,112.8101,88.176,,2.356,0.0,0.614623,58.3079325,0.65568,117.209930419922,,
ATG,2018,0.2262187,-13.994,0.596,,,12.1775193572219,6.71200487159726,18273.4270684912,6.17448976886325,120.1730401916504,,65.23,112.0038,84.333,,1.739,0.0,0.7900001,62.5055435,0.581689,121.685249328613,,
ATG,2019,0.2193663,-6.505,0.66,,,7.75630247071163,3.1722219373937,18896.3721832248,2.67761319425004,131.4715934540646,,56.99,115.7333,81.588,,0.689,0.0,0.9169085,63.9907886,0.5895105,,,
ATG,2020,0.2199155,-15.566,0.663,,,6.82766026835143,-18.8687765208148,15369.6082250401,-19.2945462845167,166.60730119735476,,39.16,117.774,100.465,,2.778,0.0,0.9164728,63.9489596,0.5899858,,,
ATG,2021,0.181489,-17.782,0.674,,,17.8854599675431,8.17286311186622,17348.6006987182,7.58367481372255,168.30067705253205,,68.14,113.1051,92.951,,1.216,0.0,0.9147636,63.7642889,0.5666971,,,
ATG,2022,0.2369304,-15.626,0.421,,,16.3832463643885,9.10780623385958,20105.1989085164,8.53077119658229,167.90513914799786,,94.9,120.698,82.028,,9.25,,1.0787211,62.1881673,0.6200291,107.799908772997,,
ATG,2023,0.2686527,-13.513,0.469,,,14.6092927494913,2.42736300110336,21494.5474000727,1.90488641843235,180.44987982177733,4.087062146892655,77.58,120.2663,76.329,,3.282,,1.0791994,64.6708822,0.6185054,108.880778588808,,
ATG,2024,0.2843876,-7.011,0.561,,,11.1314252318887,3.65638765956977,23542.4526945578,3.15232127757128,221.0156972208821,3.15,76.63,122.893,67.057,,6.0,,1.0731489,64.8713859,0.6017732,,,
AUS,2010,1.9936736,-3.693,0.261,4.70990040781697,,3.08482804330762,2.21004795300735,52313.8939041213,0.632264496011231,119.99545832174232,,79.48,93.0541,20.35,26.697693257066,2.646,8.06660025617252,1.0028093,81.4290591,1.5972921,,10.6374306869352,11.548
AUS,2011,1.9689203,-2.979,0.282,0.851224469596005,,4.67434620832808,2.39473494330615,62799.3895017032,0.981771621515961,153.18591263180687,,94.88,88.7767,24.04,26.3824449207632,2.99,8.72352035944917,0.9549761,83.8768988,1.575215,,10.6224816956753,11.37
AUS,2012,1.9635732,-4.358,0.262,4.6034176992726,,3.70774989384992,3.95247138119184,68301.4402512587,2.15339832775771,161.96787185362544,,94.05,91.6361,27.521,27.6233466177263,2.102,5.29813880381044,0.9876022,85.3016826,1.6348948,,10.1642556565603,11.728
AUS,2013,1.7300796,-3.388,0.296,5.30569495963343,,3.43950309398958,2.65445302592404,68476.6788496118,0.902732553895234,136.24820703149317,,97.98,92.7611,30.466,27.7570773936691,2.647,5.32011574075874,0.9563371,84.5216155,1.6356769,,10.3980090417696,12.22
AUS,2014,1.8631086,-3.086,0.278,6.0748089578464,,4.28599049307814,2.60118978187332,62817.2061751737,1.08218148890933,121.88517901052042,,93.17,95.5876,34.036,26.6111234581966,1.719,4.76093943711509,1.0196126,82.4143865,1.7323447,,10.1205203021911,13.311
AUS,2015,1.8544442,-4.714,0.236,6.89073200842296,,3.456117831131,2.16434780647852,56970.3613028094,0.704511799724457,111.18462156014614,,48.66,108.1696,37.726,26.1669365772477,1.69,3.23765474517452,0.8032474,82.3013543,1.7177851,159.110763549805,10.1963602012578,13.11
AUS,2016,1.7943998,-3.455,0.245,6.41252901080026,,3.54660341826144,2.75564065529868,50084.4440606385,1.16312811538609,119.36261924864752,,43.29,113.0665,40.621,25.3483902403269,1.385,4.08098789525561,0.9540785,83.4731725,1.7288287,155.594390869141,10.4038369950611,12.642
AUS,2017,1.7942938,-2.835,0.281,5.49939893525675,,3.62158795648508,2.29331030192918,54117.547718609,0.62251098729871,119.70533874025382,,50.8,112.8101,41.195,24.0798824498086,2.095,5.06804774011339,0.7831479,83.6562582,1.6237004,153.576126098633,9.98297045286625,12.592
AUS,2018,1.7686469,-2.569,0.276,4.12616815583984,,4.23450805251819,2.87417039499501,57410.1737346009,1.3466306507712,120.1730401916504,,65.23,112.0038,41.758,24.5546475824653,1.695,5.22752063881788,0.8840942,83.6957403,1.6358922,136.105545043945,9.76474000840711,11.935
AUS,2019,1.7864413,-0.021,0.304,3.9206091881608,,2.77077560426989,2.19401703622717,55194.7585097428,0.695209563773375,131.4715934540646,,56.99,115.7333,46.72,23.2971815966264,1.842,5.74886126457436,0.8454141,83.9863619,1.6342612,144.056564331055,9.82873725665,11.452
AUS,2020,1.6038237,1.734,0.339,-1.70816096276796,,1.34826011276187,-0.133531904304775,51983.4523666382,-1.35774770320791,166.60730119735476,,39.16,117.774,57.092,22.3449300806534,0.861,6.09315865556076,0.8859397,82.7534122,1.5521387,137.490737915039,9.62077427345308,14.142
AUS,2021,1.6770561,2.396,0.375,-8.50710519670336,,2.01542405903096,2.00694844335034,60758.9044397144,1.86332687000336,168.30067705253205,,68.14,113.1051,55.537,22.8801883097412,3.672,13.3578752832739,0.8536507,83.0307116,1.5701838,135.526565551758,9.59602083427141,11.134
AUS,2022,1.7288156,0.372,0.326,-0.33455445710176,,4.05215286724898,4.25304559238732,65169.5191118657,2.91752727950202,167.90513914799786,,94.9,120.698,50.222,23.6997957124432,7.825,,0.9015353,83.2556593,1.471946,133.277267456055,9.37931001488805,8.468
AUS,2023,1.8057703,-0.295,0.309,6.71522800892903,,2.03614704389564,3.58382100798981,65058.3773146674,1.09251403364293,180.44987982177733,4.087062146892655,77.58,120.2663,48.973,23.873104248989,4.049,,0.9254365,83.4581518,1.5031839,134.099243164062,9.25879255732326,8.388
AUS,2024,1.8520196,-1.927,0.306,3.78141612406027,,3.03883928325354,1.37340773365975,64603.9856308464,-0.62779626326919,221.0156972208821,3.15,76.63,122.893,49.828,24.323541758006,2.423,,0.7932693,82.026233,1.4704014,131.931564331055,9.18719099926964,9.408
AUT,2010,1.6674975,2.873,0.059,13.1310742568079,,-5.64539670207833,1.80898243043663,46611.1393420232,1.56453337880819,119.99545832174232,,79.48,93.0541,83.654,22.8592812354211,2.182,0.216291377827594,1.2601717,80.5730385,1.7638238,100.263969421387,11.3339723954727,9.673
AUT,2011,1.5778123,1.641,0.061,5.93536142786806,,5.35812778038962,2.92746800169145,51116.8953522042,2.5811033185299,153.18591263180687,,94.88,88.7767,83.356,24.3521600435893,3.395,0.244690493569111,1.2207577,79.3288421,1.6684956,99.6729583740234,10.694142700634,9.173
AUT,2012,1.3720899,1.492,0.059,1.43769207737525,,1.2830027920872,0.628246239479637,48250.4059142637,0.170488694211613,161.96787185362544,,94.05,91.6361,82.935,24.2558827220405,2.913,0.238508218256069,1.3019271,78.9805335,1.7025891,100.108726501465,10.3938915067999,9.561
AUT,2013,1.4466859,1.748,0.06,0.632692932188903,,-0.302633479129545,-0.250726423318454,50305.3545774973,-0.836906795346636,136.24820703149317,,97.98,92.7611,82.431,23.9413047862951,1.987,0.218675365631407,1.287147,77.2170032,1.7373053,101.173210144043,10.529302353387,9.767
AUT,2014,1.4211309,2.397,0.06,2.85529731190945,,0.389557041234778,0.755798850316665,51314.9722616322,-0.0285805465757676,121.88517901052042,,93.17,95.5876,85.21,23.848669034824,0.807,0.191846540562628,1.3377971,75.6611857,1.7758935,101.304809570312,10.4007369432489,10.508
AUT,2015,1.4914799,1.577,0.061,3.02656748041241,,-1.80409511056007,1.30352331826198,43915.228020857,0.174259722821304,111.18462156014614,,48.66,108.1696,85.615,24.012126686949,1.071,0.134711076032329,1.1389655,75.0857528,1.7816313,101.411582946777,10.2087792165021,10.91
AUT,2016,1.5179793,2.574,0.061,2.99287644635618,,-7.23989904197038,2.11721964494312,45061.4993920192,1.01887723192984,119.36261924864752,,43.29,113.0665,83.419,24.4571707244108,1.585,0.111042441021613,0.8951862,76.8100422,1.7942461,100.227989196777,9.83301455145515,11.424
AUT,2017,1.5672466,1.264,0.061,4.89955416614674,,3.38180275607348,2.27224992038207,47163.7425775142,1.56430689663536,119.70533874025382,,50.8,112.8101,79.057,24.9780618382281,2.331,0.121957004315667,0.9266955,77.262734,1.7738843,100.337898254395,9.38495596861514,9.971
AUT,2018,1.6348091,0.846,0.068,5.15093378840152,,-6.15119207172195,2.48422114080024,51194.0749841299,1.98626296400239,120.1730401916504,,65.23,112.0038,74.586,25.8982762235252,1.715,0.140755073164382,0.8440814,79.0042947,1.7989463,100.692596435547,9.12127558183906,9.572
AUT,2019,1.607711,2.376,0.069,4.03526794580915,,-2.85255617561831,1.75497619649288,49885.9947355204,1.30350317565873,131.4715934540646,,56.99,115.7333,71.006,25.5090080970816,1.827,0.110022913288221,0.7878108,79.4483832,1.8098146,101.543632507324,8.88849698883418,8.767
AUT,2020,1.6059221,3.367,0.065,-10.4888890358844,,-2.76332070661681,-6.31825509209936,48716.4098900349,-6.70639361073974,166.60730119735476,,39.16,117.774,83.183,25.6530737541266,1.012,0.07085049948111,0.8186312,78.1052433,1.7481079,101.690559387207,8.99178926481383,10.325
AUT,2021,1.3601171,1.735,0.065,9.50814165153669,,3.95409878611296,4.92309171717903,53648.6437976214,4.4669658436443,168.30067705253205,,68.14,113.1051,82.395,27.6569430631097,3.789,0.117855774382781,0.7543747,77.7026825,1.7167011,102.307662963867,8.76606320213368,12.023
AUT,2022,1.3678343,-0.862,0.065,9.44574955082808,,3.0221599256451,5.33096379400371,52336.7725223758,4.32849751156559,167.90513914799786,,94.9,120.698,78.344,29.2367940014427,10.54,,0.6005165,76.9614999,1.6419642,101.458000183105,8.18266106209311,10.327
AUT,2023,1.3200882,1.339,0.07,-0.629180915716077,,0.566112370322707,-0.786244288594673,56579.504175468,-1.76308859891033,180.44987982177733,4.087062146892655,77.58,120.2663,78.404,26.0041363951547,5.653,,0.7016405,77.1335739,1.6577235,100.504371643066,7.89303332366762,10.98
AUT,2024,1.2944469,2.421,0.075,-2.29201423265634,,2.55351579610657,-0.659089573171372,58268.8787651601,-1.15937778694629,221.0156972208821,3.15,76.63,122.893,81.206,23.5771489456415,2.134,,0.4915979,76.1709511,1.6777399,100.622657775879,7.86642899435777,10.428
AZE,2010,-1.2337448,28.425,0.873,24.1995014126276,14.6468541228462,6.337255132933,4.78883248761557,5843.5337683582,3.54945543779385,119.99545832174232,,79.48,93.0541,4.981,18.0595784763923,7.918,27.8844974121657,-0.3145012,47.5533298,-0.7874494,83.0853181521079,55.9698653033254,14.64
AZE,2011,-1.1630943,25.998,0.893,3.59495493787011,12.5683717083814,6.80050011965746,-1.5729973511111,7189.81869211976,-2.84718268648209,153.18591263180687,,94.88,88.7767,4.967,20.2678468568795,5.624,32.878647863762,-0.6570897,47.8930494,-0.760613499999999,82.9176205382172,57.5386634407561,14.52
AZE,2012,-1.1735441,21.406,0.865,2.19999969347569,16.5157223576325,7.59651867931835,2.20293891708398,7495.86527658099,0.85388594737168,161.96787185362544,,94.05,91.6361,5.831,22.3167232028526,-0.26,29.0119697503912,-0.683856599999999,47.1444037,-0.7516124,82.762274922741,57.1286972828041,13.974
AZE,2013,-1.0027032,16.609,0.86,1.49999981202413,15.0367742964424,3.53211598676051,5.84341590483928,7875.34536661549,4.48320316777964,136.24820703149317,,97.98,92.7611,6.179,25.6579354439517,3.524,25.5323883349298,-0.483763999999999,48.7124189,-0.6655226,83.1376553563209,56.4352439885177,13.478
AZE,2014,-1.1217641,13.864,0.86,-1.09729714940593,16.5803142224794,5.88846176710651,2.79758521448559,7890.84028062087,1.52243135535144,121.88517901052042,,93.17,95.5876,8.533,27.5100357372221,-0.145,22.5181229967843,-0.433564,50.4938481,-0.6478778,83.4386600193183,56.7178915097316,13.415
AZE,2015,-0.9367808,-0.42,0.768,,25.6506623442435,7.62606837682972,1.04954641215085,5500.50364628486,-0.147024760133903,111.18462156014614,,48.66,108.1696,17.98,27.9135711658698,7.58,14.4439997922585,-0.4941808,50.7335643,-0.7053728,84.8098586425184,55.350505621417,13.363
AZE,2016,-0.752306599999999,-3.604,0.81,,40.6551613615557,11.8828171505465,-3.06359842251706,3880.6852276838,-4.14117487259738,119.36261924864752,,43.29,113.0665,20.608,25.6813382496045,15.669,14.7854023448198,-0.5043466,51.4454594,-0.6732404,86.5856935803605,55.0501782403119,12.925
AZE,2017,-0.8585937,4.071,0.821,,38.9047105034808,7.01669598350389,0.153614661745507,4147.1981423222,-0.824348468311783,119.70533874025382,,50.8,112.8101,22.509,24.3789256985575,7.938,19.6746501247433,-0.455635299999999,51.9392436,-0.7127751,89.2625164667822,55.1200615079564,12.389
AZE,2018,-0.9065044,12.844,0.829,,36.7062470497771,2.97797589143235,1.50040167167313,4739.7943123408,0.62488437469257,120.1730401916504,,65.23,112.0038,18.685,20.1294761024821,1.519,27.6209320144449,-0.3567438,51.7004974,-0.6533544,108.488781124,55.1666537127637,11.637
AZE,2019,-0.7550887,9.061,0.781,,35.4882895436333,3.12183056112494,2.47980879185565,4805.75371765917,1.61582943287135,131.4715934540646,,56.99,115.7333,17.656,20.3077798481492,2.362,23.4349054129318,-0.3373117,53.2144403,-0.6725504,107.863960509557,55.1658690396931,11.475
AZE,2020,-0.7598072,-0.533,0.716,,38.6218709117582,1.18790387182911,-4.19896065333343,4229.91064904503,-4.85235140794201,166.60730119735476,,39.16,117.774,21.327,23.6659543305763,2.615,13.0027347945894,-0.5087721,53.1975112,-0.6182094,91.365513501165,54.9686291288053,15.129
AZE,2021,-0.775813299999999,15.124,0.63,,29.0146661756027,-3.11473447263613,5.61644027150554,5408.04535175023,5.15148935903709,168.30067705253205,,68.14,113.1051,26.349,17.0785981597198,11.994,29.9383945565987,-0.4888287,53.9246857,-0.608585199999999,91.4106367606057,54.474235817507,14.675
AZE,2022,-0.8302212,29.792,0.622,,21.0241211321362,-5.67773710614177,4.71468033247649,7770.594223351,4.673317967871,167.90513914799786,,94.9,120.698,17.324,12.0037141895326,14.357,,-0.542048099999999,53.9065375,-0.5484749,90.9530364179442,54.3428702003442,13.616
AZE,2023,-0.881959199999999,11.5,0.596,,21.615448196512,0.349083720733803,1.35447749115767,7133.02838048328,1.23267992863603,180.44987982177733,4.087062146892655,77.58,120.2663,21.807,17.7431851628057,2.092,,-0.4004143,55.5445036,-0.5160585,92.7402972401367,54.2004925396543,13.581
AZE,2024,-0.775077799999999,7.835,0.589,,17.0427856612147,0.311206693209432,4.07140205008956,7283.8499076179,3.5728955022992,221.0156972208821,3.15,76.63,122.893,20.85,21.0824224099037,4.9,,-0.1404058,56.9902493,-0.4853711,91.1228035886648,54.0332907843918,13.544
BDI,2010,-1.2408811,-12.238,0.598,,30.7174205499981,0.0384119130803942,5.09373697323055,216.727705301976,0.287652254263818,119.99545832174232,,79.48,93.0541,46.912,,4.078,23.8533757417192,-1.6874837,38.6982323,-1.2592986,23.7647094726562,86.998386174983,2.3
BDI,2011,-1.2549651,-14.473,0.518,,27.2753185367529,0.150057243665302,4.02442793864228,230.069761381132,0.368535841377152,153.18591263180687,,94.88,88.7767,42.706,,14.864,24.9891589486881,-1.84318419999999,39.4934194,-1.2594938,26.7943801879883,86.9381200861101,2.405
BDI,2012,-1.3979996,-18.592,0.494,,28.5334432668174,0.0259911934949934,4.42303118490126,231.098787811507,0.762376963720541,161.96787185362544,,94.05,91.6361,41.43,,11.828,17.5501999315408,-1.9079102,40.2652191,-1.1556781,29.5732898712158,86.8255774927058,2.539
BDI,2013,-1.3468046,-20.613,0.655,,27.7256926440413,4.7612156740524,4.92392485117456,234.844770150871,1.2220776240641,136.24820703149317,,97.98,92.7611,37.858,,9.017,17.7328553188701,-1.67571539999999,39.4826444,-1.16960589999999,34.2124507321275,86.6975231005543,2.71
BDI,2014,-1.2665737,-15.847,0.573,,25.6132540353277,3.38973967159169,4.24490803087248,250.544492155185,0.765722877623617,121.88517901052042,,93.17,95.5876,37.971,,3.745,17.4547483367972,-1.06174299999999,41.3054989,-1.1036389,40.2641258748146,86.5542057118003,2.927
BDI,2015,-1.2586575,-11.529,0.491,,20.1955195118146,0.264702987630016,-0.404525595204191,254.402585226788,-2.63843207790325,111.18462156014614,,48.66,108.1696,39.926,,7.109,15.5344531520944,-2.03645089999999,41.0247897,-1.3206989,43.9351929825496,86.1758448110596,2.681
BDI,2016,-1.2905502,-11.061,0.477,,22.8401921043702,0.0021047272647444,3.20017470604286,232.937812100153,1.43842311150118,119.36261924864752,,43.29,113.0665,46.119,,9.551,19.1016499815056,-2.106715,40.7826274,-1.40329029999999,47.4715342848197,85.800721928781,2.456
BDI,2017,-1.31264049999999,-11.776,0.434,,22.3269256387722,2.30701019619549,3.83185756925806,246.060725714184,1.41976303921598,119.70533874025382,,50.8,112.8101,46.902,,9.465,18.5076749744059,-2.0904201,41.3901126,-1.32741439999999,48.2243487332289,85.4434159482099,2.225
BDI,2018,-1.46464249999999,-12.815,0.445,,22.2147815852055,0.228727114717487,5.3422447312502,245.661678332009,2.20950781918904,120.1730401916504,,65.23,112.0038,52.971,,-5.519,13.4317629933204,-1.62367939999999,39.4725223,-1.3842373,46.330394174756,85.0882632896767,1.993
BDI,2019,-1.4706435,-11.57,0.535,,24.3310399153694,1.05451097508345,4.45934202358784,234.31061590725,1.08494176938687,131.4715934540646,,56.99,115.7333,60.053,,4.678,13.1274376353104,-1.66929629999999,40.2556522,-1.3300858,41.8352417514484,84.7377561639709,1.754
BDI,2020,-1.3529714,-11.227,0.472,,24.9628147442442,0.656677740998658,0.306443809481593,255.8324539389,-2.56910007625271,166.60730119735476,,39.16,117.774,65.9,,8.04,13.8475521568267,-1.49526809999999,38.8207368,-1.32121199999999,44.9151717353101,84.3286574301882,1.69
BDI,2021,-1.390618,-11.857,0.406,,35.0577385162281,0.650589004531073,3.23707479823578,264.980379269655,0.462596741612089,168.30067705253205,,68.14,113.1051,66.467,,10.043,13.9570339894077,-1.37835589999999,39.0907215,-1.3122824,,83.781812737099,1.772
BDI,2022,-1.3235206,-15.851,0.397,,28.2437372763755,0.625576918322977,2.31770122223331,302.992505263552,-0.413741363752337,167.90513914799786,,94.9,120.698,68.279,,26.619,,-1.28089529999999,40.3473772,-1.32171369999999,,83.7816742288047,1.705
BDI,2023,-1.29205449999999,-14.915,0.454,,39.0377219531154,0.990959506801914,3.254768974261,250.627253097255,0.476410171242918,180.44987982177733,4.087062146892655,77.58,120.2663,47.216,,20.203,,-1.2840156,40.9409173,-1.30785589999999,,83.7853771767574,1.7
BDI,2024,-1.46248849999999,-13.562,0.443,,47.1269669797444,1.08105925624791,4.11227376264944,219.424830882698,1.45654027332857,221.0156972208821,3.15,76.63,122.893,43.178,,36.361,,-1.3763566,42.0271013,-1.3028277,,83.7288396480612,1.695
BEL,2010,1.4956315,1.623,0.085,10.4347570118112,,26.0596407490286,2.71031150254662,44197.393671162,1.77618341639121,119.99545832174232,,79.48,93.0541,100.245,22.3942744569467,3.382,0.046971721948549,0.9164492,72.7047288,1.2316759,160.66047668457,11.2169351101363,22.391
BEL,2011,1.5664836,-1.926,0.093,4.82059627301174,,31.0366884311298,1.93115502411325,47760.8298776546,0.613616927857308,153.18591263180687,,94.88,88.7767,102.735,24.4795580355563,3.185,0.0658456068279226,0.9302398,71.6444808,1.2689293,159.349304199219,11.1961464245777,18.724
BEL,2012,1.4862037,-0.081,0.098,-0.668885526584745,,2.36956900950954,0.215803612089744,44874.1709182123,-0.403775116080638,161.96787185362544,,94.05,91.6361,104.335,23.5882360674433,2.082,0.0633726115847057,0.9449853,72.2228614,1.313828,160.110534667969,11.1800307829145,19.738
BEL,2013,1.5003188,0.951,0.103,0.280390334328473,,-5.65561784857252,0.305494549070232,46964.5946777056,-0.166173060728624,136.24820703149317,,97.98,92.7611,105.021,22.7089453730117,1.167,0.0591221259863187,0.9488863,72.5424834,1.3339446,161.845886230469,11.7679995990123,23.689
BEL,2014,1.5150458,0.768,0.101,5.31972100241968,,-2.82643623555084,1.76554038149924,47995.7786961339,1.31477462306464,121.88517901052042,,93.17,95.5876,106.524,23.2582959776352,-0.391,0.0681065559752469,0.786586,69.6027695,1.3600975,162.421981811523,11.4119763142117,23.225
BEL,2015,1.5244457,1.387,0.09,3.66974900432082,,-4.23261410354123,1.47416433731927,40893.804537772,0.887876358046185,111.18462156014614,,48.66,108.1696,105.525,23.3223676294346,1.45,0.0352518039794327,0.6581707,73.4163905,1.4251797,164.079818725586,11.8331425031293,22.125
BEL,2016,1.5450402,0.554,0.093,6.14455725776403,,12.1319420227113,1.19350273007754,41854.5498296444,0.682454832714654,119.36261924864752,,43.29,113.0665,105.404,24.1815766017974,2.204,0.0303780062977737,0.4864269,75.7427933,1.4372251,160.689270019531,11.5346780240955,20.108
BEL,2017,1.4425342,0.701,0.094,5.51627729650733,,-7.4442379017663,1.47446761556785,44035.3239358548,1.08431151262542,119.70533874025382,,50.8,112.8101,102.4,24.3318331321638,2.059,0.0371502006793434,0.3647602,74.9044429,1.377531,158.670288085938,11.2481162271304,19.236
BEL,2018,1.4543603,-0.915,0.094,1.54494881975641,,-7.66649538713467,1.87796847383565,47487.2100392561,1.41528937457539,120.1730401916504,,65.23,112.0038,99.977,25.5515767637203,2.198,0.0484487814693338,0.4247021,74.8669275,1.4207604,156.509765625,11.3249224721346,15.748
BEL,2019,1.4973857,0.124,0.101,2.93656163408345,,-1.97252997818915,2.4428900448156,46716.6227467964,1.89071932044187,131.4715934540646,,56.99,115.7333,97.461,24.6756822316808,0.922,0.0422427798272169,0.3774033,75.1924417,1.4493311,156.635375976562,11.4287139671142,14.236
BEL,2020,1.5662608,0.887,0.108,-5.95786444713187,,-5.69020542304612,-4.7929839083518,45906.2875805246,-5.20244011003201,166.60730119735476,,39.16,117.774,111.098,24.068567845367,0.351,0.0284876381171316,0.3686413,75.7413392,1.4533249,151.727508544922,12.0079997422103,15.326
BEL,2021,1.5502151,1.834,0.126,14.6518070051912,,5.6774240968721,6.25445686466593,51658.238294958,5.8180102265206,168.30067705253205,,68.14,113.1051,108.37,24.4470278661753,6.592,0.0448914290094104,0.461917,76.8702874,1.4052126,143.163513183594,11.1278951534833,18.206
BEL,2022,1.5774306,-1.314,0.142,3.05111415929372,,2.22243107053374,3.9562379757933,50605.7496677086,3.11948540770641,167.90513914799786,,94.9,120.698,102.555,27.2864808356038,10.213,,0.2465264,77.0684112,1.3398087,142.918075561523,11.6307275986444,16.41
BEL,2023,1.467016,-0.688,0.117,-7.15101995291019,,-0.652181403274143,1.71412195515242,55291.4754541329,0.852949954251983,180.44987982177733,4.087062146892655,77.58,120.2663,103.121,25.3195552348258,0.532,,0.1994126,75.2301559,1.2719977,142.960266113281,11.2062097881447,16.119
BEL,2024,1.4687812,-0.853,0.119,-1.69977697019999,,-6.1601989579997,1.07045413019414,56614.5679499036,0.400004034972383,221.0156972208821,3.15,76.63,122.893,104.468,24.4957130083941,4.414,,0.1214526,74.4753152,1.282799,,11.1420404644543,17.343
BEN,2010,-0.4991988,-5.567,0.381,4.79778894126548,24.0894770387043,0.561144747750256,2.11406472648392,973.244254931526,-0.888244805144353,119.99545832174232,,79.48,93.0541,21.0,15.608089212583,4.018,3.42232994008176,0.3130091,48.2460327,-0.3935015,,83.8616063719703,2.138
BEN,2011,-0.4955475,-4.833,0.358,-9.7106909750689,20.5140515513214,1.50844050539908,2.96375291904201,1059.41358852588,-0.0571230167535077,153.18591263180687,,94.88,88.7767,21.86,16.4625572802737,1.812,3.47893234434337,0.3444706,47.5724795,-0.4510183,45.7294692993164,83.7602116727129,5.448
BEN,2012,-0.677392,-5.178,0.331,24.0956971768593,24.1126154231862,2.52705777310103,4.811223315688,1071.5258366283,1.74647753021327,161.96787185362544,,94.05,91.6361,19.54,15.276312739626,6.785,3.92162835813785,0.3524209,46.3197256,-0.427510399999999,,83.6427278353874,4.725
BEN,2013,-0.573860199999999,-5.379,0.33,22.7322185106604,24.6839696449673,2.87863747120321,7.19143372144946,1168.92699279226,4.076668026964,136.24820703149317,,97.98,92.7611,18.504,18.86187234768,-1.849,3.56116585676154,0.3313874,45.8641918,-0.4894608,52.0378494262695,83.4485053544751,3.956
BEN,2014,-0.6075837,-6.668,0.333,24.9426904491939,27.5787746951688,3.054209933397,6.35767909791932,1204.39918670094,3.26077217060734,121.88517901052042,,93.17,95.5876,22.282,19.2575856279899,-0.714,3.70461552370497,0.1371161,46.0716774,-0.4784921,52.5952682495117,83.2375636037583,3.608
BEN,2015,-0.5072447,-5.964,0.345,-20.095907018424,31.8337413318005,1.31501182124746,1.77815106030278,1002.41886879614,-1.18432043750336,111.18462156014614,,48.66,108.1696,30.9,20.731792085746,2.257,4.30030313599698,0.117506,46.3710647,-0.4157073,55.1333084106445,83.0559753050062,3.418
BEN,2016,-0.433568399999999,-2.997,0.359,13.4812801388143,35.5161661575197,1.11488130998834,3.33967342629693,1010.5338961993,0.361166139903119,119.36261924864752,,43.29,113.0665,35.923,20.2720396046954,-2.761,4.4537224695981,0.2420032,47.4753859,-0.3859257,55.2945899963379,82.8341870245721,3.237
BEN,2017,-0.402134,-4.181,0.382,7.0,38.8078591798797,1.58170495191393,5.67156195150444,1054.97408066814,2.67041720047298,119.70533874025382,,50.8,112.8101,39.598,23.9604222292501,2.957,4.09835325309901,0.3155886,47.65019,-0.3899186,,82.5652532589345,2.981
BEN,2018,-0.292142199999999,-4.553,0.39,4.99999999999999,48.5044887424269,1.36073573251591,6.69725362180888,1151.7409703472,3.73701554279164,120.1730401916504,,65.23,112.0038,41.08,26.3865130249513,-0.133,2.60830727598415,0.1649971,47.7352989,-0.4319457,,82.2529102241123,2.621
BEN,2019,-0.2398967,-4.0,0.409,8.61455786939371,48.4523108206094,1.51620780888962,6.86568662848335,1130.82135339795,3.98211326561793,131.4715934540646,,56.99,115.7333,41.23,25.6298005790604,0.357,2.46799590195586,-0.197976799999999,47.1388853,-0.395343799999999,,81.9076739365036,2.302
BEN,2020,-0.0352655,-1.746,0.395,-24.9650056342879,54.7130728796589,1.10934414138144,3.84879240030133,1200.19426557789,1.12020264806804,166.60730119735476,,39.16,117.774,46.142,25.6338435081567,1.064,2.42798483756811,-0.283192699999999,47.9807811,-0.393457699999999,43.9858703613281,82.1676930663402,2.96
BEN,2021,-0.1642663,-4.154,0.437,12.5505962333322,59.6659345183529,1.95608661099463,7.1554516457574,1318.65158075198,4.41335435119757,168.30067705253205,,68.14,113.1051,50.288,28.8506183177663,4.999,2.30442028320417,-0.4106645,48.8810138,-0.3852134,44.2737998962402,80.7635209470087,3.242
BEN,2022,-0.1108108,-6.001,0.461,14.4732896924201,63.163660783078,2.15770537478617,6.25294705373625,1266.42711031904,3.58043408047179,167.90513914799786,,94.9,120.698,54.187,31.1483716430973,2.783,,-0.4373008,50.352593,-0.468466,43.5606498718262,79.5320545684629,3.13
BEN,2023,-0.1047671,-8.18,0.421,4.29943452113815,64.4103774213458,2.25158090881957,6.3527773854442,1394.17784721831,3.70332512754182,180.44987982177733,4.087062146892655,77.58,120.2663,54.904,34.5306621756362,0.434,,-0.3096247,51.1412381,-0.390917399999999,,79.2295047303335,3.09
BEN,2024,-0.2407154,-6.419,0.423,4.38037865748709,66.5543408193995,2.5276563137227,7.45311566226201,1485.38018885134,4.84017869082697,221.0156972208821,3.15,76.63,122.893,54.033,35.0616847972117,-0.357,,-0.4030099,50.4899699,-0.4124793,,78.9223077483473,3.089
BFA,2010,-0.381726199999999,-1.797,0.546,43.1735257379827,49.0210269923812,0.384492219825665,8.44628157707625,624.957252224766,5.31934915891263,119.99545832174232,,79.48,93.0541,22.668,21.9904340000138,-0.261,11.0860921412972,-0.3146407,52.368589,-0.225212499999999,21.1780201888507,80.8078833988332,5.921
BFA,2011,-0.347665399999999,-1.328,0.626,23.5107276715505,51.5649433752892,1.19074493368624,6.62256261306693,725.024767725475,3.51633623623128,153.18591263180687,,94.88,88.7767,28.4,22.1235118043343,5.06,13.6361933357251,-0.6837156,51.819742,-0.4159968,23.1764371916742,80.7717657551426,6.114
BFA,2012,-0.375203,-1.292,0.723,0.197620287445034,60.7622601114067,2.62145990530181,6.45267237953146,731.470138867833,3.28878346500349,161.96787185362544,,94.05,91.6361,25.211,24.6529928973207,1.674,12.4016028413011,-0.6478491,50.974796,-0.361949099999999,25.2399681000378,80.7736607557773,6.21
BFA,2013,-0.4520066,-10.008,0.642,19.4523343945191,68.3909839730337,3.64766773141753,5.79258484509867,759.762065168498,2.66508275857795,136.24820703149317,,97.98,92.7611,25.901,23.7099150061433,0.12,10.7523406528446,-0.7949543,50.6912842,-0.511934,27.6008880705968,80.7933698090045,6.525
BFA,2014,-0.4450109,-7.165,0.603,6.56240514986992,77.2449730208755,2.56255154786841,4.32684561452976,764.861675106225,1.27047655599692,121.88517901052042,,93.17,95.5876,26.086,19.2622491931648,-0.149,10.3109055603822,-0.699829399999999,49.2997245,-0.5499377,29.5668744354491,80.7951997210481,6.835
BFA,2015,-0.3288238,-7.568,0.638,1.54935551921773,111.588257916983,1.95992715697747,3.9212287937935,630.124750752312,0.888259827767996,111.18462156014614,,48.66,108.1696,31.252,19.4066997164243,2.867,11.6328502278275,-0.6795154,48.2506585,-0.5251363,32.8931343608996,80.817784226981,7.162
BFA,2016,-0.2212838,-6.08,0.656,2.61647660228735,83.6087932611822,3.04380349897538,5.95797670754024,663.742364842886,2.9035090911533,119.36261924864752,,43.29,113.0665,32.854,20.7955479484027,-0.302,12.6155172354896,-0.9073878,48.1551278,-0.486524199999999,34.9336280775566,80.829109098257,7.383
BFA,2017,-0.1525315,-5.034,0.652,8.54510612049756,94.0623582632253,0.0182370342122821,6.20348941121868,709.091535894695,3.21640521697573,119.70533874025382,,50.8,112.8101,33.885,22.0618365902649,1.64,12.3099089646115,-0.855665599999999,48.3034391,-0.4398187,37.1627510802261,80.8230232927942,7.53
BFA,2018,-0.1575363,-4.179,0.692,15.1977068391316,69.0514156278439,1.68919942943091,6.60456906812341,777.465618514048,3.76772678322459,120.1730401916504,,65.23,112.0038,38.114,21.7391048190018,0.336,8.87619594401664,-0.961889999999999,48.1794332,-0.406209,39.6278467471779,80.795201571007,7.638
BFA,2019,-0.2008751,-3.255,0.719,0.139532988059244,59.7717694385558,1.0164787373679,5.88920497068135,764.853077774946,3.24391866186016,131.4715934540646,,56.99,115.7333,41.734,19.7578680144889,-2.556,8.32797318460633,-1.19570659999999,47.4892395,-0.408522599999999,40.0770460332282,80.7952050630334,7.432
BFA,2020,-0.2018274,4.173,0.834,11.8956778626508,57.1113882568484,-0.557279533533573,2.01077262406221,825.237038782475,-0.443420002406739,166.60730119735476,,39.16,117.774,43.637,17.1615174265995,2.318,9.17782687692865,-1.4159765,46.9913642,-0.418916099999999,39.2540084845692,82.1006632824973,7.978
BFA,2021,-0.2024751,0.391,0.802,13.3933751808187,55.0365504706363,-0.405926078113797,6.94252492572348,895.535288442991,4.43100540861892,168.30067705253205,,68.14,113.1051,55.369,15.5079014507343,8.198,20.1354014379911,-1.5801637,47.623265,-0.401084599999999,38.1480312365517,81.3079684620804,7.642
BFA,2022,-0.2342071,-7.183,0.74,-7.0426285961711,54.9423521840175,3.59640793567206,1.62673258211919,827.330843486661,-0.693015914774818,167.90513914799786,,94.9,120.698,56.369,18.0585053758947,9.328,,-1.82102069999999,47.0137659,-0.6266501,33.6212866168282,80.7951990517066,6.722
BFA,2023,-0.2479719,-8.638,0.791,-3.76461937378593,53.7746197762312,0.544129932348491,3.00027415814125,873.482589651003,0.688770925071964,180.44987982177733,4.087062146892655,77.58,120.2663,52.657,20.4019181340469,1.055,,-2.0423169,47.2564533,-0.7145087,30.8551216331757,80.7952002997066,6.569
BFA,2024,-0.2525569,-6.395,0.784,-4.22036949001527,48.7617444251463,0.358681465803854,4.79980951667159,981.992649769081,2.47226549746027,221.0156972208821,3.15,76.63,122.893,52.686,21.9339346887971,4.9,,-1.9063314,46.5739404,-0.883858599999999,29.9905774531085,80.7952074169716,6.525
BGD,2010,-1.0218466,2.346,0.404,0.941532178257205,21.3233746649766,1.06896766308322,5.57178818533122,757.385280361508,4.65046297355514,119.99545832174232,,79.48,93.0541,29.623,26.2466561760577,8.702,1.41590969915937,-1.4437712,41.663854,-0.8477644,49.5031106793162,62.1114634809614,6.289
BGD,2011,-1.0523775,-1.445,0.407,29.3391247520474,19.4870042621521,0.983399364184761,6.46437912497728,837.336944695647,5.501503282369,153.18591263180687,,94.88,88.7767,29.393,27.4209733686034,10.044,1.58942506825245,-1.4544464,41.818335,-0.6998395,49.7515496494472,61.2768062357384,7.429
BGD,2012,-1.12133289999999,-0.28,0.399,12.5322586852075,20.1641903015642,1.18850391920183,6.52145877906443,859.680536375497,5.50548020192592,161.96787185362544,,94.05,91.6361,29.078,28.2623350097187,5.546,1.55456977469424,-1.4690337,39.4260092,-0.9887756,51.6718482971191,60.4298109620797,8.538
BGD,2013,-1.1326018,1.329,0.404,2.45188433657668,20.0259278722599,1.73532012481503,6.01360565834344,958.262989798283,5.02341839695075,136.24820703149317,,97.98,92.7611,28.344,28.3896207536466,8.049,1.15168388504547,-1.771799,39.8878863,-0.9749211,55.6214332189314,59.5723857040062,9.674
BGD,2014,-1.1845563,0.679,0.405,3.20114927203254,19.1263744321957,1.46870305074204,6.0610593588495,1094.46199702838,5.09905460197942,121.88517901052042,,93.17,95.5876,28.683,28.5778757115563,6.966,1.0471807482358,-1.0510112,40.7237543,-0.851857499999999,,58.7487925119881,10.122
BGD,2015,-1.0798121,1.23,0.409,-2.8299901671938,18.656464728563,1.4507824552936,6.55263987816197,1224.38647668165,5.60449539732434,111.18462156014614,,48.66,108.1696,28.206,28.886689247008,6.253,0.899813880185078,-1.331635,42.6114025,-0.856926099999999,59.4217414855957,57.902961981056,10.561
BGD,2016,-1.0667924,1.607,0.407,2.19674964507223,14.9717904789002,0.879528340271998,7.11347821270093,1649.28380858601,6.16181560014782,119.36261924864752,,43.29,113.0665,27.72,30.2397639179985,5.531,0.716140756665905,-1.3416192,42.8886546,-0.9068902,64.1664546117285,57.0356746745533,10.956
BGD,2017,-1.062185,-0.453,0.405,-1.8432808163076,16.8057450414319,0.616341784631384,6.59024999794057,1811.08221668646,5.68710307010265,119.70533874025382,,50.8,112.8101,28.306,30.9468731155675,5.944,0.710420009979719,-1.3289506,43.1432085,-0.924304999999999,62.3408639225315,56.1806275900299,12.101
BGD,2018,-1.0964787,-2.977,0.407,6.10591970600657,17.0924802738604,0.75354913412869,7.31941263014136,1965.24372731467,6.44197494702485,120.1730401916504,,65.23,112.0038,29.553,31.8225747704431,5.542,0.649238822939078,-1.02517179999999,42.4744798,-0.9096266,65.2714888764112,56.2930050778402,11.907
BGD,2019,-1.1006451,-1.278,0.407,11.4564733885721,17.0856511809436,0.543244141585063,7.88191515117722,2129.79896954606,6.97264399779152,131.4715934540646,,56.99,115.7333,31.951,32.2137331126266,5.518,0.637717563815013,-0.996755,40.8335313,-0.9419472,65.1185413488915,56.3883787871261,11.742
BGD,2020,-1.07605779999999,-1.454,0.394,-17.5023922874442,18.8853836099419,0.407859894856915,3.44801755122445,2248.85078828233,2.58647816564581,166.60730119735476,,39.16,117.774,34.509,31.3079413414304,6.021,0.560867699425496,-1.01518479999999,40.7595081,-0.8969166,66.4329548486639,57.4001952008227,13.473
BGD,2021,-1.0928915,-1.099,0.389,9.1914561175859,20.8766117836117,0.414118154040593,6.93867912442445,2482.84917843357,6.07069417020969,168.30067705253205,,68.14,113.1051,35.614,31.0187387357172,5.642,0.610069177584654,-1.0535518,41.1231008,-0.974914899999999,66.8282318620991,57.7138400623424,12.72
BGD,2022,-1.17834859999999,-3.954,0.399,29.3925550968107,20.2659753173734,0.347960024540439,7.09982877575158,2716.48592780431,6.00847462887278,167.90513914799786,,94.9,120.698,37.863,32.047275580905,7.563,,-1.0954422,40.2892485,-0.973641299999999,67.0384586440383,57.8403806625567,10.985
BGD,2023,-1.1987203,-2.576,0.4,8.03261322145461,22.285488486933,0.335721505298968,5.77511237007889,2551.01773827307,4.4907040939439,180.44987982177733,4.087062146892655,77.58,120.2663,39.27,30.9512000834944,9.745,,-1.0359445,40.654144,-0.9020256,65.9856598598849,58.1775397771731,7.905
BGD,2024,-1.1021569,-1.444,0.401,-17.1326624738194,22.2547977203389,0.283870773350074,4.22325911250161,2593.41611680774,2.96499837954917,221.0156972208821,3.15,76.63,122.893,40.126,30.7004900245244,9.71,,-1.46295089999999,39.8788257,-0.9600594,64.2997191043961,57.7382491923305,9.097
BGR,2010,-0.3206264,-1.724,0.115,11.0391828037604,102.154723903704,3.63569636783254,1.55535979911015,6853.94805511171,2.22607896520175,119.99545832174232,,79.48,93.0541,14.064,22.5179685624585,4.45,1.67975403719023,0.3736482,62.4752261,-0.2998251,94.1819229125977,7.89619663400265,21.95
BGR,2011,-0.355813899999999,0.329,0.128,12.5537783645976,85.4390374104161,3.64730034700454,2.09017507758604,7849.58061302818,2.74691014250048,153.18591263180687,,94.88,88.7767,14.335,21.3581829600151,2.039,2.14267004784609,0.3085567,60.0577307,-0.3367214,96.4361267089844,7.4271539999785,25.056
BGR,2012,-0.3572623,-0.847,0.14,2.03776466051535,95.9901816200883,3.29319904868212,0.748815411928831,7431.95789508871,1.33406661288926,161.96787185362544,,94.05,91.6361,16.545,21.8870849869755,2.763,1.60464880529568,0.3911291,60.0907434,-0.2175182,95.3903503417969,7.02975743224076,28.11
BGR,2013,-0.3480638,1.274,0.132,9.63201633554232,94.6293061986107,3.56335772880844,-0.542751388861134,7795.98092108928,1.48366085514411,136.24820703149317,,97.98,92.7611,17.165,21.0060108987805,-0.851,1.1076323174832,0.1704694,59.5366066,-0.231316,100.78581237793,7.04322057293975,28.374
BGR,2014,-0.3904198,2.115,0.111,3.05218606097948,83.3878250602764,1.91587739023798,0.949449090947894,8069.60005667684,2.18296501943183,121.88517901052042,,93.17,95.5876,26.266,21.5078339407257,-1.951,0.784766836474764,0.242071,59.7245042,-0.2149399,104.942199707031,7.58178661678736,23.774
BGR,2015,-0.4387083,0.017,0.097,6.47889881890009,82.2109970267088,4.37575066215901,3.39755336780412,7268.65445473873,4.72028584001873,111.18462156014614,,48.66,108.1696,25.359,20.9999295980527,-0.896,0.6587242316101,0.1823906,61.4525377,-0.2080985,103.889343261719,7.33814278119531,21.653
BGR,2016,-0.3444028,3.028,0.083,8.61262016270479,76.7179340519249,2.75996039584459,3.02662841229517,7822.49923292968,4.37288163509066,119.36261924864752,,43.29,113.0665,27.007,18.9624324900328,-0.502,0.526340830586215,0.2073039,63.6382374,-0.1981219,103.003921508789,6.87889849126132,17.224
BGR,2017,-0.308377299999999,3.157,0.098,5.74319723518823,71.0172266155605,3.39254658352441,2.74592676054861,8696.68930427924,4.1152395764986,119.70533874025382,,50.8,112.8101,22.919,19.8169984706422,1.796,0.749247066231762,0.4061393,63.3471443,-0.2333326,103.46102142334,7.07666823445945,12.927
BGR,2018,-0.1893944,0.655,0.092,1.73336747506367,62.8196158803579,2.73817844158842,2.33015213407045,9849.38397225174,3.74323820792699,120.1730401916504,,65.23,112.0038,20.1,21.1661572589054,2.31,0.678372706778028,0.592909,62.4588537,-0.1406672,104.043922424316,7.24219599415064,12.676
BGR,2019,-0.1252922,1.662,0.086,3.99597901745277,60.9206861477362,3.24233477901203,3.79331765354152,10353.7204584127,5.26897872493906,131.4715934540646,,56.99,115.7333,18.382,20.7340031845359,3.1,0.580269555247755,0.5788167,62.0869905,-0.1405825,102.656936645508,6.86506059610062,8.777
BGR,2020,-0.258415699999999,0.443,0.082,-9.60900673715274,68.9203679357025,3.97434259753147,-3.13323303076419,10760.211975413,-2.15683103882644,166.60730119735476,,39.16,117.774,22.715,20.1519208043409,0.019,0.618935967577506,0.4210468,59.7158504,-0.1505346,101.354942321777,6.48061532890651,14.143
BGR,2021,-0.2260611,-1.077,0.083,11.5748627772022,55.4591810194464,2.52884122158723,7.82817232822165,12966.1457543396,8.54724211432547,168.30067705253205,,68.14,113.1051,22.362,20.7058919426646,6.586,0.917744335906696,0.4063981,59.9558394,-0.0377457,98.7087631225586,6.77351860435608,15.701
BGR,2022,-0.1369351,-2.593,0.096,12.065399691161,55.1420198890214,5.24661564677497,4.0838640915123,13999.1949530956,4.76332108962356,167.90513914799786,,94.9,120.698,21.457,22.6875854555705,14.325,,0.3269733,58.7677262,-0.0998029,96.6720733642578,6.96782186020414,10.582
BGR,2023,-0.1501295,0.885,0.083,0.0001709023127034,,5.05888344751487,1.68151074972904,15853.208636704,1.97332516316222,180.44987982177733,4.087062146892655,77.58,120.2663,21.872,19.7877526320657,4.989,,0.3144686,60.4109253,-0.0265936,95.6239624023438,7.18531662064668,12.049
BGR,2024,-0.240017999999999,0.217,0.103,1.77456347234323,,3.1312025090285,3.38709063847314,17596.0173663521,3.47015122309477,221.0156972208821,3.15,76.63,122.893,23.358,20.4299085537289,2.078,,0.0399268,59.4055004,-0.0333423,94.7816314697266,7.06830714562182,12.493
BHR,2010,0.15202,2.877,0.333,2.62978794560856,,0.581105356633959,4.3342989754845,21819.3291098099,0.0771669589062469,119.99545832174232,,79.48,93.0541,28.787,28.5983559958528,0.984,20.4621165633706,-0.7371495,68.7670798,0.1010185,90.1969414818577,1.06144346386962,4.953
BHR,2011,0.1964302,8.437,0.331,30.389351479994,,2.61026038592024,1.92815791170796,25032.7867743333,4.78747209697194,153.18591263180687,,94.88,88.7767,31.554,22.497932951159,0.19,26.9949431372074,-1.1775267,69.0600008,-0.0253953,93.2938990893653,0.974212882459581,5.283
BHR,2012,0.1663109,8.065,0.357,20.8040824560033,,4.83265436536461,3.80302899043062,26438.6733230428,2.60578123430011,161.96787185362544,,94.05,91.6361,34.833,28.3178818196342,2.609,23.5822213574272,-1.0354447,67.5311823,-0.1376475,98.4732914840696,1.00362541183025,5.425
BHR,2013,0.197016,7.125,0.308,-0.663707032644254,,11.0211306090707,5.29262224906203,26989.7601148469,1.5766868455926,136.24820703149317,,97.98,92.7611,42.27,26.202347618295,3.952,24.5336335455131,-1.2920542,67.794789,-0.123284899999999,107.610472634995,0.96644841075109,5.439
BHR,2014,-0.0204446,4.38,0.387,-4.06774463563248,,4.36728984042946,4.30885692657077,26451.7965647453,-0.560855463138182,121.88517901052042,,93.17,95.5876,42.63,26.9460773553345,2.49,22.4113282575127,-1.0441426,64.7452019,-0.1310885,104.203846916518,0.990117846582015,5.398
BHR,2015,0.0385922,-2.313,0.327,-0.845085152417951,,0.199529633421541,2.50787205267615,23734.0551143019,-1.66329278716239,111.18462156014614,,48.66,108.1696,63.18,25.6249300828539,0.77,12.6346752292951,-0.9584379,66.4860355,0.0118928,100.303914816394,0.996640100015627,5.427
BHR,2016,-0.0877355,-4.406,0.269,-2.75665917448981,,0.718174283238518,3.81499327422425,23800.001440631,-0.0791098754103388,119.36261924864752,,43.29,113.0665,77.366,27.8856988345954,2.304,9.6486154919148,-0.909807199999999,63.28286,-0.0230253,100.583649344321,0.993977794270227,5.527
BHR,2017,-0.143222,-3.897,0.316,3.6896810392729,,3.83300891199591,4.95383534123657,24784.7693514607,-0.457057166110175,119.70533874025382,,50.8,112.8101,84.029,33.5452337227581,1.347,11.1603274625829,-1.0066263,62.6880582,-0.0275196999999999,100.923412884105,0.935276161628514,5.593
BHR,2018,-0.140961,-6.153,0.338,3.26161958176765,,4.18079308703845,2.05258864979861,26324.4066549559,1.91849572888873,120.1730401916504,,65.23,112.0038,90.384,35.5603270966476,1.983,14.7513564173951,-0.8677102,62.6920421,-0.0572436999999999,100.701887411111,0.859416855191711,5.633
BHR,2019,-0.0835445,-1.963,0.32,0.380887270095329,,2.32837980010521,2.05287774418655,27259.7438599327,3.38274086937953,131.4715934540646,,56.99,115.7333,97.129,35.6238571804314,1.191,13.3637839937888,-0.603362,63.0678924,0.0073826,102.128281941881,0.788277933352838,5.657
BHR,2020,-0.0925165999999999,-9.054,0.33,-2.54837252331441,,2.84973228101032,-5.9113629524152,24342.8444554718,-5.17307400932464,166.60730119735476,,39.16,117.774,125.7,37.2956671453326,-1.61,10.7041414154858,-0.5964745,63.6219613,-0.110376599999999,,1.14505895487841,6.389
BHR,2021,0.210097,6.372,0.327,29.4735097141449,,4.3566259787756,4.35004091668986,27147.8083882286,2.11919822497499,168.30067705253205,,68.14,113.1051,122.3,28.0921527332781,-0.409,16.6400337175308,-0.5041164,67.424547,0.0190676,,1.05644717217135,6.043
BHR,2022,0.144834,14.72,0.362,9.16183012330711,,4.20018456310523,6.18016125475185,30470.5219276023,4.76451212539493,167.90513914799786,,94.9,120.698,111.648,24.5901868987674,3.593,,-0.482549599999999,68.5806994,0.0328686,103.393222951005,0.901733674439886,5.33
BHR,2023,0.2380412,5.844,0.365,-9.06007686484428,,15.6428756083644,3.87811614845566,29290.1284215098,0.42885937985659,180.44987982177733,4.087062146892655,77.58,120.2663,123.02,29.168098874443,-0.297,,-0.5007436,69.2086259,0.1259217,104.392938701638,0.943956184784735,5.381
BHR,2024,0.2540662,4.861,0.356,1.89521003359161,,5.73694505846498,2.60379670648454,29653.5682731534,1.85390359869062,221.0156972208821,3.15,76.63,122.893,134.007,28.4193873492548,0.497,,-0.2758672,69.8494802,0.1679373,98.8139181413527,0.856857713145138,5.469
BHS,2010,1.4842,-7.884,0.542,1.2746138806381,,8.63699216304667,1.53866248693835,27473.100430502,0.248837037553542,119.99545832174232,,79.48,93.0541,33.883,27.9860060064819,1.669,0.015294777644818,0.9175646,64.9346372,0.8743035,91.0886370856719,13.7019689770979,26.552
BHS,2011,1.483393,-10.935,0.59,6.28191870458149,,6.61957509346653,0.613170735890648,27090.8376801379,-0.537416355238307,153.18591263180687,,94.88,88.7767,35.262,30.1833582411908,3.042,0.0133672662693222,0.9777309,64.0111669,0.7880709,89.2416368950958,14.0940783876065,27.004
BHS,2012,1.4817162,-14.289,0.436,49.3843313320227,,4.90812842804373,4.52003886739061,28552.0242683151,3.47892776270808,161.96787185362544,,94.05,91.6361,37.589,31.3421141002201,0.655,0.0123502671887337,0.9992333,63.9498129,0.6533056,92.1807628524046,13.9964093745607,30.359
BHS,2013,1.4818436,-14.585,0.52,0.86695565188397,,3.64907926264642,-2.86320081549439,27642.7419759179,-3.756252482479,136.24820703149317,,97.98,92.7611,44.415,29.1972544939047,0.955,0.0157205965291449,0.9869744,61.7920617,0.6510804,84.6595407759303,13.9710182953161,34.465
BHS,2014,1.3095259,-19.98,0.556,-5.44573002754822,,2.25581446274834,1.8469701294558,29137.2175632622,0.955837779605616,121.88517901052042,,93.17,95.5876,48.294,31.3993051503263,0.202,0.0177506910216208,0.8227482,60.4896673,0.4786558,91.6218404766036,13.8809396521903,28.993
BHS,2015,1.0887958,-12.666,0.594,1.39614022002613,,0.642663417838075,0.997411675486745,30719.405417469,0.198544914739557,111.18462156014614,,48.66,108.1696,50.67,24.6114077177806,2.024,0.0142629231307782,0.7437356,57.7939845,0.4869107,76.0440338812974,13.8860602376067,24.781
BHS,2016,1.0895206,-12.539,0.418,-7.01790681102453,,3.28594665732394,-1.15650811269629,30616.5363157284,-1.84653148444181,119.36261924864752,,43.29,113.0665,51.057,25.7808751862233,0.967,0.0174296477466322,0.7974457,58.3069374,0.4454825,85.0686327399149,13.7765675818773,25.844
BHS,2017,1.0769219,-13.508,0.403,-0.301606922126084,,2.4470958481014,3.3713988456489,31875.4881749619,2.728115494957,119.70533874025382,,50.8,112.8101,55.027,27.5562589881818,1.613,0.017196510578808,0.8186672,55.9931706,0.3770041,92.6182585115999,13.7436737841616,21.547
BHS,2018,1.1027809,-9.506,0.464,12.0561396548304,,3.83334911094036,2.39795510823548,32642.3353203452,1.8159781736959,120.1730401916504,,65.23,112.0038,62.328,25.6388854218672,1.963,0.0131261113776456,0.7130765,57.0956828,0.381433,80.8808929269834,13.7384796750683,24.16
BHS,2019,1.2125503,-2.159,0.349,2.08674485505642,,3.63206527371394,-0.838585871193203,33640.3369861278,-1.33052999956263,131.4715934540646,,56.99,115.7333,60.732,25.3844995104316,1.434,0.0121899442192584,0.6927555,54.8000153,0.376965,78.566734376867,13.7163102619258,19.235
BHS,2020,1.2128533,-22.891,0.336,-45.2886220276158,,4.19368341635396,-20.0893664891399,26178.7537607708,-20.3291813559269,166.60730119735476,,39.16,117.774,74.674,23.0710591323143,1.163,0.0192026251424872,0.7133519,54.6825419,0.3141962,,14.2903535006992,23.943
BHS,2021,1.2282597,-21.409,0.398,22.8882725832013,,3.18239411083404,17.5861390037409,30367.8605757708,17.434844816468,168.30067705253205,,68.14,113.1051,99.683,24.4404752014622,4.129,0.0147540061086709,0.7434332,54.5414492,0.3484926,72.6381880061026,14.7841636024782,21.768
BHS,2022,1.2330855,-9.383,0.438,42.654028436019,,3.82040434055862,10.8779009410268,34957.1613279737,10.5529690990486,167.90513914799786,,94.9,120.698,88.643,23.8155546600656,5.475,,0.8592816,53.8042378,0.272063,,15.4526381655226,18.694
BHS,2023,1.2199692,-7.456,0.512,5.04666983072299,,2.11151935376225,3.04824180553773,38231.774484278,2.55756046187126,180.44987982177733,4.087062146892655,77.58,120.2663,81.679,22.8631485204272,1.901,,1.0539708,53.3768433,0.2764352,87.1455240465819,16.0789212824029,17.696
BHS,2024,1.2320893,-7.373,0.491,6.17685025817556,,1.51932088638775,3.37866553336166,39455.4466548546,2.90387123462988,221.0156972208821,3.15,76.63,122.893,78.832,26.8063766358446,0.033,,1.0493095,53.1711824,0.2509955,79.4858750299258,15.9601436200924,18.291
BIH,2010,-0.463675,-6.0,0.109,13.9005245810499,82.2453082081754,2.5840244914247,0.865667236280544,4506.47828548389,2.67372042856877,119.99545832174232,,79.48,93.0541,42.205,21.9146685888149,3.076,2.72228942887324,-0.6337606,51.0560977,-0.3711756,85.5183715820312,22.7391560897902,59.665
BIH,2011,-0.501397099999999,-9.479,0.107,4.64400882170449,66.0197582347205,2.52952738058176,0.959511709726897,4982.69375768263,2.83942425948602,153.18591263180687,,94.88,88.7767,40.941,22.6759067100927,3.047,3.52625270170032,-0.6699284,50.57955,-0.4173075,87.7279968261719,21.9984883178852,59.568
BIH,2012,-0.405939,-8.626,0.106,0.10743913306861,75.2172904132291,2.27539881306156,-0.821837252962993,4693.78899115381,1.11532015786369,161.96787185362544,,94.05,91.6361,43.557,22.8835705606596,1.803,2.2205854902667,-0.590616799999999,51.6261809,-0.1318904,90.7853088378906,23.4356975865313,65.019
BIH,2013,-0.3230858,-5.326,0.105,7.85649350682311,75.1253998867342,1.72337931811156,2.34985873172397,5034.56634817068,4.02941435250273,136.24820703149317,,97.98,92.7611,43.755,21.6685850406414,-1.418,1.76161048085692,-0.4534621,51.6867968,-0.125035099999999,92.2983932495117,21.5435954936195,60.919
BIH,2014,-0.3542824,-7.351,0.106,4.16305306040017,70.1777331538126,2.93590253684149,1.15384793371298,5206.06573475132,2.45997274934615,121.88517901052042,,93.17,95.5876,47.14,23.0340139751835,-0.435,1.23632273750299,-0.0605189,51.9304952,-0.0894811,90.2868576049805,19.5240260450518,64.598
BIH,2015,-0.4923931,-5.035,0.102,9.78280520298105,70.5762540899842,2.33529310215055,4.28413016137854,4662.25869219448,5.65603511201289,111.18462156014614,,48.66,108.1696,46.376,22.1698345771577,-1.298,1.0186279504412,-0.2551002,50.905386,-0.2307844,85.716178894043,21.2715458578249,65.239
BIH,2016,-0.468403399999999,-4.699,0.104,9.367880693782,68.0557464337731,1.82975695066219,3.24225822231566,4928.5665903114,4.59597025623206,119.36261924864752,,43.29,113.0665,44.874,23.3303836437325,-0.534,1.04695668588363,-0.3709896,51.0160225,-0.209474599999999,83.1699523925781,21.1268396554957,56.261
BIH,2017,-0.5769795,-4.779,0.1,11.8210052595085,71.87227677897,2.77975922538248,3.24409895306594,5345.01978766473,4.57868807789549,119.70533874025382,,50.8,112.8101,38.616,25.1642904731319,1.217,1.28162139967933,-0.3110983,52.2061797,-0.3294168,83.668083190918,20.4469856354411,47.925
BIH,2018,-0.6404386,-3.231,0.101,7.27845994680527,63.739448130961,2.93781298692857,3.82900399349064,6047.84707207392,5.10677209046635,120.1730401916504,,65.23,112.0038,34.894,24.8120206694305,1.582,1.05259180342277,-0.2895156,49.8822151,-0.3210995,85.6409912109375,17.4979127339041,40.535
BIH,2019,-0.6387532,-2.597,0.103,0.504393224946639,62.0944658549127,2.18661375097898,2.88585242083978,6122.37541352353,4.16109545157208,131.4715934540646,,56.99,115.7333,33.168,25.1910361335464,0.232,0.800756928062343,-0.309193899999999,48.9215763,-0.3905029,85.5401306152344,20.1335197548125,35.263
BIH,2020,-0.624659499999999,-2.84,0.101,-14.8423498433757,69.5081286353197,2.38939027026416,-3.01509335460439,6130.31187968266,-1.65750707667169,166.60730119735476,,39.16,117.774,37.098,23.4676997821764,-1.579,0.7812488464624,-0.2690285,48.961795,-0.3025925,85.5591125488281,19.8216011990422,37.924
BIH,2021,-0.6690056,-1.77,0.107,25.3832983054478,58.8174446888183,3.24230818475028,7.39164256472846,7295.34378682258,9.19342480517756,168.30067705253205,,68.14,113.1051,35.618,26.2530245363466,6.319,0.813398711441269,-0.310701599999999,48.8734072,-0.3074514,85.6761474609375,19.5183823626158,35.816
BIH,2022,-0.680061199999999,-4.394,0.103,11.7888063693615,55.5070051088793,3.7882728069108,4.22681333390325,7655.59421024383,5.53111118093285,167.90513914799786,,94.9,120.698,31.013,27.9026680250212,14.811,,-0.248056399999999,48.8771892,-0.289740999999999,87.0373992919922,19.1427374707394,31.728
BIH,2023,-0.5984163,-2.319,0.097,-1.2473784584064,50.553295139949,4.0920266922729,1.99439414850893,8663.02326458629,2.62616849156352,180.44987982177733,4.087062146892655,77.58,120.2663,31.588,27.0433997525874,2.186,,-0.1999229,49.379531,-0.3548804,87.8663787841797,18.7797277887073,27.27
BIH,2024,-0.5128682,-3.634,0.089,-1.6126491421701,49.1550732058777,3.39024835333872,2.9715174617652,9358.78768951134,3.64904450955625,221.0156972208821,3.15,76.63,122.893,32.752,27.479854363065,2.9,,-0.5010614,49.3451777,-0.319134,,18.4396981436429,27.334
BLR,2010,-0.5605517,-14.471,0.248,7.66920280892927,50.6732988610616,2.43465600372626,7.75001707500896,6034.67885177216,7.98573283435519,119.99545832174232,,79.48,93.0541,36.805,40.6563662623236,9.927,1.2135788388197,-0.0852672,36.3941539,-0.956997099999999,111.028998547015,8.50813685974614,10.89
BLR,2011,-0.459480599999999,-8.233,0.289,30.400104784134,55.5543841804718,6.48031997656593,5.54997471638077,6527.6593428786,5.7975501732946,153.18591263180687,,94.88,88.7767,58.223,37.2175950788459,108.686,1.6541017837394,-0.0818477,33.850831,-0.997853299999999,108.98986744867,8.07892620341935,10.877
BLR,2012,-0.3105829,-2.836,0.272,11.1999935069143,52.5663191513601,2.22818019245943,1.70785253368828,6953.21591683101,1.86726973670382,161.96787185362544,,94.05,91.6361,36.946,35.0942730563184,21.778,1.72782026745452,0.0036241999999999,38.6196465,-0.7380981,107.657786407767,7.74025905851783,10.829
BLR,2013,-0.2788276,-10.023,0.211,-14.6000110870584,54.3029638313045,2.97388136295762,0.998719299661161,7998.0802045456,1.03749004802856,136.24820703149317,,97.98,92.7611,36.859,38.7980262073973,16.466,1.43580105606,0.0177012,38.5295412,-0.8222853,104.523124130077,7.52722786338655,10.825
BLR,2014,-0.1522547,-6.64,0.229,4.60001615400209,52.3407013607064,2.36255232890544,1.65112470228097,8341.31809294883,1.59406202466224,121.88517901052042,,93.17,95.5876,38.791,34.8410329356421,16.22,1.32461564136151,0.1349975,40.7523794,-0.7472243,103.510351178762,7.36243402690636,10.799
BLR,2015,-0.2405698,-3.251,0.226,2.10072884145995,70.7668231487899,2.92676775504253,-3.82957056812593,5967.05595058777,-3.9572512636508,111.18462156014614,,48.66,108.1696,53.007,29.0346959914608,11.97,1.16867046065759,0.1165415,39.0507961,-0.731698899999999,102.895731001158,7.32461595766971,10.774
BLR,2016,-0.1462308,-3.379,0.155,2.59995905375736,82.5010405969595,2.61275643208459,-2.5264464460425,5039.77560949445,-2.61191381567238,119.36261924864752,,43.29,113.0665,53.482,26.4775827022928,10.576,1.24276957113325,0.2027723,40.4435324,-0.7123954,102.969005936733,7.33475298887525,10.729
BLR,2017,-0.1120128,-1.74,0.153,7.45546797673238,75.1554915511371,2.33218919527708,2.53218349471909,5785.54491935194,2.64480751685403,119.70533874025382,,50.8,112.8101,53.16,28.0303589091824,4.59,1.56417583319201,0.0265511,40.9573889,-0.759944699999999,102.480850468241,7.56520732476061,9.348
BLR,2018,-0.1272022,0.038,0.162,3.80019386657445,67.0009807620654,2.37627120733619,3.14919758275296,6360.037502312,3.36999150781449,120.1730401916504,,65.23,112.0038,47.515,28.0788785453202,5.642,1.98128406238056,0.2676565,42.4297946,-0.733064199999999,101.596010989492,7.36042971624877,10.651
BLR,2019,0.0170374,-1.934,0.149,0.966344993653891,65.1747660547607,1.976861708457,1.44645548204305,6837.77339645635,1.6513675093432,131.4715934540646,,56.99,115.7333,40.999,29.1499946931726,4.73,1.66960534709783,0.4258145,46.856785,-0.794237099999999,100.438744155791,7.22194189675353,10.207
BLR,2020,-0.1014181,-0.291,0.115,-3.74954604382359,70.9847643016215,2.27010267778425,-0.672742918585868,6542.85579976768,-0.251224685296094,166.60730119735476,,39.16,117.774,47.493,27.4548359346196,7.336,1.52063831654103,-0.818298499999999,44.0894827,-0.8602112,100.575710351095,6.90679247349712,12.046
BLR,2021,-0.2062736,3.163,0.099,10.0510324863555,62.0622832088135,1.76640687852003,2.43886210234947,7489.71894713888,3.29081749370279,168.30067705253205,,68.14,113.1051,41.182,24.3807348526394,9.975,1.86330240223309,-0.616372399999999,42.336188,-1.0672559,100.42063921059,6.85199093646948,10.493
BLR,2022,-0.415013199999999,3.413,0.109,-21.0497307323432,56.3947988685637,2.17745011943276,-4.65839591328999,7994.64806074889,-3.88854008026519,167.90513914799786,,94.9,120.698,40.792,21.5979064833979,12.876,,-0.6168791,37.8914926,-1.1591441,99.0602032881737,6.79840537714345,10.283
BLR,2023,-0.534353699999999,-1.806,0.085,18.9517502210288,52.4376285095848,2.74854001098901,4.12654007153881,7896.75388295584,4.69120797390816,180.44987982177733,4.087062146892655,77.58,120.2663,40.72,24.7116791837371,5.84,,-0.392606499999999,36.3281553,-1.2155307,97.4265999006565,6.6337809269145,10.596
BLR,2024,-0.5781294,-2.798,0.085,2.94900372797674,46.1452886653758,2.28598440253164,4.00984852465452,8317.63399913792,4.52996444880654,221.0156972208821,3.15,76.63,122.893,44.378,25.8358517163125,5.111,,-0.3773003,35.4281591,-1.2305997,94.7902702871216,6.48684109059199,10.538
BLZ,2010,0.1822509,-2.62,0.335,0.442348821064726,81.1271940546319,5.51460930694585,1.41741099233461,5461.40735999001,-0.999227091889964,119.99545832174232,,79.48,93.0541,68.547,15.4511716601437,0.017,4.21853544863999,0.0218801,51.7293828,-0.0901010999999999,75.6223037349759,29.2514392114658,16.92
BLZ,2011,-0.0679632999999999,-1.092,0.332,3.15467246088299,73.6871934030447,5.20581667105349,-0.13007112300869,5596.05222152289,-2.28218512422295,153.18591263180687,,94.88,88.7767,66.383,11.8723938779086,2.271,5.75130266465738,0.0910169,50.3489687,-0.307469899999999,76.1272789038614,29.2729665268525,16.956
BLZ,2012,-0.0752991,-1.734,0.277,10.6778254122976,66.8640968710153,10.1300443506209,3.94389321816617,5732.66519942347,1.73206971753382,161.96787185362544,,94.05,91.6361,63.387,13.0724770204323,0.807,3.9491024337509,0.0905854,49.6909361,-0.330874499999999,78.8095397154118,29.4736591897695,16.914
BLZ,2013,-0.0751853,-3.571,0.25,-1.21251061823757,65.2809299610986,4.53263160783493,4.06646561608865,5957.34953619006,1.86924052413502,136.24820703149317,,97.98,92.7611,62.855,14.1295773427114,1.607,2.7478714589422,0.0892671,49.6826719,-0.3329908,80.6694303700292,29.5220995530427,16.904
BLZ,2014,-0.287196399999999,-6.354,0.225,1.04026268990623,64.3273188536963,6.5987393918196,3.89226067249989,6128.12053089077,1.71986752597024,121.88517901052042,,93.17,95.5876,61.543,17.0966974648616,-0.173,2.06063048735068,0.032488,46.1329588,-0.638328,80.3583033664053,23.8619955369515,18.272
BLZ,2015,-0.2669244,-7.968,0.276,-2.4104489363593,61.0374168644776,2.69569808214426,2.7602602736023,6154.62264230369,0.623344723744751,111.18462156014614,,48.66,108.1696,65.079,16.7264083366378,-0.585,0.832694636763692,0.0315234,46.9180207,-0.613802499999999,81.2936199454549,26.1975170874599,16.48
BLZ,2016,-0.1234777,-7.296,0.321,-8.96070335560199,60.617190802549,1.46157075571746,-0.0187414958130319,6140.86713919469,-2.31386521552362,119.36261924864752,,43.29,113.0665,70.438,17.9729353607653,1.148,0.707884094800211,0.02715,47.5300213,-0.583099199999999,87.7313726328389,27.677132314742,16.547
BLZ,2017,-0.1991297,-6.973,0.325,-1.69093238309935,62.5582203804267,1.40473162686238,-1.83323729057784,6071.85451846453,-4.06828153670182,119.70533874025382,,50.8,112.8101,78.106,15.0577226916743,1.033,0.740544655771488,0.0274572,46.3533645,-0.5418511,86.323893201399,29.9251838211623,15.686
BLZ,2018,-0.1082321,-6.576,0.268,9.60128892097735,63.1433493052864,5.33885311944147,0.822068592512508,6011.99036888587,-1.04044004654376,120.1730401916504,,65.23,112.0038,78.77,16.5318151258508,-0.108,0.796890251194486,0.0296183,44.4053385,-0.5907692,86.2833561409511,26.0585898586907,22.006
BLZ,2019,-0.075652,-7.731,0.289,5.30346322225222,61.9332736035164,3.94384011758557,4.25658710030072,6171.61449761423,2.74257530356437,131.4715934540646,,56.99,115.7333,78.386,16.8394904249154,0.164,0.584709328866043,0.1334022,45.7954221,-0.5612969,87.4526596660355,29.9801961851599,19.934
BLZ,2020,-0.0753264999999999,-6.262,0.322,-29.5788340675358,77.0009327522602,3.72214070775569,-13.5228997055506,5238.54078175696,-14.6255152617956,166.60730119735476,,39.16,117.774,103.261,18.4434323395975,0.381,0.478914006262091,0.6026689,45.7744666,-0.5207908,86.1886596150512,30.7179468269479,22.367
BLZ,2021,-0.0899104999999999,-6.522,0.28,35.8922268358733,61.9874859473581,5.16738739330779,17.9899244143607,6142.98930557031,16.6367646067625,168.30067705253205,,68.14,113.1051,82.483,21.675393036644,4.906,0.523036536890701,0.3568757,45.2938499,-0.527655099999999,88.8215546932903,30.2632350736784,21.819
BLZ,2022,-0.0459141999999999,-8.275,0.283,12.7968094946364,54.2321774965168,4.95003696669658,9.25051329530994,7068.21728043145,7.24662103489808,167.90513914799786,,94.9,120.698,66.823,20.191917433134,6.737,,0.7353533,45.1243181,-0.4371369,87.4381668552162,30.0678852520256,18.422
BLZ,2023,-0.115986499999999,-0.646,0.339,11.5219257136677,51.3692267076717,0.525413666914349,0.500127941638667,7424.75821321022,-1.54675916595728,180.44987982177733,4.087062146892655,77.58,120.2663,67.177,18.9112096493515,3.723,,0.78967,47.0872812,-0.4007135,83.619553808705,30.1745007060722,17.833
BLZ,2024,-0.1604129,-1.513,0.31,5.97445208975968,46.0428964719523,4.00992513639046,3.50466435023895,7681.24400583113,2.02408347328358,221.0156972208821,3.15,76.63,122.893,60.955,19.7878841757033,2.564,,0.7847219,47.7644224,-0.39715,86.4571583269413,29.9971688319859,18.553
BOL,2010,-0.4112377,4.416,0.413,9.85263012616909,30.7903134940057,3.16542867647895,4.12672259105658,1929.78373077158,2.42845713052691,119.99545832174232,,79.48,93.0541,37.637,17.0070184588469,7.182,9.16161212209317,-0.2159855,41.6246525,-1.0805326,87.7601876397411,64.6038081087248,5.283
BOL,2011,-0.5781748,2.226,0.434,4.59315593241693,26.9046899987175,3.58442251378885,5.20409244308591,2315.52121930607,3.51064971722133,153.18591263180687,,94.88,88.7767,35.327,19.8155524290026,6.904,14.001095606139,-0.2956719,42.2459282,-1.0144825,85.300407946135,65.3774636104482,5.327
BOL,2012,-0.698911,7.221,0.447,13.2955853073647,25.9950613983393,3.9135501461408,5.12227558091767,2575.59857098084,3.45406361160401,161.96787185362544,,94.05,91.6361,35.394,17.6729919914841,4.54,12.3531411069095,-0.381218399999999,41.1562555,-1.0969326,87.0108512162742,63.1116316927195,3.361
BOL,2013,-0.5857827,3.413,0.491,4.09489656973238,28.3177141091976,5.7066221190291,6.79601142810857,2870.02377000756,5.12847092655504,136.24820703149317,,97.98,92.7611,36.097,19.0177268858945,6.48,11.9598682861297,-0.256508,41.3522312,-1.1936901,88.7650557098116,65.3711622818641,5.392
BOL,2014,-0.6409494,1.716,0.466,10.8654614550895,28.3850395594485,1.98982485629696,5.46056950635116,3041.43503162408,3.84418416828554,121.88517901052042,,93.17,95.5876,37.603,21.0337970312715,5.194,10.5328802221264,-0.2978539,41.5779297,-1.139505,89.4564819756877,65.435299536553,4.774
BOL,2015,-0.754699,-5.825,0.436,-5.91869969188951,31.0456275763891,1.68072787961335,4.8571871797142,2996.01289811344,3.27865155787241,111.18462156014614,,48.66,108.1696,40.905,20.2812768788265,2.953,4.11807754841214,-0.175327899999999,41.9086485,-1.2376147,90.6139031958796,67.3596828992072,6.852
BOL,2016,-0.7783732,-5.579,0.328,-5.71434317774472,32.9957292948572,0.988080149462259,4.26392086382097,3035.87347732132,2.7222071569043,119.36261924864752,,43.29,113.0665,46.49,21.0573618533858,4.003,2.97275312620724,-0.2594315,41.6249128,-1.2512006,90.6152852803158,67.1344421590832,6.772
BOL,2017,-0.8143488,-5.024,0.363,-4.97450598329777,35.6879564139746,1.55130384811576,4.19520633360403,4048.40119739839,2.68372843487559,119.70533874025382,,50.8,112.8101,51.26,24.3763407852814,2.715,5.01456692473101,-0.2207409,41.7842577,-1.2565518,89.4000212849504,65.6688233715507,6.654
BOL,2018,-0.8237458,-4.251,0.378,1.89200332004005,33.7006008149571,0.624547731622922,2.86808404814794,4206.8552936661,1.40411994190022,120.1730401916504,,65.23,112.0038,53.076,24.0294938980641,1.507,5.37166725772886,-0.1913596,41.4800081,-1.2847988,88.7218999579042,65.7380978893668,6.78
BOL,2019,-0.8232153,-3.316,0.369,1.44173139976233,35.6998390215282,-0.44160551411852,1.50672102666863,4203.15492855788,0.0889440250061426,131.4715934540646,,56.99,115.7333,58.626,22.7024136915554,1.469,4.09529358747088,-0.7539613,39.4764951,-1.24490489999999,88.8235046622532,64.1768785065462,6.927
BOL,2020,-0.8045643,-0.043,0.337,-23.9122518802676,42.5818186341753,-2.66931283946252,-12.7194690092717,3580.96761778303,-13.7898619967426,166.60730119735476,,39.16,117.774,77.971,17.268345922029,0.67,2.7203797976672,-0.3855901,38.2868348,-1.2021414,88.8672369779995,66.6040077034208,15.241
BOL,2021,-0.9489015,3.884,0.324,37.441769499701,40.697891574053,1.21888494970059,10.0290488827886,4010.76053686204,8.91320528866063,168.30067705253205,,68.14,113.1051,81.409,17.7866439972031,0.901,9.46769419569564,-0.2859636,37.2460993,-1.1101906,90.4144137410078,66.0892897307924,8.199
BOL,2022,-0.9824356,2.118,0.327,11.0099895169059,37.2686637973882,0.0122391923945909,3.74741781241461,4219.46113742445,2.54653335522636,167.90513914799786,,94.9,120.698,80.1,18.0408015748368,3.123,,-0.170608899999999,36.925143,-1.1775683,90.3729338176816,64.3683028020439,6.044
BOL,2023,-0.9556498,-2.529,0.312,-8.15589915755481,37.1837075987323,0.458812480265399,2.51636590154891,4274.70820547613,1.11808728662825,180.44987982177733,4.087062146892655,77.58,120.2663,90.777,18.9835359683279,2.118,,-0.289823899999999,36.5763233,-1.2028195,91.3676827044767,63.0558406178017,4.968
BOL,2024,-0.997582699999999,-4.305,0.272,-14.4687613939936,32.5376974869568,0.652112801170427,-1.12335595517212,4421.16609889999,-2.47074604396363,221.0156972208821,3.15,76.63,122.893,95.042,17.9470160851028,9.974,,-0.5460357,35.0786424,-1.267722,90.5272216796875,62.9291042346411,5.17
BRA,2010,-0.0150966,-3.926,0.154,11.7217215300206,16.4609633891935,3.73001226987179,7.52822581812151,11403.2840038694,6.62782994929138,119.99545832174232,,79.48,93.0541,62.433,21.801321557926,5.909,3.64871282999395,-0.1493446,57.8598696,-0.0413875,,25.8550019135957,18.239
BRA,2011,0.2097513,-3.197,0.172,4.81194637314333,15.8516033318801,3.91517954138648,3.97442307944702,13396.6263158041,3.13169854409105,153.18591263180687,,94.88,88.7767,60.634,21.826271117187,6.503,4.33686638966397,-0.1721799,57.8358419,-0.0747892,,25.5304982941098,16.928
BRA,2012,-0.0113872,-3.761,0.149,0.707641631497879,18.3256247191339,3.75496210868766,1.92117598509462,12521.7238454434,1.09733293754664,161.96787185362544,,94.05,91.6361,61.614,21.4172253693275,5.839,3.85552495977285,-0.0995934,57.8500598,-0.0446889,94.5829467773438,25.3469708350551,15.854
BRA,2013,-0.0608636,-3.576,0.157,1.83029508454801,19.8377244708135,3.04150922966082,3.0048226702888,12458.8903396625,2.17333080616082,136.24820703149317,,97.98,92.7611,59.595,21.6937669560679,5.911,3.78686028400519,-0.3656427,56.9133194,-0.134532999999999,104.086219787598,25.4302488749907,15.7
BRA,2014,-0.2351787,-4.499,0.15,-1.56968045072428,23.1060429665359,3.57135261310663,0.503955740273241,12274.9941630213,-0.303163572469245,121.88517901052042,,93.17,95.5876,61.617,20.5484107558184,6.408,3.28623279487755,-0.2414052,54.2871366,-0.1419913,102.780311584473,25.3338754286233,15.496
BRA,2015,-0.3512683,-3.523,0.132,6.81956395046765,30.7299282835538,3.59214973121732,-3.54576339347278,8936.1955889444,-4.30639755989316,111.18462156014614,,48.66,108.1696,71.73,17.4116258667237,10.673,2.35832735012319,-0.4959054,53.3435278,-0.225204699999999,101.086227416992,26.2570850324328,19.493
BRA,2016,-0.366817699999999,-1.699,0.131,0.86312555398689,30.9090873467642,4.13737853830264,-3.2759169063211,8836.28546025694,-4.01012719205779,119.36261924864752,,43.29,113.0665,77.422,14.9695469727335,6.288,2.43013532231265,-0.5263958,53.3451223,-0.1485678,102.692901611328,26.6500334165773,26.596
BRA,2017,-0.4693688,-1.224,0.148,4.90879338880781,26.8156664558868,3.33826028420938,1.32286905390815,10080.5078722821,0.587668928601474,119.70533874025382,,50.8,112.8101,82.745,14.6255875977741,2.947,2.73375767842298,-0.602133799999999,53.1856369,-0.2808179,102.989486694336,26.9085129573391,28.593
BRA,2018,-0.407628,-2.808,0.171,4.05308368542995,29.9289604206331,4.07858861807831,1.78366676137003,9300.66072904004,1.09040860420944,120.1730401916504,,65.23,112.0038,84.777,15.0950416297894,3.745,3.61759120230309,-0.645190399999999,51.00996,-0.4015041,104.818481445312,27.1841141875625,27.958
BRA,2019,-0.372764,-3.47,0.165,-2.56142104651691,31.1964144613097,3.69267330426814,1.22077782271943,9029.83304401079,0.562970836695342,131.4715934540646,,56.99,115.7333,87.118,15.5167908016709,4.306,3.21717303299592,-0.722116299999999,53.2947815,-0.3861785,103.667556762695,27.6011508281783,27.098
BRA,2020,-0.337231599999999,-1.688,0.182,-2.29090583011828,38.0076646022397,2.59263784624068,-3.27675879612903,7074.19407495707,-3.83550546624957,166.60730119735476,,39.16,117.774,96.007,16.1158206044059,4.517,3.22987656043381,-0.427421599999999,52.4673449,-0.392171899999999,103.882659912109,27.9396077371374,30.267
BRA,2021,-0.404589,-2.419,0.206,4.38225660380658,35.2910131878973,2.77979074096507,4.7626043797061,7972.53696080695,4.3179316178023,168.30067705253205,,68.14,113.1051,88.934,19.521885020934,10.061,7.94111199933246,-0.3922756,52.480175,-0.4091435,106.298461914062,29.3798050062589,28.311
BRA,2022,-0.4562788,-2.16,0.184,5.74283986728443,30.5621181630478,3.86803201499441,3.01669435408112,9281.33282136864,2.64631532426549,167.90513914799786,,94.9,120.698,83.939,18.0882204442791,5.785,,-0.415796899999999,51.7253658,-0.4398335,105.702369689941,27.8044136163908,20.732
BRA,2023,-0.451506099999999,-1.275,0.196,8.92217152425833,28.628650184641,2.86383330702497,3.24165532813583,10377.5897719195,2.83370012768067,180.44987982177733,4.087062146892655,77.58,120.2663,84.001,15.7606472061782,4.621,,-0.521574099999999,51.1409432,-0.483012599999999,,27.0083134719641,17.938
BRA,2024,-0.4088904,-2.818,0.185,2.76291350281814,28.6612661075538,3.38960802616211,3.41931516597739,10310.5488778166,3.00083291987643,221.0156972208821,3.15,76.63,122.893,87.284,16.9814356039822,4.831,,-0.5205702,50.2174997,-0.446218,104.144660949707,26.3285463035743,15.674
BRB,2010,1.3402327,-4.059,0.126,,,7.49770509942005,-2.21771085628247,20610.5150721363,-2.61559986287286,119.99545832174232,,79.48,93.0541,95.278,,6.498,0.297144735120965,1.1818697,64.7518969,1.1937698,107.682540893555,15.48331275005,25.369
BRB,2011,1.514105,-10.381,0.262,,,8.11486529224277,-0.310320187825369,20508.1498810382,-0.633787547060066,153.18591263180687,,94.88,88.7767,99.025,,9.559,0.478258261538397,1.173978,66.8110199,1.2130279,107.300071716309,15.7970594572106,26.83
BRB,2012,1.4452466,-7.47,0.139,,,9.16515225346744,-3.41390821153806,20804.1150004694,-3.69257089899511,161.96787185362544,,94.05,91.6361,108.807,,2.419,0.455018922008083,1.2347483,65.649051,1.1685047,,16.1512986670087,28.827
BRB,2013,1.422247,-7.33,0.168,,,1.83669980165651,-1.771174940631,20410.2065438568,-2.02836384026963,136.24820703149317,,97.98,92.7611,118.402,,1.082,0.383795670096944,1.216274,65.722019,1.1305025,,16.4610611323891,29.111
BRB,2014,0.9707469,-8.067,0.19,,,13.4093775773811,0.752615446604594,20192.7084081797,0.505392415183394,121.88517901052042,,93.17,95.5876,122.44,,2.506,0.327779295536994,1.3382083,60.6070272,1.0585348,108.186309814453,16.3635528612106,33.056
BRB,2015,1.207238,-5.456,0.152,,,12.083324294887,-1.17048018967635,20424.2087530019,-1.39790250487843,111.18462156014614,,48.66,108.1696,131.623,,-2.499,0.129202531392543,1.1290517,64.0074133,1.0869039,108.196029663086,16.2579753056731,28.856
BRB,2016,1.1460171,-3.86,0.178,,,9.82448659013076,1.49650622520576,20295.5672072046,1.27579693620899,119.36261924864752,,43.29,113.0665,135.269,,3.823,0.0966644797426343,0.839715,63.3748484,1.0487063,108.310737609863,17.4774800995387,26.183
BRB,2017,1.1097987,-3.418,0.153,,,1.60970470892023,0.708386729317951,20284.5762052461,0.50241999615892,119.70533874025382,,50.8,112.8101,142.847,,6.567,0.13228226291345,0.8399905,61.9449799,0.9602192,109.804237365723,18.8232988852764,26.206
BRB,2018,1.1350977,-3.578,0.153,,,4.02530011079732,-1.2760241773002,21381.2426303209,-1.46593817049695,120.1730401916504,,65.23,112.0038,114.212,,-0.947,0.214063429251287,0.8002803,61.5208185,0.8225751,108.216751098633,19.5763129658092,24.207
BRB,2019,1.1451261,-1.6,0.174,,,3.49521864375147,0.227712137486577,21912.1501242857,0.050927970591033,131.4715934540646,,56.99,115.7333,107.646,,2.323,0.230547661622418,0.9758945,60.5560445,0.7845979,106.086326599121,20.0438853130485,25.785
BRB,2020,1.1695313,-4.902,0.198,,,4.84737518609963,-14.3647119341564,19194.4919736739,-14.5139743585979,166.60730119735476,,39.16,117.774,138.17,,0.395,0.138343276363777,1.0680614,61.1944022,0.7048546,104.318992614746,19.7125240906962,30.031
BRB,2021,1.1946829,-10.263,0.188,,,4.01400677589932,-0.0967779613221893,21079.6145271791,-0.255760855683505,168.30067705253205,,68.14,113.1051,121.594,,2.36,0.328405869203115,1.0845669,62.371663,0.7010659,103.569473266602,18.9383806650285,28.25
BRB,2022,1.1926841,-9.89,0.178,,,2.90490784179872,17.2264626793379,24387.0387293761,17.1554586161249,167.90513914799786,,94.9,120.698,113.683,,3.842,,1.2066625,61.2337061,0.7169373,104.222328186035,19.1530324450665,21.026
BRB,2023,1.2089543,-8.595,0.197,,,3.11355691690029,2.914357359625,25583.878782727,2.90779617567229,180.44987982177733,4.087062146892655,77.58,120.2663,111.482,,3.238,,1.2767666,61.632753,0.7343145,102.513702392578,19.2520697352434,18.264
BRB,2024,1.2257724,-4.472,0.194,,,4.04185101459713,2.4822621396186,26544.8707282621,2.43473383953297,221.0156972208821,3.15,76.63,122.893,102.922,,0.509,,1.2722219,61.8101531,0.7277751,104.371182990274,19.0603535637878,18.049
BRN,2010,0.9284875,36.596,0.65,11.8738040967365,,3.50710078835613,2.74136439456163,34937.5555357155,0.808737769071328,119.99545832174232,,79.48,93.0541,1.113,23.6902575256773,0.185,26.7152441963854,1.2633781,70.6896427,0.6410918,101.011688232422,5.1130285958782,21.674
BRN,2011,0.945319,34.711,0.653,-2.99981680294792,,3.73105568458092,3.74440625524871,46382.8274255349,1.91129549119837,153.18591263180687,,94.88,88.7767,2.129,26.0242928941481,0.164,29.6086211413466,0.9587232,70.9194923,0.6708764,102.111122131348,5.05668177462939,22.054
BRN,2012,0.9671207,29.838,0.654,1.2131221461231,,4.54055753809902,0.913135189664487,46968.5971164922,-0.62162371685136,161.96787185362544,,94.05,91.6361,2.101,32.8821465207434,0.038,25.2092889599313,0.901649,70.4741421,0.6338542,105.229759216309,5.11589754445385,22.601
BRN,2013,0.9963226,20.881,0.661,-5.67748368749167,,4.28670084809197,-2.12478292664558,44003.0644273461,-3.46841841572171,136.24820703149317,,97.98,92.7611,2.209,39.5934116228483,0.157,21.4732323194006,0.9634698,71.8700484,0.4689994,102.392692565918,5.23475023076081,23.338
BRN,2014,1.2036828,30.709,0.633,-0.097697345590916,,3.35660901155102,-2.50788727590711,41026.5084247957,-3.80575468176978,121.88517901052042,,93.17,95.5876,3.231,27.44181699276,1.229,22.0986474634681,1.2566861,70.8585578,0.4540224,96.2848663330078,5.27238784861685,24.092
BRN,2015,1.2048251,16.679,0.647,-9.94887132308004,,1.32471179544033,-0.392383749502031,30625.1287744656,-1.68097052571925,111.18462156014614,,48.66,108.1696,2.953,35.2473258617273,-1.392,18.8982989274798,1.2031979,69.8175163,0.3745893,92.8161697387695,5.59023357820959,25.886
BRN,2016,1.0855421,12.894,0.6,-3.18532061917718,,-1.32059047324395,-2.47791771833224,26663.2972950602,-3.69864300009469,119.36261924864752,,43.29,113.0665,3.005,34.6202628541232,-0.627,15.6737709259074,1.0333017,67.1702581,0.2656862,90.0986175537109,5.86234076635562,27.629
BRN,2017,1.2166994,16.362,0.611,-4.07032625551001,,3.85818821585897,1.32872661057823,28024.3824580252,0.109331621558866,119.70533874025382,,50.8,112.8101,2.825,34.804760189414,-0.46,17.1505902720615,1.0788022,68.474788,0.2936459,88.6814727783203,6.09216389412937,29.255
BRN,2018,1.2159731,6.928,0.621,5.70478559999177,,3.80486552830842,0.0523710418528935,30988.1190267227,-1.09895909064488,120.1730401916504,,65.23,112.0038,2.586,41.0665959296934,-0.006,22.5076667399112,1.1449838,68.5877855,0.3405091,89.1818084716797,4.80454565288006,30.809
BRN,2019,1.1831673,6.636,0.56,14.8808580094482,,2.77118007919323,3.86884436177075,30426.5730656528,2.72616506285996,131.4715934540646,,56.99,115.7333,2.575,38.6777534991209,0.273,20.8493177212138,1.0980607,67.5006252,0.2885457,88.2910308837891,6.26820275175392,20.141
BRN,2020,1.183555,4.279,0.432,7.6227211232724,,4.7105756528403,1.1335733495246,26834.3592233943,0.0657353317528475,166.60730119735476,,39.16,117.774,2.857,40.5878302733583,2.0,13.7524545777569,1.1645233,67.6373934,0.5634206,86.6857810342997,6.96413698142095,26.852
BRN,2021,1.1827999,11.21,0.41,8.41706256539139,,1.47404982867232,-1.59076260099606,31006.9636289785,-2.53123842091919,168.30067705253205,,68.14,113.1051,2.514,31.2725676396553,2.186,24.2800139399884,1.1632013,68.5386639,0.5616354,,5.3964548566241,16.238
BRN,2022,1.1825406,19.567,0.449,7.15602803348223,,-1.73946797718401,-1.62833154515108,36632.9280952155,-2.41660968862067,167.90513914799786,,94.9,120.698,2.057,25.8510429426901,3.289,,1.175984,68.5126647,0.6385844,,4.47760509577508,18.299
BRN,2023,1.1816499,12.879,0.44,-2.23508177967867,,-0.370504516227009,1.12764418162719,32890.5491812019,0.339025318690261,180.44987982177733,4.087062146892655,77.58,120.2663,2.334,29.6282073672206,0.65,,1.3348873,67.6044091,0.638307,91.8381544399811,4.68981346054319,17.955
BRN,2024,1.1861774,16.561,0.433,3.07479323950967,,0.189449066349964,4.05251709306727,33153.4738913513,3.20430381881549,221.0156972208821,3.15,76.63,122.893,2.29,27.8989648348497,-0.5,,1.2027245,68.85143,0.5876078,,4.58117461209955,17.872
BTN,2010,0.7720446,-20.849,0.343,7.52128595875845,57.6608858212657,4.40487201345335,11.9318738376229,2435.5798056672,10.7124208428696,119.99545832174232,,79.48,93.0541,55.813,62.9334525245912,5.7,5.30448103550043,0.7505364,41.1853522,0.1661014,62.9354400634766,69.0949937782355,8.784
BTN,2011,0.7141101,-35.057,0.34,3.20296684329307,57.4352950866873,1.57461513860453,8.4892584842808,2787.97967608562,7.30476940871061,153.18591263180687,,94.88,88.7767,62.331,68.2199911028334,9.6,4.92099178553179,0.7467369,41.2230475,0.2019468,66.9861221313477,70.8986195401706,8.911
BTN,2012,0.8135637,-19.749,0.363,-2.4005777284324,79.1608314145797,1.2354733641673,5.16482012683895,2751.2128864294,4.006257825918,161.96787185362544,,94.05,91.6361,71.471,69.4487268866834,9.5,4.25283283104005,0.7756826,41.618918,0.1873333,72.1302185058594,70.8006337502851,6.982
BTN,2013,0.785208,-23.483,0.316,3.87171119024792,89.4459115640474,1.05127659163372,1.73634039505693,2679.95217201538,0.614996700864396,136.24820703149317,,97.98,92.7611,92.373,64.0143242143309,12.9,3.47642434931993,0.7771733,41.6055107,0.2565264,76.680793762207,70.8867128653209,9.389
BTN,2014,1.0904024,-24.999,0.323,-5.2908306297636,99.3381192854371,1.12656942719562,5.88108550658288,2849.49998647303,4.74506543590765,121.88517901052042,,93.17,95.5876,89.788,56.5119544142318,8.099,3.4188576402575,1.1573285,43.3883248,0.3487073,84.1404190063477,71.001889659892,9.023
BTN,2015,1.0788548,-25.513,0.314,-3.17650587483716,103.230441033963,0.294858179551153,6.66080128866197,2954.04081911097,5.58370603464722,111.18462156014614,,48.66,108.1696,90.157,56.4311104866744,4.74,4.0282954127605,0.9981818,48.5293474,0.5171592,85.2313079833984,72.7974166519113,10.115
BTN,2016,1.169102,-29.006,0.301,-5.27863860556086,110.020732525956,0.504099187674602,8.47594339232963,3152.30905106786,7.42464056841786,119.36261924864752,,43.29,113.0665,107.484,56.3993877727553,3.65,4.43640193256866,1.1113941,49.4322817,0.5150738,85.6766128540039,72.3010157738819,11.614
BTN,2017,1.4511886,-21.962,0.318,6.45096536242065,113.849547308498,-0.638806366922729,2.08684522733067,3435.28804735662,1.21137239128886,119.70533874025382,,50.8,112.8101,104.08,54.1677690387849,4.93,3.36403341231926,1.1177867,52.835177,0.6206244,86.5600433349609,71.8541957754582,13.355
BTN,2018,1.4519306,-17.42,0.329,0.263572692969831,112.222258298103,0.10255942689779,3.50187185732737,3400.20417245342,2.76296102776938,120.1730401916504,,65.23,112.0038,107.295,54.0155173557361,2.55,1.98850743903733,1.1151798,54.1177752,0.6674477,87.5722870683987,71.5103665115848,15.199
BTN,2019,1.4640293,-19.187,0.316,26.1406970145353,111.877606026612,0.475617042344246,5.75514851246506,3576.87987100503,5.05479153201512,131.4715934540646,,56.99,115.7333,99.737,46.0853579354704,2.749,2.1900698281611,1.1641113,53.7658375,0.6618686,90.6185575459377,70.7341889791536,11.56
BTN,2020,1.3421241,-14.79,0.305,-19.6747140655918,139.831817651251,-0.113401528947433,-10.2183974208569,3191.66906999331,-10.8226112381065,166.60730119735476,,39.16,117.774,114.939,39.0705723574357,4.459,2.79203234949683,1.1154419,54.3747784,0.6470186,89.7711428873908,70.5357213333439,21.989
BTN,2021,1.3198694,-11.154,0.376,1.03784266027971,125.138819900092,0.244983575408047,4.42136738945015,3570.61257980872,3.68935319221934,168.30067705253205,,68.14,113.1051,123.276,44.3885960181084,7.439,2.73325446048629,0.9391838,54.1509693,0.6782878,92.5248380307052,70.1985949024013,20.609
BTN,2022,1.357056,-28.088,0.478,-9.14277042244328,115.015506284534,0.289904655137253,5.21386783786224,3711.32767981591,4.47661599603487,167.90513914799786,,94.9,120.698,117.344,55.7788292940378,6.583,,1.3224382,53.138064,0.6837835,89.9829129407455,69.8527722495481,27.177
BTN,2023,1.3563935,-34.226,0.351,30.6802150330908,114.49950351728,0.338339566584512,4.63215704523927,3831.32535494609,3.90421522133049,180.44987982177733,4.087062146892655,77.58,120.2663,115.443,45.2657365019991,3.834,,1.3322654,53.139843,0.7200012,86.8564415582911,69.7129058637769,14.939
BTN,2024,1.4722389,-16.797,0.337,,,,,,,221.0156972208821,3.15,76.63,122.893,107.775,,1.744,,1.3541153,53.4229511,0.7902665,86.1810001963554,69.4010973350435,17.934
BWA,2010,1.0119522,-5.888,0.614,18.2009046383757,14.8752744836522,1.7280613479871,10.119723322694,6215.73216077919,7.82114699392078,119.99545832174232,,79.48,93.0541,26.547,34.7021091252242,7.41,2.10519505915873,1.2771925,67.4895284,0.7341617,,27.9458735238199,35.093
BWA,2011,1.0051672,-0.873,0.769,-0.810797889696914,15.9508587187728,1.94040749024403,6.83841052493574,7287.38295334919,4.75557328946104,153.18591263180687,,94.88,88.7767,27.892,39.1181150467037,9.175,1.89428505199175,1.2314867,67.3218704,0.7466632,,28.0679948928725,35.196
BWA,2012,1.0357782,-5.902,0.771,16.7847689362627,17.7728391392687,1.05040106491218,-0.170857099335691,6595.53845015424,-1.83175900387364,161.96787185362544,,94.05,91.6361,26.448,35.9998617809678,7.435,2.25863530970605,1.2248637,68.6756465,0.7034965,,28.2772779508163,34.652
BWA,2013,0.9806396,4.531,0.816,39.6684348795382,17.4581483023392,0.470417841005353,11.1029068737822,6666.91219583487,9.43871073960261,136.24820703149317,,97.98,92.7611,23.774,24.8793287159182,4.068,1.42514080375562,1.187303,67.1693907,0.5939995,,28.3779700551793,34.602
BWA,2014,0.8215662,11.075,0.833,1.15421975429186,16.6042841074893,3.33019730942426,5.69714422072884,7122.36423421503,4.17099012944411,121.88517901052042,,93.17,95.5876,23.936,25.2530625662887,3.75,0.927757760163875,1.1504977,66.2711026,0.5753426,,28.0810648805542,34.6
BWA,2015,0.7957375,2.226,0.805,-7.36013194477529,16.9995186828514,2.79773267452093,-4.85132507409779,6141.20394726616,-6.19995412245493,111.18462156014614,,48.66,108.1696,24.453,28.4432892203156,3.1,0.804774555171728,1.1318799,64.4348708,0.4252987,,27.8992610465993,34.743
BWA,2016,0.8579361,7.973,0.879,-8.36840069996936,15.3799402336298,0.944944816734731,7.20442475914267,6749.05994339013,5.69319455388396,119.36261924864752,,43.29,113.0665,22.341,22.0676982064961,2.986,0.762292638118151,0.9837653,64.7668766,0.3914359,,27.666946873579,34.851
BWA,2017,0.7790808,5.586,0.9,-5.45744865055397,11.7524342645419,1.61796092921322,4.11437856445083,7104.96401088027,2.6459126098983,119.70533874025382,,50.8,112.8101,19.591,25.0058963191325,3.184,0.880112468848718,1.0166207,63.3587978,0.4037409,,27.4501623176658,34.872
BWA,2018,0.851239,0.393,0.892,11.8824105874732,11.4836203837343,1.67893386448584,4.18869237159223,7407.95940141786,2.72071433079989,120.1730401916504,,65.23,112.0038,19.642,25.902879643882,3.539,0.869694754311434,0.9948159,63.6453172,0.4031783,,27.2376845428069,34.404
BWA,2019,0.8223154,-6.917,0.892,-8.81769224136181,9.32339448456644,0.559653498041763,3.0317733945467,7172.08956480028,1.57639094067899,131.4715934540646,,56.99,115.7333,21.511,30.8204405592326,2.2,0.656053805525875,1.1539103,61.6395915,0.4519148,,27.0474161138017,34.588
BWA,2020,0.7218389,-10.188,0.873,-18.5714500058735,10.6992155948814,0.212513875084985,-8.72888243996397,6323.2974967659,-10.0332383222742,166.60730119735476,,39.16,117.774,23.508,32.7272598389392,2.153,0.675042393475679,1.0835182,61.0005604,0.33481,,26.6076463672212,40.436
BWA,2021,0.7018975,-1.678,0.89,31.6823604679213,10.6318003846395,-1.70161470195308,11.9162724376008,7807.88794570471,10.2596472128547,168.30067705253205,,68.14,113.1051,22.282,27.3637239028603,8.716,1.03853443914101,1.0572186,62.1175665,0.3719933,70.6292572021484,26.1144689851688,43.355
BWA,2022,0.6506622,-1.142,0.841,-5.36913319816904,9.83885342882201,3.49204705165089,5.48601706446772,8328.7090572666,3.82363084321453,167.90513914799786,,94.9,120.698,20.989,26.791517866856,12.423,,1.0798421,62.5104152,0.3434669,,25.9268497368709,42.611
BWA,2023,0.6066871,-0.601,0.784,-12.4135578248992,11.2373733255328,3.82011318135645,3.20806812224438,7826.35376483298,1.52893817984001,180.44987982177733,4.087062146892655,77.58,120.2663,22.505,30.2958784873742,3.527,,1.0127245,61.9054882,0.3322692,,25.7590725645829,44.361
BWA,2024,0.6311414,-4.733,0.819,-0.54006074923204,11.9275332021357,2.40833479893043,-2.98986879467928,7695.75319445165,-4.56345490621125,221.0156972208821,3.15,76.63,122.893,32.565,35.9882137116598,1.741,,1.0322942,61.2018557,0.3120842,,25.6678904706611,45.296
CAF,2010,-0.979839599999999,-9.418,0.368,42.5553617220046,30.434971731401,2.8712892233531,4.63081843223307,476.873786950728,5.47038096593693,119.99545832174232,,79.48,93.0541,19.883,16.8437813047686,2.261,7.89856275992667,-1.71672009999999,37.4956552,-1.3182623,,78.8551246248174,10.338
CAF,2011,-0.980304699999999,-6.819,0.381,45.4079790293028,25.350441708813,1.5138934301082,4.19461533741989,534.057281471636,2.55065326927321,153.18591263180687,,94.88,88.7767,19.686,13.7084644737209,4.342,8.45049853159435,-1.5684755,37.2630598,-1.33362769999999,15.9189596176147,78.6211913372407,10.187
CAF,2012,-0.9511,-5.585,0.389,6.75018165429577,24.8590362138999,2.79010478789883,5.05376125356918,544.395849142785,4.00963689358869,161.96787185362544,,94.05,91.6361,31.533,10.8339751287687,5.926,9.16768384336065,-1.8710274,36.8733906,-1.42836609999999,15.6197595596313,78.3627815713425,9.966
CAF,2013,-1.1350883,-2.935,0.405,-24.8207854422636,38.1298763136538,0.109532467338194,-36.3919770983887,364.36696260838,-36.8245466038613,136.24820703149317,,97.98,92.7611,51.79,7.5153240218181,2.566,13.29568815319,-2.14915889999999,32.5289352,-1.8659188,,78.9416720643146,9.798
CAF,2014,-1.25103109999999,-13.324,0.492,13.7161980184403,37.2299988230472,0.18339589636816,0.0810705153264877,409.8504859647,0.497506544343594,121.88517901052042,,93.17,95.5876,62.24,21.9907907197476,14.019,11.2660722533116,-2.4862537,30.9147381,-1.8093264,,79.3817097319019,9.726
CAF,2015,-1.3662253,-9.105,0.354,9.98966968177581,43.1183201527275,0.176904971713319,4.33712103020231,366.322853938121,4.19878078824811,111.18462156014614,,48.66,108.1696,59.79,21.8053804538636,10.661,12.6926233912315,-1.8904664,30.9318801,-1.7074828,,79.6020025399142,9.809
CAF,2016,-1.30818529999999,-5.391,0.384,-8.22929504418859,40.2590003485294,0.397590019652539,4.75031684122342,387.176203444318,2.87598768927953,119.36261924864752,,43.29,113.0665,53.887,22.463467946845,-4.466,13.0582628938186,-1.698431,32.2659246,-1.6889029,13.9465503692627,79.7275971608616,9.746
CAF,2017,-1.18078179999999,-7.835,0.309,22.9352943232139,35.4793945423637,0.332412482969051,4.52727821346231,432.324025684263,2.7861131027974,119.70533874025382,,50.8,112.8101,50.275,25.6012512008403,7.171,13.4175903775497,-1.82651039999999,32.5024124,-1.60528049999999,15.8074398040772,79.7491798950881,9.726
CAF,2018,-1.22089,-7.976,0.445,-52.0561431564926,34.9953587772351,0.810612744001372,3.78944359275462,455.243962859534,1.9780319759616,120.1730401916504,,65.23,112.0038,50.032,26.0,4.605,11.1787424768372,-1.89363629999999,33.291231,-1.553388,,79.690565001594,9.574
CAF,2019,-1.20142479999999,-4.923,0.404,1.95231933255103,36.3671939851117,1.1525297989583,3.09999999999999,449.228467602439,1.72290159793216,131.4715934540646,,56.99,115.7333,48.152,26.0,-2.041,9.81112301862311,-1.85285369999999,33.2972289,-1.5839953,,79.5560195545725,9.637
CAF,2020,-1.25240479999999,-8.165,0.371,-2.84100815547703,36.9485082980911,0.0746698927110639,0.899999996857062,462.879071294011,-0.744488614542561,166.60730119735476,,39.16,117.774,44.397,25.9999999979092,1.837,9.88532886509892,-2.3306101,33.3324054,-1.5623816,,80.3531262833705,10.863
CAF,2021,-1.316273,-11.124,0.357,-11.9954820216876,41.3449424897673,0.214980465443776,0.982919996264229,492.263142830507,-0.705468755505223,168.30067705253205,,68.14,113.1051,48.525,25.3641399970476,2.701,10.2601957578803,-2.1689304,32.8807719,-1.5476834,,79.8311116998482,10.831
CAF,2022,-1.3173981,-12.946,0.421,-6.54099884114771,41.6647931673792,1.00929791484186,0.453901876447787,467.359825026238,0.730965726740934,167.90513914799786,,94.9,120.698,51.028,24.3266600012173,7.584,,-1.9022515,33.2641042,-1.66733549999999,,79.7145777633579,10.078
CAF,2023,-1.3816342,-9.294,0.501,18.4221840194833,40.0325737775072,1.51604656547544,0.69996840076054,495.978897288721,-0.362884514707787,180.44987982177733,4.087062146892655,77.58,120.2663,58.183,23.7477562200269,2.32,,-1.87417179999999,33.9129262,-1.7248503,,79.5870849025493,9.861
CAF,2024,-1.30997079999999,-8.957,0.47,5.52199995804419,35.8540712601052,1.46851186564355,1.49999999847535,516.160999996036,-1.89436423949913,221.0156972208821,3.15,76.63,122.893,60.665,23.6399492481873,3.019,,-1.83294689999999,34.8637158,-1.7147975,,79.5008802148857,9.991
CAN,2010,1.941867,-3.562,0.138,6.67584774370194,,1.83725638740881,3.09080634469335,47560.6666009406,1.95144744690714,119.99545832174232,,79.48,93.0541,83.976,23.4820046985497,2.228,2.12754227247051,1.0176806,80.615074,1.6001704,102.510261535645,10.6878070281103,14.575
CAN,2011,1.8892441,-2.712,0.151,4.79725397308417,,2.13783310760835,3.13719442170364,52223.8588398531,2.13607717133128,153.18591263180687,,94.88,88.7767,84.286,24.1514534714945,2.661,2.59347020768665,1.0765359,80.0791186,1.5766277,102.823951721191,10.5574230803548,13.915
CAN,2012,1.8407404,-3.534,0.165,2.76419735416002,,2.70016900895675,1.75566129145483,52670.3447335415,0.658841956783917,161.96787185362544,,94.05,91.6361,87.151,24.867543598009,0.993,1.44307674491624,1.0932951,82.1230095,1.6013849,110.873832702637,10.5806462430706,14.036
CAN,2013,1.8292063,-3.141,0.17,2.45341397762056,,3.62980398357006,2.32581354806429,52638.1187235237,1.2535901034471,136.24820703149317,,97.98,92.7611,87.605,24.907675073032,0.956,1.71420267216183,1.0153332,82.5136629,1.5897423,111.407608032227,10.5840958560203,13.243
CAN,2014,1.8178559,-2.32,0.178,6.31907931616551,,3.55390337011002,2.87346677785811,50960.8431174661,1.84840952337521,121.88517901052042,,93.17,95.5876,85.541,24.8707076104681,1.974,1.68853293506066,1.1626133,81.3971141,1.6432199,111.68155670166,10.5338625064916,13.203
CAN,2015,1.8679741,-3.495,0.14,3.39883695290813,,3.85389453706152,0.649971001734855,43594.1941045394,-0.11236916498423,111.18462156014614,,48.66,108.1696,92.029,23.8215933948339,1.273,0.332933838108915,1.1827978,81.0256924,1.7204594,111.737281799316,10.4742872426478,12.759
CAN,2016,1.9407326,-3.088,0.138,1.52524555453834,,2.23835012140903,1.03855092490855,42314.0615817218,-0.0982963624127819,119.36261924864752,,43.29,113.0665,92.397,22.7611201594839,1.414,0.786494936523475,1.1623092,82.7862861,1.7286564,111.607330322266,10.5169734593256,12.597
CAN,2017,1.8841224,-2.803,0.143,1.4908382895598,,1.53752071953934,3.03383491200222,45129.628116623,1.8094644720755,119.70533874025382,,50.8,112.8101,90.942,23.5504692286096,1.833,1.19690470285221,1.0192144,83.9445913,1.7126573,111.974517822266,10.519904241659,11.236
CAN,2018,1.8073526,-2.377,0.147,3.5741217552909,,2.46931207254863,2.74296344906655,46539.1761570405,1.28092659672814,120.1730401916504,,65.23,112.0038,90.776,23.3773111619236,2.054,1.79820431653194,0.9371514,80.7639121,1.7028344,111.833679199219,10.6070279931613,10.709
CAN,2019,1.7955073,-1.953,0.151,2.28655552611644,,2.80676687017653,1.90843194590616,46352.8693445211,0.429657601305934,131.4715934540646,,56.99,115.7333,90.21,23.0424241743147,2.062,1.93317583033348,0.9041813,81.400546,1.682264,110.980072021484,10.5665118443442,10.744
CAN,2020,1.6422133,-2.017,0.127,-8.98087577595274,,1.75897085668576,-5.03823343468899,43537.839298904,-6.06240642306676,166.60730119735476,,39.16,117.774,118.066,22.6747176119532,0.779,1.24181874632923,0.9455077,79.9847535,1.5585901,109.628059387207,11.0283731309203,20.125
CAN,2021,1.6156132,-0.019,0.147,3.31127538313444,,2.97618288160973,5.95052802804381,52886.6616372703,5.36528781293082,168.30067705253205,,68.14,113.1051,112.617,24.3050554969726,4.734,4.94905581435186,0.7604154,80.5966057,1.5493331,108.337341308594,10.1115983026295,13.557
CAN,2022,1.651994,-0.304,0.177,4.17193888808779,,2.31755804932899,4.18903628100851,56256.8007264015,2.32641594463436,167.90513914799786,,94.9,120.698,104.207,25.3186668256785,6.596,,0.5074459,80.6051381,1.5052581,107.467987060547,9.78435526150716,10.082
CAN,2023,1.6263584,-0.627,0.158,4.95543869949134,,2.01979850018061,1.52874550838358,54220.3285039875,-1.37792078609685,180.44987982177733,4.087062146892655,77.58,120.2663,107.711,23.8949011694691,3.18,,0.6267803,79.6626569,1.4361681,104.320877075195,9.46796503398798,10.806
CAN,2024,1.6319089,-0.508,0.169,0.550155139420895,,2.81029565355294,1.55479521049516,54340.3477224733,-1.40934525428779,221.0156972208821,3.15,76.63,122.893,110.769,23.2003491794218,1.908,,0.5984769,76.3468072,1.4608299,,9.62271461548484,13.276
CHE,2010,2.0649103,12.985,0.166,12.6057915968219,,2.95077318898271,3.24339715656356,76531.3729407691,2.17363798688378,119.99545832174232,,79.48,93.0541,41.457,25.8955591965806,0.535,0.0153502739851764,1.3107684,82.3116231,1.798446,96.6068572998047,11.5490005534118,8.216
CHE,2011,2.0892423,6.231,0.168,4.04060013625241,,2.90052077420682,1.81310830459596,90476.7589651577,0.687339980952387,153.18591263180687,,94.88,88.7767,41.883,28.4924187348254,-0.588,0.0129731788701895,1.3512353,82.3955839,1.8068432,97.1951599121094,11.3166107857827,7.727
CHE,2012,2.1649502,8.877,0.283,0.688026054823027,,5.81910221569192,1.17925385250513,85836.2076767359,0.110596623356798,161.96787185362544,,94.05,91.6361,42.569,26.66022900376,-0.435,0.0116054102262085,1.3809599,84.0283691,1.8687984,98.3727416992188,11.0492703473196,8.327
CHE,2013,2.1291279,9.632,0.355,14.1719610588468,,-3.52948637026792,1.79214400716117,87304.3305813557,0.628360626093993,136.24820703149317,,97.98,92.7611,41.948,25.1549339552027,0.083,0.0122925706275075,1.3427758,83.2053643,1.7969372,101.221382141113,11.2783784856748,8.743
CHE,2014,2.2607465,6.938,0.257,-5.03425096171786,,2.89084632358213,2.34988141500179,88724.9909402638,1.10869373261926,121.88517901052042,,93.17,95.5876,42.07,25.5531960420311,-0.305,0.0133939110821008,1.422405,85.0513129,1.880784,,10.9091029999014,8.597
CHE,2015,2.2702247,8.877,0.267,4.02377704558216,,17.3922014905275,1.64462750849488,83806.4476003837,0.494129645915152,111.18462156014614,,48.66,108.1696,42.16,25.0748632817703,-1.275,0.0106918477707141,1.2751929,83.1926194,1.8856813,103.913391113281,10.2687812048554,8.815
CHE,2016,2.2830399,7.276,0.289,5.97768299554156,,24.8364271188431,2.06868969039562,82153.0745447889,0.960131696221239,119.36261924864752,,43.29,113.0665,40.934,25.561928395454,0.023,0.0105099534065671,1.2064894,85.1322833,1.8970374,104.09513092041,10.1643721006382,8.579
CHE,2017,2.3027582,5.313,0.258,-0.37695249336042,,21.1132101645126,1.36279965488859,82254.3769269767,0.421326259922779,119.70533874025382,,50.8,112.8101,41.751,26.0443143419626,0.872,0.0097955876053815,1.1641565,84.9467689,1.8895294,103.900062561035,10.1563032760055,8.059
CHE,2018,2.2937762,5.598,0.246,3.37286431778006,,-22.2992307115934,2.86044579439036,85217.3691512274,2.10552471989985,120.1730401916504,,65.23,112.0038,39.783,25.7344532320312,0.72,0.0130088671838284,1.2552678,83.3279776,1.9134219,104.188026428223,9.99332462166162,7.937
CHE,2019,2.3009699,3.506,0.25,-0.678189133502485,,3.09898460757035,1.14198218965691,84121.9310304414,0.423089633793808,131.4715934540646,,56.99,115.7333,39.637,26.4377929043745,0.189,0.0091832516564973,1.2001317,82.7328005,1.9141226,104.071113586426,9.53885023119349,7.993
CHE,2020,2.2868791,0.493,0.273,-5.24019229102475,,-32.1514826654422,-2.14173712008038,85897.7843338323,-2.85415823647342,166.60730119735476,,39.16,117.774,43.2,29.5787498388343,-0.777,0.0080278531976577,1.1126481,80.7781016,1.8077068,104.211616516113,9.30594102223025,8.603
CHE,2021,2.1059546,7.049,0.271,13.7453769457978,,-14.8138174061548,5.55962020605844,93664.7736696111,4.75464519304134,168.30067705253205,,68.14,113.1051,40.98,26.1555657203382,1.578,0.0091074031194559,1.0255347,82.6188425,1.7893994,103.605186462402,9.62881873020718,8.315
CHE,2022,2.0949429,8.722,0.28,6.10381113426672,,-1.49836009615472,3.04406102969423,94394.5106803525,2.1924092887961,167.90513914799786,,94.9,120.698,37.191,24.8173430933187,2.885,,1.0254452,82.6520571,1.7793511,103.392356872559,9.74750320571686,6.835
CHE,2023,2.0972439,5.248,0.286,0.706407654071285,,-12.9086989818136,0.683328174376044,100623.549627296,-0.582278335714477,180.44987982177733,4.087062146892655,77.58,120.2663,38.679,25.9871467150257,1.75,,0.9907717,83.3372875,1.7920906,102.965591430664,9.68043706798858,7.865
CHE,2024,2.0072184,5.066,0.297,-0.276238033118815,,-11.5737467714118,1.30233332541106,103998.186685604,-0.0110810035101565,221.0156972208821,3.15,76.63,122.893,37.578,26.9877309828941,0.646,,0.9806678,82.7948642,1.7636516,101.4287109375,9.59967248973297,8.238
CHL,2010,1.5074067,0.896,0.395,1.86879213247182,,6.84144686828522,5.85165102224047,12632.8704724192,4.79363748014636,119.99545832174232,,79.48,93.0541,8.607,24.775467656778,2.98,11.9881628362203,0.9018874,78.0136176,1.2297551,90.99951171875,19.9468654027448,19.058
CHL,2011,1.5441989,-4.92,0.377,5.19221048163909,,10.4897738058645,6.22389678509138,14487.3927832032,5.18104033334399,153.18591263180687,,94.88,88.7767,11.127,26.6462967159419,4.432,12.1645185437385,0.5996883,78.341056,1.1056868,90.9826202392578,19.9359022365088,18.003
CHL,2012,1.4796889,-5.326,0.362,0.323147094943749,,11.9097449981544,6.15534001855494,15241.9069981119,5.14158431251035,161.96787185362544,,94.05,91.6361,11.939,28.7913494665394,1.483,9.05442637303188,0.592861,79.2671617,1.1356496,89.5031433105469,19.1568100362915,16.927
CHL,2013,1.4311564,-4.778,0.342,3.06016254321322,,7.61396398974862,3.30850824710085,15683.5486369155,2.32789256098182,136.24820703149317,,97.98,92.7611,12.784,27.4969587973855,3.024,7.66232423505302,0.574319,78.5432046,1.0732241,99.1520767211914,19.1954319216634,16.682
CHL,2014,1.3860663,-3.462,0.328,0.461422330590878,,9.83500371419039,1.79264947139259,14529.6767206336,0.783002086375433,121.88517901052042,,93.17,95.5876,15.02,25.1580934170755,4.64,6.87780503013052,0.7184817,75.7418312,1.057621,99.8654403686523,19.9398426850485,16.976
CHL,2015,1.1438485,-2.733,0.319,-2.33167302424592,,7.32780348711267,2.15194249981184,13433.9202987032,1.11370445947465,111.18462156014614,,48.66,108.1696,17.375,25.5994379460368,4.378,4.04461870413776,0.6780588,74.1517046,1.0033345,100.921676635742,19.8407454018785,15.813
CHL,2016,1.1036472,-2.622,0.306,0.598357065478709,,4.55707488153847,1.753038749071,13649.8520452803,0.52983351729867,119.36261924864752,,43.29,113.0665,21.101,23.7087902931288,2.715,3.20569572328577,0.5937207,74.9892096,0.9892533,101.488136291504,20.6669999520745,15.799
CHL,2017,1.1123641,-2.756,0.33,-0.961650527811713,,1.89647029836548,1.35769537343957,14879.9086227187,-0.235110167425177,119.70533874025382,,50.8,112.8101,23.652,22.6366699629063,2.266,5.30261792520974,0.5894191,74.4226276,0.9674315,102.294822692871,21.1846815872184,17.732
CHL,2018,1.1121229,-4.49,0.32,4.88514955418337,,2.68461345207245,3.99002947789977,15659.4808675628,2.14988195463914,120.1730401916504,,65.23,112.0038,25.798,24.203078424347,2.149,5.83707726201581,0.6742085,73.4003225,0.9580736,103.173049926758,20.9748274850116,18.138
CHL,2019,1.1570367,-5.217,0.321,-2.5488809073908,,4.87956164130548,0.634367533828438,14495.716721687,-0.962096016030856,131.4715934540646,,56.99,115.7333,28.33,24.9390098912825,3.001,2.56889266052365,0.1657239,71.8526052,0.9142445,104.405769348145,20.8479397366575,18.953
CHL,2020,1.2156268,-1.949,0.348,-0.910570303917041,,4.50610139661101,-6.14347479224092,13114.815470545,-6.98113061984451,166.60730119735476,,39.16,117.774,32.38,21.0582071011998,2.971,5.48716936741024,0.1362588,68.9035577,0.7392409,103.691688537598,21.745295695875,24.377
CHL,2021,1.1463006,-7.279,0.377,-1.53479500279855,,4.81308998117864,11.3149204879049,16206.8325493421,10.824550522267,168.30067705253205,,68.14,113.1051,36.448,24.1061176490995,7.167,16.9044168802743,0.146317,68.6421149,0.7564837,106.673522949219,21.8411063330398,20.477
CHL,2022,1.1452971,-8.849,0.306,0.798026059112189,,6.2318507042491,2.15399356192458,15405.6165774073,1.64877813218645,167.90513914799786,,94.9,120.698,37.907,25.7984190064455,12.79,,-0.004406,67.9183786,0.7437613,106.068328857422,21.3956019718851,18.287
CHL,2023,1.0318341,-3.128,0.313,0.142742944017769,,5.47730938390937,0.521367977246825,17067.0364799154,-0.0196132258928543,180.44987982177733,4.087062146892655,77.58,120.2663,39.415,23.3620550113744,3.937,,0.0876667,68.2289179,0.6647803,105.83097076416,21.4932685385367,21.973
CHL,2024,1.1057968,-1.469,0.352,6.64474317632944,,3.79129110936144,2.64431154871538,16709.8893972307,2.09415451485827,221.0156972208821,3.15,76.63,122.893,41.981,23.2396642941548,4.533,,0.1213566,67.1756362,0.6910553,105.608551025391,21.0556071151613,20.988
CHN,2010,-0.5891592,3.874,0.107,,12.0447325547345,3.93541996731512,10.5962719761682,4629.24551710077,10.0634243207535,119.99545832174232,,79.48,93.0541,33.343,46.1023443345586,4.521,6.2867264165298,-0.6176124,52.8507261,-0.7004332,90.7829173331445,40.4867143485093,9.823
CHN,2011,-0.440116499999999,1.785,0.099,,13.8686604058138,3.65069190228423,9.4613358870736,5703.76027973346,8.86480747550642,153.18591263180687,,94.88,88.7767,33.184,46.2703012824496,4.1,7.68520289897261,-0.6326472,53.2986802,-0.5970818,92.0329425203903,39.7731246435059,9.976
CHN,2012,-0.5068203,2.481,0.101,,13.267674396391,2.78099138181613,7.85617427055587,6405.0574241349,7.12701272347094,161.96787185362544,,94.05,91.6361,33.825,45.8169211701107,2.556,4.0884931932087,-0.6177714,50.9371607,-0.691498899999999,92.2603063015232,39.1144990738399,10.154
CHN,2013,-0.4580204,1.515,0.103,,15.3174464256464,2.98598708261986,7.77872409446717,7147.03518622344,7.06322465705706,136.24820703149317,,97.98,92.7611,36.438,45.9224093546636,2.478,2.98307168349706,-0.5627312,50.7216584,-0.795021299999999,,38.4984455583427,10.316
CHN,2014,-0.3014404,2.206,0.101,,16.6392988330873,2.51155883670463,7.46190028229434,7781.06597484974,6.78666987945924,121.88517901052042,,93.17,95.5876,39.308,45.3115352657107,1.489,2.31013480472694,-0.523856099999999,52.1953952,-0.6904443,,37.9179011645414,10.507
CHN,2015,-0.1750814,2.591,0.104,,11.8789197021152,2.14957284731563,6.97878002657477,8175.33285077393,6.35855026398104,111.18462156014614,,48.66,108.1696,40.782,42.7349872564364,1.651,1.17476659078236,-0.5462433,52.0404678,-0.6620808,,37.3670101435152,10.68
CHN,2016,-0.092968,1.671,0.105,,12.4023168814925,1.52539470315394,6.77555562837017,8254.86859320357,6.16542718232793,119.36261924864752,,43.29,113.0665,49.72,42.1386166189127,1.904,1.0524740832802,-0.501441799999999,52.5299811,-0.6211726,,36.8378037904124,10.574
CHN,2017,-0.0492492,1.509,0.096,,13.6631367045646,1.32468971748482,6.8912663621211,8979.67652709856,6.24626618729064,119.70533874025382,,50.8,112.8101,53.903,42.5497375507577,1.842,1.31423766724865,-0.203288,53.7455019,-0.5354403,,36.3236704322757,10.431
CHN,2018,-0.0701512,0.171,0.097,,13.9248882428061,1.66361992284408,6.75671800166833,10085.6638148819,6.25861232477357,120.1730401916504,,65.23,112.0038,55.577,43.313827489682,1.911,1.42518421392494,-0.237003599999999,53.434562,-0.5204445,,35.8183526295519,9.674
CHN,2019,-0.0496157999999999,0.706,0.095,,14.5601860956403,1.28549226847992,6.06850235053705,10342.9009524335,5.6929006014863,131.4715934540646,,56.99,115.7333,59.441,42.6695374085222,4.426,1.26691367576973,-0.138588699999999,53.8861719,-0.5515574,,35.3216676043777,10.681
CHN,2020,0.0531167,1.648,0.1,,15.634535209813,1.68770756292082,2.34018843078414,10627.4637989619,2.09686667315867,166.60730119735476,,39.16,117.774,69.035,42.5723735094229,0.267,0.863774740928771,-0.302661299999999,53.8120983,-0.5093696,,35.3997429816079,12.65
CHN,2021,0.0556852,1.94,0.093,,15.0703683293598,1.8903454142588,8.57008513166322,12887.4357242941,8.47322717245602,168.30067705253205,,68.14,113.1051,70.147,42.6822612949312,1.472,1.70756488252672,-0.259168,54.4733371,-0.5386195,,35.0980643322894,12.404
CHN,2022,0.0432332,2.422,0.087,,13.9317634143876,1.03841365474349,3.1341888719577,12970.6056414327,3.14769982133814,167.90513914799786,,94.9,120.698,75.453,42.3554333470499,1.822,,-0.249058199999999,53.4303195,-0.563864399999999,,34.6621398489615,14.673
CHN,2023,0.1138225,1.442,0.084,,13.50675136222,0.280991103634816,5.41484330099675,12951.1782397043,5.52431494678926,180.44987982177733,4.087062146892655,77.58,120.2663,82.014,41.1297102455381,-0.236,,-0.174451499999999,53.5713664,-0.552260699999999,,34.2291488221934,15.562
CHN,2024,0.0886811,2.261,0.082,,13.0007522555005,0.0989988051182737,4.9773565917572,13303.1481543868,5.10662482837367,221.0156972208821,3.15,76.63,122.893,88.327,40.6111616668625,0.027,,-0.153336399999999,53.7384426,-0.579319799999999,,33.8046637980516,15.044
CIV,2010,-1.00570309999999,1.35,,-9.05452775227047,48.7687327973699,1.02606239201511,6.84804939907013,1553.54887048143,4.5193074547668,119.99545832174232,,79.48,93.0541,45.612,21.6810545298756,5.101,4.33013803473931,-1.84989379999999,39.8097374,-1.2583646,,78.6679641701152,9.067
CIV,2011,-0.9073893,7.504,,0.326099921708462,52.3637452575251,0.822954277239134,-5.37044724000579,1596.62826565998,-7.40424970030114,153.18591263180687,,94.88,88.7767,50.028,16.5937189121478,1.967,5.53239950172039,-1.6395136,40.0129316,-1.3422528,,78.3453576928986,9.682
CIV,2012,-0.835052,-0.866,,10.4649545221505,36.8043493917994,0.909737108884904,7.62041176451649,1546.9460184731,5.39583595248281,161.96787185362544,,94.05,91.6361,24.693,20.4508171031026,3.409,5.36757176448081,-1.5191192,42.27887,-1.03930259999999,,77.9447888641947,9.891
CIV,2013,-0.7559365,-0.978,,-12.8379444161883,32.9959305681881,0.953203642314205,10.7602131311256,1786.15862031324,8.5732243032672,136.24820703149317,,97.98,92.7611,24.624,22.9098013286147,0.415,4.15503587681362,-1.2086343,43.6630818,-0.9376194,,75.8313713974169,6.27
CIV,2014,-0.4250952,1.045,,5.74837281098459,20.4531343881166,0.899528920528967,9.37199994240375,1991.36539423404,6.75169825092141,121.88517901052042,,93.17,95.5876,26.71,22.6204558252908,0.925,3.41935511091434,-1.0370019,46.2093004,-0.6596147,40.4629922041554,74.5592847189172,4.701
CIV,2015,-0.4307488,-0.44,,1.66284006131256,25.4109025665834,1.07914154751206,7.19494942728191,1814.71855088017,4.14232947521536,111.18462156014614,,48.66,108.1696,29.172,23.3881494701744,0.963,3.07259669730878,-0.7838544,47.8317995,-0.6916479,43.9865647318392,73.3441705576149,3.376
CIV,2016,-0.471418699999999,-0.856,,-0.836820083682014,24.2006866364198,1.19375800859004,7.17275963956332,1862.59597081287,4.10858359182184,119.36261924864752,,43.29,113.0665,31.118,23.1954091913848,0.68,3.23053071841614,-0.8652379,47.8671117,-0.679972399999999,46.2425069943643,72.0563509033746,2.04
CIV,2017,-0.4649251,-1.998,,17.5401816904859,26.3779718245256,1.85673486381973,7.41076242592504,1964.29930338343,4.42161228468103,119.70533874025382,,50.8,112.8101,32.595,20.8188163794498,0.753,3.38876801583982,-1.0411412,48.4719694,-0.694249799999999,49.0863555848622,72.6860894072429,5.257
CIV,2018,-0.483168999999999,-3.904,,-3.71760771701165,28.4634771423081,1.05998699614336,4.84314605889178,2130.86619381144,2.05334874793748,120.1730401916504,,65.23,112.0038,35.317,22.2527904990641,0.602,3.10996909544373,-0.9182691,50.174469,-0.6230846,51.072614509286,71.6948683588411,4.667
CIV,2019,-0.5301004,-2.234,,10.2834756683825,33.7779620972679,1.40583048179048,6.72137167584978,2141.76836170115,3.96244737490909,131.4715934540646,,56.99,115.7333,37.216,21.9899384954404,1.566,2.95827158248838,-1.0134615,49.8780562,-0.599899499999999,53.791930617454,70.6320372605902,4.043
CIV,2020,-0.4863208,-3.128,,-4.60559394978887,41.0439427377816,1.13111245703154,0.699728593494228,2179.72934832935,-1.81621061689408,166.60730119735476,,39.16,117.774,46.315,21.7428934104601,2.312,2.59163858078542,-1.16712789999999,49.7970195,-0.618331,55.4380323721262,71.4382740457868,4.687
CIV,2021,-0.446876999999999,-3.946,,10.5159410494134,42.1962341583395,1.91282655892028,7.06332910205232,2455.98127641148,4.44709198559022,168.30067705253205,,68.14,113.1051,50.165,23.5753170688856,5.579,4.73502206212113,-0.895587799999999,50.3026275,-0.6527655,57.135967003236,70.8756847520827,4.753
CIV,2022,-0.370305999999999,-7.589,,4.99207739662157,46.0823328796999,2.2547265327193,6.39988362720531,2333.37128301259,3.75602084648943,167.90513914799786,,94.9,120.698,56.035,27.4853115364793,5.08,,-0.716317499999999,51.4636422,-0.6021757,54.0714108290486,70.4359456335626,4.304
CIV,2023,-0.3616761,-8.167,,6.59133643743371,47.4826411328516,3.07641433618414,6.60000045223954,2591.9659048119,3.96403768538988,180.44987982177733,4.087062146892655,77.58,120.2663,57.528,24.5444478808032,4.005,,-0.7874489,51.8839317,-0.6022948,63.9607557764462,70.107152568218,4.243
CIV,2024,-0.2850472,-4.171,,25.1455520401354,48.8304044647452,3.58346670744132,6.01953461940062,2727.8935220697,3.4679130572198,221.0156972208821,3.15,76.63,122.893,59.253,20.8700396792272,2.097,,-0.8438331,52.2296396,-0.578144099999999,65.3065056618336,69.7788944609996,4.249
CMR,2010,-0.9239071,-3.113,0.37,13.1843333781602,11.7099774171232,1.94952386693621,2.89902472122014,1398.58702025047,0.0001364214844272,119.99545832174232,,79.48,93.0541,13.989,18.2284440377378,2.569,6.92041886170631,-0.6655279,43.0300454,-1.0110913,,77.2990131783781,6.322
CMR,2011,-1.0477201,-2.446,0.342,5.09544013885741,10.2035511971683,2.13270391251932,3.37921128506045,1513.96056994878,0.496174364645441,153.18591263180687,,94.88,88.7767,15.047,18.732400822037,2.732,8.16416608406496,-0.743046299999999,42.0101644,-1.0550838,49.8732461065506,76.6673090708565,6.313
CMR,2012,-1.2340704,-3.168,0.395,1.22594266388548,13.0860543251885,1.7488404761216,4.62597872209571,1449.09874362279,1.723811615485,161.96787185362544,,94.05,91.6361,14.874,18.0007381699582,2.534,8.40581417479506,-0.7987418,40.6163178,-1.1055169,53.102088720007,75.9598247679606,6.273
CMR,2013,-1.1694764,-3.345,0.41,3.25586351534245,15.6371849847079,1.62296806273401,4.99552916130783,1575.92882118897,2.08714719116143,136.24820703149317,,97.98,92.7611,17.472,18.6515459692181,1.646,7.33302882488587,-0.831334199999999,40.372602,-1.16956249999999,54.9012784916851,75.2625574716895,6.236
CMR,2014,-1.1800614,-3.852,0.439,11.2391854549452,16.1486134651534,1.99484327731063,5.71981814509198,1649.4433905949,2.56873406379989,121.88517901052042,,93.17,95.5876,20.707,19.7278343398902,2.621,7.03590731300358,-0.9216987,42.1138993,-1.0563501,59.1253563645436,74.5631034668067,6.198
CMR,2015,-1.0952851,-3.643,0.378,4.76881699504699,22.9906774662358,2.15564021048479,5.66695298703932,1415.00009710569,2.40123368709621,111.18462156014614,,48.66,108.1696,31.62,18.2498554883353,1.446,5.63563339959601,-1.0831153,42.8972295,-1.0900712,60.4960883608074,73.5754353091425,6.233
CMR,2016,-1.1306679,-3.069,0.305,2.75680618603415,23.7253706528744,1.96334943457327,4.53579423678801,1441.7201725688,1.45711722669677,119.36261924864752,,43.29,113.0665,32.108,19.8180548448427,0.292,5.36737216526029,-1.1424059,43.608631,-1.08851489999999,61.4037045147156,72.6209894940485,6.301
CMR,2017,-1.1579943,-2.632,0.355,-1.57090398872464,28.3602661682383,2.25620975874553,3.54117654926007,1496.08951771242,0.647004976201075,119.70533874025382,,50.8,112.8101,36.539,19.4451374024879,0.762,6.08352640758934,-1.1934513,42.3892305,-1.11830689999999,,71.6542099172547,6.407
CMR,2018,-1.1162626,-3.524,0.349,2.12936322857237,28.0621238720245,1.91485781286221,3.95551423892049,1610.69641591017,1.11514946861584,120.1730401916504,,65.23,112.0038,38.335,19.5380296351056,1.974,6.10463986256462,-1.4691248,42.6462258,-1.1423927,,70.6635008051378,6.503
CMR,2019,-1.1336941,-4.273,0.372,11.2229547966438,33.2997557994886,2.58340602489154,3.47505998194981,1555.22660476477,0.636415290549962,131.4715934540646,,56.99,115.7333,41.597,18.9346454960496,2.427,5.55584424286198,-1.6172731,42.6681418,-1.18924269999999,,69.7334962750829,6.585
CMR,2020,-1.057706,-3.701,0.363,-14.3610768181073,36.8702826869217,1.65595614712353,0.259932915907115,1555.60370660749,-2.43476031121681,166.60730119735476,,39.16,117.774,44.858,17.6605439792144,2.119,4.34202268521826,-1.6215792,43.0934355,-1.2272568,,69.7020286425947,7.371
CMR,2021,-1.115647,-3.985,0.375,3.48353085086647,34.7277913710517,2.14061326900656,3.33885747179505,1672.32657340872,0.631351991581198,168.30067705253205,,68.14,113.1051,47.154,18.1266921736343,3.457,5.52598268395679,-1.57868299999999,41.9819588,-1.2194535,45.5255767078224,68.4733890637704,7.225
CMR,2022,-1.1102965,-3.387,0.4,2.8973355119678,34.9721858052416,2.08735032157122,3.7367840056412,1604.87726954895,1.04502997524601,167.90513914799786,,94.9,120.698,45.579,19.1074398091244,7.315,,-1.6950827,42.9562951,-1.2120562,45.6066724321371,68.179843923416,6.667
CMR,2023,-1.1264261,-4.098,0.356,0.34611013534456,31.8816357267696,1.68299656289954,3.34756290750219,1720.47510154506,0.652417560279119,180.44987982177733,4.087062146892655,77.58,120.2663,43.154,19.2850918964923,5.868,,-1.6104201,43.2015391,-1.2400721,44.840795775403,68.0402482666017,6.621
CMR,2024,-1.22428539999999,-3.252,0.376,-5.05019305019306,31.2876251648885,1.66655391243674,3.52472308052245,1830.00833684727,0.854978148597212,221.0156972208821,3.15,76.63,122.893,42.675,18.9056881687822,5.037,,-1.55680399999999,43.3706071,-1.2537215,,67.8499441274611,6.618
COD,2010,-1.41909129999999,-9.719,,39.9261165938757,27.5092637679337,11.3498081290486,7.84300782191249,352.400398754692,4.45970291691562,119.99545832174232,,79.48,93.0541,31.796,24.0289275977627,9.838,25.9608846428413,-2.0298993,31.897345,-1.61640879999999,37.0387916564941,80.9426016930631,7.496
COD,2011,-1.39535909999999,-4.852,,12.7394608168468,20.9235493035013,6.04729215599495,7.59331721294959,372.514273875789,4.1213329035411,153.18591263180687,,94.88,88.7767,29.321,25.2869778606739,8.654,28.8830474855316,-2.1644541,32.3028645,-1.6378424,38.9499206542969,80.7669846578697,8.004
COD,2012,-1.3730997,-4.198,,0.137124617742785,19.0449274180321,9.62926566877035,8.66859360531922,409.931424783784,5.10047276850003,161.96787185362544,,94.05,91.6361,25.128,26.1121884425366,2.769,27.1229704627568,-2.21679669999999,32.6459433,-1.67236839999999,38.8012313842773,80.6400587885107,8.456
COD,2013,-1.3705987,-8.908,,26.6629287533457,21.0539723864783,4.86537109127196,9.62448879216879,460.370334930107,5.95809677482721,136.24820703149317,,97.98,92.7611,23.828,28.101667729394,1.074,25.746219512295,-2.2257153,35.1915862,-1.6163831,38.5140419006348,80.7675097625104,8.376
COD,2014,-1.4371692,-4.492,,5.86940745221331,17.1527389128536,3.90992337722209,7.30227750870263,489.175952097319,3.72497982298587,121.88517901052042,,93.17,95.5876,22.774,31.9941439501849,1.03,24.5568779878184,-2.2481931,35.6331923,-1.55097329999999,41.1783905029297,80.8663516811374,8.275
COD,2015,-1.3932852,-3.69,,-3.13663275487193,15.6120482697762,2.90127515060918,6.35973756164829,495.826633014883,2.90483865777841,111.18462156014614,,48.66,108.1696,25.483,28.2489760430453,0.815,20.1093927301662,-2.01074219999999,34.9116451,-1.57003159999999,42.1804618835449,80.9942726162592,8.22
COD,2016,-1.4189706,-3.871,,19.6503788435075,14.3576500658631,2.41546438746157,0.393832798154563,459.765036590388,-3.09891686152069,119.36261924864752,,43.29,113.0665,32.979,25.730139110082,11.236,20.5721227000572,-2.2189353,35.8173189,-1.52723269999999,,81.2064459829885,8.277
COD,2017,-1.4338617,-3.146,,-3.36442001501315,14.3225235261773,2.79181852942997,4.24121047272719,431.052559128788,0.498126250776636,119.70533874025382,,50.8,112.8101,23.18,27.5611277266771,54.709,24.7656558437341,-2.26337839999999,34.651322,-1.59959419999999,,81.4444151093784,8.334
COD,2018,-1.5315596,-3.481,,16.186608234815,14.4031639309706,3.01664160584951,6.07168870646615,518.169626875371,2.57995294310305,120.1730401916504,,65.23,112.0038,19.288,28.6743449237541,7.228,18.4167757889728,-1.8967124,34.4346669,-1.65695599999999,,81.6591653778133,8.301
COD,2019,-1.5570273,-3.184,,-8.27939936085312,14.7368783009022,2.88391132652101,0.555384294580819,504.00419142286,-2.58176822938702,131.4715934540646,,56.99,115.7333,19.393,22.3026244777218,4.588,12.7500585788424,-1.6467983,33.3474892,-1.649235,,81.9502345225141,8.208
COD,2020,-1.4573026,-2.121,,11.360843790051,17.8637697107175,3.20844071096691,0.775427992354622,486.425572682256,-2.41880983949436,166.60730119735476,,39.16,117.774,24.856,21.848825739462,15.756,15.9281973313702,-1.80629289999999,33.2765131,-1.6143214,,83.0786328052548,9.595
COD,2021,-1.50417239999999,-1.062,,4.95738210046785,19.6554775760053,2.84027556004194,6.42961005647355,595.743074403567,3.03871005349485,168.30067705253205,,68.14,113.1051,24.685,32.5613117581078,5.281,38.8272665239082,-1.6314631,33.9952104,-1.53122649999999,55.3636283874512,82.5934626014836,9.179
COD,2022,-1.5102589,-5.114,,24.8894920278632,17.1525866553824,2.00131622839817,9.31116944064918,687.738587554685,5.84381468903847,167.90513914799786,,94.9,120.698,22.603,36.6858404848256,13.132,,-1.8455557,34.2431387,-1.5809744,,82.3220896871642,8.1
COD,2023,-1.4890974,-6.495,,19.5715683393301,18.4990385916912,3.40082269757578,8.5334898318451,660.21205238997,5.05273224713814,180.44987982177733,4.087062146892655,77.58,120.2663,25.061,34.0781273164972,23.752,,-1.9812287,35.0219567,-1.60554359999999,55.4860992431641,82.0686837854649,8.011
COD,2024,-1.5153396,-4.075,,-8.10186702384443,18.2538680171709,4.10789956662809,6.12675551779212,649.383338556725,2.74070877266892,221.0156972208821,3.15,76.63,122.893,19.31,32.5446486830452,11.688,,-2.1191762,34.5989483,-1.6266053,,81.7794298733388,7.951
COG,2010,-1.1727804,6.854,0.722,2.82005766593126,22.8800991079336,11.5772952217296,9.93126543095578,2946.55798067708,5.47046970435608,119.99545832174232,,79.48,93.0541,43.487,47.1901706659231,2.633,43.9398414162223,-0.532351,37.02056,-1.21704219999999,,75.886426716713,39.891
COG,2011,-1.1227079,13.175,0.769,5.85759901057487,22.6536828087203,1.90783479461617,2.20591936286718,3396.16505817952,-1.06295910259951,153.18591263180687,,94.88,88.7767,34.39,36.8419012310002,1.784,51.8437302128778,-0.6251959,36.6235303,-1.2164845,,75.6943487180997,40.186
COG,2012,-1.2236744,13.644,0.793,-8.42397076800781,21.4224702620134,-0.391399397519283,9.94715314257564,3732.32737320389,6.91517273107118,161.96787185362544,,94.05,91.6361,30.198,43.8168282700271,7.469,41.3573491386651,-0.668392299999999,37.099649,-1.1966054,50.520320892334,75.4528127319151,40.298
COG,2013,-1.1924841,10.77,0.704,-6.87888253127178,23.9415104340459,10.4621010083708,-0.712434451876447,3697.41705884249,-3.09694323656935,136.24820703149317,,97.98,92.7611,33.937,47.0644823800022,2.087,33.1448495573332,-0.5775904,37.7763691,-1.182882,,75.3534763988312,40.919
COG,2014,-1.2753339,1.042,0.622,6.67117088006455,31.4818385866081,16.1339951694307,6.64606540928447,3601.2365808718,4.1002792779107,121.88517901052042,,93.17,95.5876,42.323,52.8446172450901,0.477,27.6582312920434,-0.474273699999999,38.4445395,-1.1269949,,75.3052979669075,40.641
COG,2015,-1.2818737,-38.986,0.561,-4.53337279249317,54.7879329617986,34.4182561027248,0.415193061293763,2439.35189403696,-1.98214587471384,111.18462156014614,,48.66,108.1696,74.184,76.7823246780685,4.094,15.885704604199,-0.7582165,39.3563343,-1.0761749,,75.4905990090387,41.214
COG,2016,-1.2697622,-45.252,0.532,4.87283776117538,63.2452493790411,0.46296936341342,-8.68524343913786,2093.10728558843,-10.8700508595295,119.36261924864752,,43.29,113.0665,84.635,71.266855758205,-0.036,17.0000392659621,-0.760806,38.0938935,-1.1470002,,75.892202592545,41.705
COG,2017,-1.3044744,-6.434,0.546,2.11363836404178,71.3077717450485,37.3227748739474,-5.59477371915547,2211.63309874797,-7.86139425991523,119.70533874025382,,50.8,112.8101,88.479,45.8944862253605,1.785,29.8063807729514,-0.7695685,36.1496859,-1.1856071,,75.7871459411284,42.478
COG,2018,-1.36936939999999,18.489,0.737,20.6076959351059,50.4895160168294,29.2086100198947,-2.30431780125842,2694.43413191427,-4.6581397485937,120.1730401916504,,65.23,112.0038,71.223,29.5270088622039,0.897,42.6682046537325,-0.6896411,36.3824626,-1.2048968,,75.5737050723614,42.657
COG,2019,-1.4947169,11.679,0.712,-3.74206704655904,66.812566750599,-10.214754646531,1.12447391976529,2488.42466724916,-1.27988440285151,131.4715934540646,,56.99,115.7333,77.605,25.9000965433665,1.383,39.2430391553175,-0.5963817,35.6952545,-1.22240669999999,,75.8302606009268,42.045
COG,2020,-1.3702576,12.561,0.618,-9.40213087165273,72.1017777027496,-17.2921171034228,-6.26777227963225,1993.586671931,-8.48578578986992,166.60730119735476,,39.16,117.774,102.514,23.7315670324983,0.589,26.2181324216101,-0.5758284,34.0353566,-1.2489371,,76.8075559992808,46.705
COG,2021,-1.34316449999999,12.824,0.58,-1.00001434152918,61.8650496171088,-2.15982873741865,1.01507036990908,2516.16255145432,-1.37465389510481,168.30067705253205,,68.14,113.1051,97.764,21.9769014632722,1.493,37.7125480946685,-0.517419899999999,36.5462503,-1.23331679999999,,76.2130893941425,44.676
COG,2022,-1.36385159999999,17.683,0.705,-0.731218043702015,51.9845941753511,3.36508336137956,1.47535613247133,2620.83804267402,-0.927744025174505,167.90513914799786,,94.9,120.698,92.483,20.9792068255243,3.212,,-0.1445911,35.6511607,-1.2067389,,75.9833630298331,41.175
COG,2023,-1.4043963,6.452,0.639,0.990558957524328,47.2286650692878,4.0889721782705,1.90686426346754,2477.97845544866,-0.528875412706213,180.44987982177733,4.087062146892655,77.58,120.2663,99.01,25.2109559920067,5.637,,-0.199460399999999,36.1497395,-1.18292059999999,,76.1059854038104,40.717
COG,2024,-1.42356899999999,1.335,0.596,-0.486861952238726,44.8962409480798,3.83980276481754,2.57966943921721,2482.2489948456,0.148777085583603,221.0156972208821,3.15,76.63,122.893,95.442,26.8446298603412,6.282,,-0.2584147,36.7010169,-1.1785603,,76.0224141017992,40.581
COL,2010,-0.376108499999999,-2.996,0.341,2.06236511426208,23.2994559987977,2.24433595561184,4.49465897070922,6398.2958447102,3.31434936742798,119.99545832174232,,79.48,93.0541,36.497,21.8887622688674,3.084,6.70109253013503,-1.3306958,55.7508963,-0.360987499999999,99.9543685913086,45.0367623889033,22.572
COL,2011,-0.2066749,-2.906,0.405,12.2575417724771,23.7443318388225,4.37269536127322,6.94789198173555,7400.9940695669,5.80823503363762,153.18591263180687,,94.88,88.7767,35.783,22.9955914400596,3.668,9.86049155221695,-1.1659142,58.3024047,-0.3902442,101.20581817627,45.3860305633174,21.169
COL,2012,-0.4099866,-3.14,0.435,4.47327652982183,22.2297739762115,4.05728041313345,3.91263576716115,8108.59838244229,2.87569627540904,161.96787185362544,,94.05,91.6361,33.967,22.1046440622529,2.442,8.29683079092449,-1.3314327,58.3625963,-0.447664299999999,97.2326889038086,44.8925726233459,20.086
COL,2013,-0.441234099999999,-3.236,0.458,4.67688937568455,25.1172990915029,4.24252457969381,5.13399351995672,8279.10255642981,4.14129387844136,136.24820703149317,,97.98,92.7611,37.592,22.1825448506007,1.963,7.3843393604104,-1.29909379999999,58.5861278,-0.483686599999999,98.1015014648438,44.3647499163015,18.729
COL,2014,-0.3713217,-5.198,0.459,-0.28895453191781,28.2553484044421,4.24107256687862,4.49903000110972,8187.20824890084,3.5703066542077,121.88517901052042,,93.17,95.5876,43.319,24.0033136584861,3.7,6.53057789835517,-0.995331299999999,58.9045449,-0.4114652,97.3632888793945,43.9321252809496,18.245
COL,2015,-0.3173369,-6.372,0.354,1.65802941508855,39.1551312422504,3.95939854860993,2.95590137527523,6248.51490534512,2.06923227113727,111.18462156014614,,48.66,108.1696,50.375,23.7736922946916,6.798,3.70587614553491,-0.9555119,59.7437816,-0.3995338,97.6741180419922,43.7094749790026,17.316
COL,2016,-0.3694889,-4.452,0.281,-0.208836234277726,43.2364464218603,4.90164572903473,2.08738250162794,5959.84250367574,1.08114925712198,119.36261924864752,,43.29,113.0665,49.904,23.1674195572494,5.745,3.09947714544169,-0.873548099999999,59.1675412,-0.3488186,98.4156265258789,43.9457077672816,18.274
COL,2017,-0.410863,-3.182,0.319,2.56936653059925,41.1813299968956,4.3931823276543,1.35936086788746,6479.53231292429,-0.101221554133033,119.70533874025382,,50.8,112.8101,49.449,21.5993768407696,4.067,3.72823321108347,-0.779948499999999,57.5180257,-0.3653829,99.2193298339844,43.9907710532752,18.467
COL,2018,-0.3185939,-4.202,0.341,0.642348450761034,40.935302359277,3.38083573220188,2.56432428277704,6816.96818309544,0.695264947238812,120.1730401916504,,65.23,112.0038,51.761,21.1954755611258,3.159,4.940258188938,-0.665561899999999,56.5795741,-0.422010899999999,100.373336791992,44.2544216354014,19.45
COL,2019,-0.272275,-4.584,0.331,3.08409774146303,44.0144816213322,4.33058240931506,3.18685539245533,6472.54544924705,1.36014067984289,131.4715934540646,,56.99,115.7333,50.972,21.3806095458027,3.808,4.30433092902696,-0.9052968,58.5270465,-0.452757099999999,101.989349365234,42.7650120334878,20.658
COL,2020,-0.256463899999999,-3.428,0.255,-22.4592652414175,58.195276425352,2.7588942895314,-7.18591413760859,5339.68711357943,-8.50949477621059,166.60730119735476,,39.16,117.774,65.274,19.1281469366662,1.657,2.55119417609951,-0.6819314,57.3994514,-0.482495599999999,101.499450683594,44.3625992423816,27.248
COL,2021,-0.269745299999999,-5.635,0.279,14.6341228205524,54.5702530730857,3.00175693787234,10.8011981904878,6222.62164397614,9.5929782838861,168.30067705253205,,68.14,113.1051,64.417,18.9169518896828,5.681,5.32396445388134,-1.0147831,58.5939804,-0.506983,102.987998962402,44.5307458332975,24.757
COL,2022,-0.256400299999999,-6.041,0.313,12.4605664964541,55.2901604295775,4.97124137726565,7.32827729427979,6680.44506854481,6.18779953705864,167.90513914799786,,94.9,120.698,61.3,19.7872446007318,13.185,,-0.809182,57.8029206,-0.5296476,101.573776245117,44.2221914558041,20.972
COL,2023,-0.309004899999999,-2.262,0.284,3.07967355609912,54.9698144239845,4.58478761240549,0.712380031974334,7000.83660501046,-0.410230298426796,180.44987982177733,4.087062146892655,77.58,120.2663,55.457,16.4396849097732,9.31,,-0.7993485,57.01675,-0.5648803,,43.7977677955096,19.365
COL,2024,-0.2937197,-1.771,0.278,2.54716981132074,49.2038699846531,3.26725954832527,1.5983315366523,7919.20886825345,0.512522429942436,221.0156972208821,3.15,76.63,122.893,61.277,16.8220284603038,5.217,,-0.9708732,55.0740059,-0.5597434,,43.0996846865936,19.411
COM,2010,-0.795079099999999,-0.255,0.518,12.8764256861194,30.6874148030273,0.91966985988271,3.77788070743117,1386.5742428453,1.73524239121446,119.99545832174232,,79.48,93.0541,30.459,18.1749508973221,6.686,1.59344239758779,-0.4825094,31.5177537,-1.0378139,,60.9705574010685,9.476
COM,2011,-0.7945742,-3.613,0.652,-2.58160284815389,26.97110481785,2.25967654324554,4.14356479211455,1531.43789372951,2.08269275960269,153.18591263180687,,94.88,88.7767,27.668,16.0214526432815,4.855,1.63354218561465,-0.5277008,31.7054367,-1.0345801,,60.1178495199061,9.407
COM,2012,-0.7798117,-3.246,0.542,1.75674654255577,24.8800044138285,1.02133818400059,3.16835627559691,1490.31511351281,1.11385857437342,161.96787185362544,,94.05,91.6361,25.073,16.1515733552023,0.984,1.91653686564634,-0.3950629,32.3883456,-1.0292356,,59.2840809146878,9.404
COM,2013,-0.8220641,-4.044,0.605,4.36253264098183,12.7701549227381,0.379103082802071,4.4661636979028,1603.32797107303,2.28108217474703,136.24820703149317,,97.98,92.7611,10.277,16.3561844068715,2.163,1.84106336379863,-0.2395935,32.8314184,-0.964946699999999,58.998580844006,58.4275832399325,9.284
COM,2014,-0.8060681,-3.778,0.582,2.07317749949134,11.8528849726538,0.407499039358216,2.10666920560958,1615.71723662012,-0.0905881667515871,121.88517901052042,,93.17,95.5876,11.823,15.2029658478834,-0.937,1.97695678379704,-0.0153216999999999,35.1315271,-0.8098073,61.5078774291294,57.6101201410327,9.358
COM,2015,-0.8467167,-0.256,0.573,6.63555204016141,12.9348443972103,0.511029838634196,1.14747399397193,1329.37048235986,-0.965303682858504,111.18462156014614,,48.66,108.1696,14.274,13.6380402758518,2.688,2.46576426845081,-0.0966781999999999,35.2990354,-0.7631998,,57.586844852356,9.395
COM,2016,-0.8635472,-4.371,0.644,10.1434431846511,17.1852272690132,0.352458395658835,3.32039987961315,1365.48403444497,1.22276485365785,119.36261924864752,,43.29,113.0665,16.162,12.5606730066488,-1.417,2.50675650816682,-0.2599683,35.57313,-0.7360739,,57.5428510073403,9.497
COM,2017,-0.9443349,-2.248,0.684,11.9184510032257,16.7806633037462,0.363776536091142,3.81570211280726,1423.9248027797,1.76756640070596,119.70533874025382,,50.8,112.8101,18.934,13.4334433748138,1.42,2.36385311111587,-0.1999982,35.5806215,-0.824427999999999,56.9502144763063,57.4843074315767,9.357
COM,2018,-1.02353499999999,-2.978,0.676,23.4740785148992,22.3630009719664,0.48130680430061,3.64259587408398,1527.40527125285,1.63835635175063,120.1730401916504,,65.23,112.0038,17.022,14.868092932593,0.645,1.55194278873705,-0.407626,35.2889464,-0.9141433,61.7014685443494,57.3912740906343,9.204
COM,2019,-1.2697513,-3.455,0.513,0.726532666179011,22.5484369313434,0.362046315267837,1.76070164655727,1510.23218151592,-0.178316983862871,131.4715934540646,,56.99,115.7333,21.229,12.7348062523346,6.253,1.48652356146246,-0.4550338,35.7221589,-0.981524,,57.3159688493011,9.093
COM,2020,-1.32241109999999,-1.809,0.587,-49.0361032581074,24.7631357533658,0.318014572633564,-0.195577456821965,1519.34665556206,-2.13464959719172,166.60730119735476,,39.16,117.774,24.315,11.8017625207878,-4.773,1.59920965443734,-0.4562829,34.7145039,-1.0663536,,57.6831543825804,10.485
COM,2021,-1.4088014,-0.32,0.498,11.1216191876442,26.9274940136758,0.316353618234776,2.0001921183449,1554.97289190153,0.0041312853108195,168.30067705253205,,68.14,113.1051,26.276,13.5021643817496,7.071,1.62843413378353,-0.3981267,33.8788536,-1.1021442,,57.1741859318259,9.798
COM,2022,-1.33720709999999,-0.455,0.494,72.000064627679,28.1538537874079,0.337727307705265,2.60301031927843,1465.479642862,0.633328895842794,167.90513914799786,,94.9,120.698,28.184,13.3347943010824,20.62,,-0.374766,35.1591507,-1.17970929999999,54.8057289123535,57.1175867496498,8.884
COM,2023,-1.15283659999999,-1.981,0.497,-16.8078221910887,26.5476534847055,0.403422329791574,2.99521564038136,1560.27378476855,1.03326243771184,180.44987982177733,4.087062146892655,77.58,120.2663,28.652,13.0144879484644,-1.988,,-0.3743498,34.5985004,-1.134272,,57.0393345551953,8.829
COM,2024,-1.14078259999999,-6.554,0.495,-0.363212026820264,24.8117198831103,0.492716315085539,3.3381010943571,1662.75663312504,1.40149842299931,221.0156972208821,3.15,76.63,122.893,30.824,11.7339416915408,5.954,,-0.221274299999999,35.1704573,-1.1308597,,56.9629976645333,8.814
CPV,2010,0.8461885,-11.332,0.358,6.57431784552978,50.5191117434846,6.36802137795552,1.83641914989978,3579.46006137809,1.10867941118087,119.99545832174232,,79.48,93.0541,73.515,44.9568060390526,3.44,33.2873704914624,1.0110449,52.977757,0.5682754,83.5471330073283,37.536904259806,21.32
CPV,2011,0.9223281,-14.848,0.349,10.7568642216169,52.7704943299126,4.99538224029443,3.92471821338283,4002.01386888785,3.58680088003479,153.18591263180687,,94.88,88.7767,71.56,44.9117743846551,3.534,40.1340983255841,1.0171202,54.739819,0.5883838,86.7000153273789,37.2714501837043,22.619
CPV,2012,0.8821601,-11.466,0.291,13.7327678591556,87.4461943700545,6.69129799994045,1.08364848376166,3736.81517011087,0.983345735610456,161.96787185362544,,94.05,91.6361,82.937,35.2038713812683,4.14,25.055847063546,0.8408258,54.3282685,0.6063501,89.9634082592786,37.0748444748488,23.851
CPV,2013,0.8253651,-4.442,0.467,0.423445459897565,100.211107068706,4.40125011545419,0.632136727385131,3960.97596791345,0.579092309567969,136.24820703149317,,97.98,92.7611,93.476,29.9872865504067,0.065,16.5579387748728,0.8049926,51.9857993,0.596241,94.7526092529297,36.8725868725869,25.299
CPV,2014,0.8877993,-8.272,0.522,-1.4658471379246,95.0517280164041,8.84407322092194,0.696666840118581,3985.60706548134,0.676815488926465,121.88517901052042,,93.17,95.5876,105.589,34.9962522997627,-0.339,12.0093542433174,0.6455106,51.7768627,0.6666182,93.6074664791524,36.7319047443157,26.927
CPV,2015,0.888954,-2.902,0.496,13.5414689590518,108.898740758427,5.49024513305668,0.936026507808833,3415.06266730931,0.922631249857901,111.18462156014614,,48.66,108.1696,115.571,29.1071744394227,-0.525,9.49812397150104,0.8435225,51.4960983,0.6784725,96.6012286324786,36.5856223446767,28.567
CPV,2016,0.8563504,-3.441,0.36,8.9164412078498,102.626920378854,6.82845117866997,4.28071482662371,3608.96605234906,4.24816232606327,119.36261924864752,,43.29,113.0665,115.403,28.5553782407275,-0.25,10.1923207968108,0.827822,51.9956943,0.6852921,98.2528458088996,36.4977176137258,30.182
CPV,2017,0.8080692,-6.952,0.388,9.76994672990162,109.265288203302,5.59469673480566,4.5513148102974,3893.09571382506,4.48221093147532,119.70533874025382,,50.8,112.8101,112.759,29.2834862444324,0.269,12.3203094483764,0.7203252,52.6682492,0.701514,99.462782259485,36.2780673511552,31.887
CPV,2018,0.8724586,-4.773,0.53,13.4010917041029,96.8787144558663,4.69595735976167,3.70696458310842,4294.96510035729,3.60152349643896,120.1730401916504,,65.23,112.0038,112.001,27.486159184509,1.003,14.343668170972,0.8387813,51.5976394,0.7400744,94.8972015380859,36.4917051641414,27.575
CPV,2019,0.8894292,0.201,0.369,9.19077410689077,97.4432945234761,5.45788755667341,6.94782634051859,4380.78117331128,6.80449531732363,131.4715934540646,,56.99,115.7333,109.419,23.4319738651901,1.936,13.1611296712207,0.8393375,54.0093057,0.7683294,95.2902285572104,35.7537600559636,28.107
CPV,2020,0.8002643,-15.341,0.46,-56.5432560181189,136.237789037921,3.71218491455203,-20.8052758990735,3539.22661248299,-20.8937523404244,166.60730119735476,,39.16,117.774,143.783,28.9619236573871,-0.853,11.5827986817016,0.839032,54.8975316,0.6687901,98.3093023666237,36.3314898708783,34.474
CPV,2021,0.8975963,-12.124,0.278,-2.86144070777968,121.406606891511,4.45730498164251,7.03353010694514,3971.44409203423,6.62540765957627,168.30067705253205,,68.14,113.1051,149.063,27.7497642140942,5.375,17.6577234520724,0.8339009,55.9002501,0.4863826,97.0059250429478,35.9508466956392,31.656
CPV,2022,0.856269,-3.454,0.379,78.9314746440226,108.275748298134,5.43014452079405,15.843675684642,4323.31362032709,15.1545081084513,167.90513914799786,,94.9,120.698,124.026,21.8794313027596,7.577,,0.8359641,56.3856045,0.4774863,96.4315940376876,35.4300331057859,28.651
CPV,2023,0.8619303,-2.125,0.421,5.88376159592634,98.1389351510193,6.33796269296642,4.7947613911073,4794.90121917259,4.2751322057766,180.44987982177733,4.087062146892655,77.58,120.2663,114.039,21.7251071461541,1.332,,0.8691911,56.3875681,0.422484,,35.072656923975,28.045
CPV,2024,0.9407675,-0.264,0.373,8.55043661055849,86.8866144784781,4.03361601888808,7.24388538990945,5192.48157325878,6.72368173800109,221.0156972208821,3.15,76.63,122.893,113.744,16.3895388889131,1.5,,0.7695825,55.5747674,0.424201,,34.6751937431897,28.1
CRI,2010,0.6993258,-3.224,0.354,9.32745251051404,,5.06371170213526,5.36034352634111,8265.78820275582,4.06134325895124,119.99545832174232,,79.48,93.0541,28.09,19.8339185211217,5.824,1.62716715850808,0.7938234,64.7255617,0.6499221,97.5067367553711,23.8317143711872,17.378
CRI,2011,0.6579069,-5.297,0.422,7.04810415046052,,6.39172539644787,4.40315923970431,9276.39107511347,3.18309278796906,153.18591263180687,,94.88,88.7767,29.513,20.0481795975156,4.736,1.26384990129987,0.6316858,63.8704353,0.4626021,99.7109375,23.6826340732098,22.037
CRI,2012,0.670503,-5.105,0.453,5.56427246623608,,5.70866124854743,4.88259241025739,10126.9991024177,3.66596860469166,161.96787185362544,,94.05,91.6361,33.741,19.8541955079701,4.551,1.2425772572914,0.655542,65.6806112,0.4471085,103.267303466797,24.9781285769893,22.372
CRI,2013,0.6633217,-4.772,0.462,3.31153349664059,,6.29127735209415,2.49476611209954,10803.2401962173,1.36003489549176,136.24820703149317,,97.98,92.7611,35.076,19.5904601620008,3.68,1.34122901696494,0.6591343,66.4658166,0.4576895,108.534126281738,27.2362890193681,21.559
CRI,2014,0.7809898,-4.716,0.431,4.96433604998592,,6.23293662208767,3.54210987765977,10911.497878334,2.43499498820891,121.88517901052042,,93.17,95.5876,37.436,19.2231532892007,5.127,1.387670718648,0.6803966,63.1397123,0.5463937,114.289863586426,26.6272496600503,24.23
CRI,2015,0.7699694,-3.404,0.224,2.8883119426128,,5.23639457671538,3.65208096802883,11714.7105980732,2.55664330007954,111.18462156014614,,48.66,108.1696,39.786,18.8537264424501,-0.808,1.13397448273593,0.7458992,64.5883882,0.5212516,115.72087097168,26.5333002960316,22.363
CRI,2016,0.8034365,-2.137,0.254,9.41727189785615,,4.45296211770326,4.20432325175899,12091.0301606154,3.1560705780562,119.36261924864752,,43.29,113.0665,44.056,18.888940977993,0.765,1.23322083330008,0.7331119,65.1912997,0.5143501,118.203712463379,24.8440335030415,21.65
CRI,2017,0.5853521,-3.617,0.26,6.95492448923945,,4.83327522078441,4.1576989627609,12317.0902771304,3.17871970343413,119.70533874025382,,50.8,112.8101,47.064,18.0648742424157,2.574,1.13383955527767,0.7405908,63.470592,0.54111,121.514961242676,24.492541574141,20.736
CRI,2018,0.6496945,-2.991,0.265,4.89096079589457,,4.829438721344,2.6159044043379,12590.2493781614,1.69193410358987,120.1730401916504,,65.23,112.0038,51.839,18.3698605660091,2.027,0.945537295658598,0.6346654,65.1359862,0.518591,125.964347839355,24.6291977643677,25.071
CRI,2019,0.7249661,-1.19,0.276,4.26147004697248,,4.22094016659811,2.41751181762513,12884.6859951989,1.56255641347028,131.4715934540646,,56.99,115.7333,56.431,16.0640851994464,1.522,0.759689840900586,0.6261254,65.4136941,0.5808637,132.849334716797,25.2783664801008,31.194
CRI,2020,0.756375,-1.045,0.279,-10.6328563243,,3.37043523313038,-4.27335432161462,12394.0493969492,-4.93444227198336,166.60730119735476,,39.16,117.774,66.912,16.1630546690345,0.892,0.904748239780319,0.9250217,63.3658161,0.6316985,132.678680419922,25.7975182166931,40.11
CRI,2021,0.590956,-3.176,0.27,15.9339216534969,,5.53072986406838,7.93576224743147,12838.1185358931,7.38823226408623,168.30067705253205,,68.14,113.1051,67.628,18.5817848852788,3.299,0.763407374189705,1.0171458,63.7041888,0.6104539,138.903381347656,25.4165880205252,39.201
CRI,2022,0.5669805,-3.282,0.26,18.5008764976854,,5.4175310653788,4.55149177958398,13625.9008491328,4.10345495842361,167.90513914799786,,94.9,120.698,62.985,17.6973336496207,7.877,,1.1460641,64.2055654,0.6675589,131.907592773438,24.8774870081078,30.718
CRI,2023,0.6775627,-1.432,0.27,9.95931393443786,,5.4191807109794,5.11192183224598,16942.0268119375,4.6227538695518,180.44987982177733,4.087062146892655,77.58,120.2663,61.119,15.2565937229937,-1.765,,1.1842629,63.9239446,0.6431263,125.510070800781,23.7673101793058,24.308
CRI,2024,0.6792372,-1.354,0.279,5.77004478846948,,5.55680052586902,4.32122429646145,18587.1532203482,3.82533390959907,221.0156972208821,3.15,76.63,122.893,59.753,15.669024509728,0.842,,1.1756544,64.0390444,0.6167412,121.810760498047,23.5985805149926,20.481
CYP,2010,1.1061312,-10.622,0.183,6.32855806171177,,125.272737889577,2.28267100119788,31105.02734375,-0.357614019094044,119.99545832174232,,79.48,93.0541,55.34,23.6867268786643,2.135,0.0445722498723438,0.7665588,77.6343749,1.1894709,91.440803527832,13.8284223657228,15.852
CYP,2011,1.0124344,-2.205,0.202,7.01563560479737,,151.736934875441,0.416711868408683,32485.798828125,-2.1129375771815,153.18591263180687,,94.88,88.7767,64.806,18.5481211774998,4.379,0.0717517642796192,0.7840771,74.0268375,0.9579583,92.8256225585938,13.4184575450116,21.156
CYP,2012,1.0052242,-3.741,0.179,-0.574726463212087,,289.858110901793,-3.44738151374587,28991.935546875,-4.90738549673117,161.96787185362544,,94.05,91.6361,79.152,15.8177899862593,1.604,0.072728856527206,0.7933209,71.2165864,0.9610401,95.2998504638672,12.4992706479563,27.244
CYP,2013,0.9856079,-1.514,0.184,1.12237575718932,,108.090316098148,-6.58747751118347,27764.73046875,-6.48031760121023,136.24820703149317,,97.98,92.7611,102.652,12.5650583420074,-1.138,0.0449091633428491,0.7163623,67.7996482,0.8635981,97.9726409912109,13.51956104273,38.083
CYP,2014,0.7530793,-4.001,0.395,6.29210083363682,,233.165753265091,-1.77605867728616,26993.103515625,-1.48883694697456,121.88517901052042,,93.17,95.5876,112.991,13.1877395604674,-0.883,0.0348718589179378,0.7031147,70.4394307,0.8227872,97.8358383178711,14.1834031373325,35.516
CYP,2015,0.6824205,-0.269,0.413,8.92432117955913,,137.220682764776,3.41892038889013,23088.44140625,3.19512275980128,111.18462156014614,,48.66,108.1696,111.554,13.3226795380088,-0.49,0.0198578971713362,0.6831374,70.5314254,0.835657,98.9578094482422,12.6110111615334,32.539
CYP,2016,0.7247771,-3.951,0.361,7.22008042247228,,15.8272269765313,6.57359080924678,24280.056640625,6.01835711404337,119.36261924864752,,43.29,113.0665,106.809,17.0541463112928,0.101,0.001471313805814,0.7672285,70.3276161,0.834571,98.830940246582,12.4756636055831,28.902
CYP,2017,0.8179827,-5.016,0.298,10.9822876991655,,184.054282581805,5.75083236554525,26247.44921875,4.85340888107815,119.70533874025382,,50.8,112.8101,96.375,20.3824581997576,-0.392,0.0053914863858221,0.6738103,70.1533498,0.9252619,99.5133590698242,11.0948430668008,25.013
CYP,2018,0.6608595,-3.881,0.37,7.21997689183395,,307.086731038445,6.27166360056404,29120.375,5.05105337795295,120.1730401916504,,65.23,112.0038,100.657,18.9431273490169,1.009,0.0046923120191054,0.6561041,69.7424712,0.8521444,99.4265899658203,11.1081555567378,20.654
CYP,2019,0.6807343,-5.513,0.345,8.72475874388408,,431.788470101997,5.87559583386607,29227.173828125,4.46826562163456,131.4715934540646,,56.99,115.7333,92.293,19.4907459360244,0.719,0.003613251767119,0.7399069,71.2579706,0.8580537,101.017471313477,11.712463383962,16.856
CYP,2020,0.4663521,-9.698,0.34,1.63608632812058,,-296.013199232631,-3.22063018637567,28130.341796875,-4.51403585865228,166.60730119735476,,39.16,117.774,113.602,20.6447561187859,-0.823,0.0079310862289615,0.4538116,69.0242564,0.7472668,101.935836791992,11.9814251748547,18.491
CYP,2021,0.4905518,-5.368,0.349,27.1557424769415,,21.8171172987561,11.3975590801512,32937.83984375,9.74651161533515,168.30067705253205,,68.14,113.1051,96.48,19.6456822415145,4.819,0.0127645649104764,0.4791734,68.244642,0.7712279,102.047653198242,9.90363120896757,17.173
CYP,2022,0.5652889,-5.385,0.358,27.4878056711404,,0.172623612662826,8.27372597293814,33231.04296875,6.27933971497492,167.90513914799786,,94.9,120.698,80.954,20.5950576006752,7.583,,0.3811357,66.425314,0.7642266,103.827629089355,9.17234429114858,18.707
CYP,2023,0.4826822,-9.465,0.414,-1.62855926698656,,-63.1546692723109,3.61945644636856,36623.69140625,1.63941638797075,180.44987982177733,4.087062146892655,77.58,120.2663,73.631,21.4725198606437,1.959,,0.3935929,67.0424339,0.7591158,105.159156799316,8.89235893368108,16.22
CYP,2024,0.5324784,-6.83,0.39,6.07971244039425,,-133.824278977736,3.94077381708404,38674.29296875,2.29692759392108,221.0156972208821,3.15,76.63,122.893,65.385,20.6775296375465,3.157,,0.3858613,66.527046,0.6891912,106.741279602051,8.06977947828762,12.857
CZE,2010,0.3937065,-3.515,0.105,14.6575067880563,,4.81502985527419,2.71466509907701,20160.4355077059,2.41582948883936,119.99545832174232,,79.48,93.0541,36.7,26.7312876523202,2.298,0.965734444102689,1.0992694,72.2537245,0.7330604,98.6544189453125,14.0797235420596,18.356
CZE,2011,0.4745101,-2.071,0.106,9.16251804304125,,1.80994155301699,1.77238085338473,22049.1080788682,1.56218619113156,153.18591263180687,,94.88,88.7767,39.402,26.6053370220652,2.353,1.07008711032612,1.1297603,71.0490592,0.8440617,99.4467315673828,14.439152640993,18.077
CZE,2012,0.4104378,-1.537,0.107,4.28116143497319,,4.48424380759869,-0.770668190622743,20014.0354015165,-0.909418387644408,161.96787185362544,,94.05,91.6361,43.835,25.6688421143623,2.403,0.640579925432997,1.1228486,69.4632255,0.8309207,99.7749633789062,15.0290537676357,19.508
CZE,2013,0.3827776,-0.522,0.106,0.25860507770507,,3.45386726376292,-0.0418124160447491,20260.4954999375,-0.0749629946207335,136.24820703149317,,97.98,92.7611,44.141,24.3768606031502,1.429,0.382852117100547,1.1188359,69.8125373,0.8587857,106.875068664551,14.1893047184708,18.958
CZE,2014,0.5091331,0.18,0.113,8.72634203120278,,3.83510153423089,2.24521219862635,20038.4163180257,2.13762755318902,121.88517901052042,,93.17,95.5876,41.546,25.3494353917128,0.101,0.345428962074698,1.1241036,67.6778439,0.9570647,106.118507385254,14.5358283738005,15.841
CZE,2015,0.5929256,0.446,0.118,5.91173316859567,,0.898913491904098,4.95875848915604,17931.5987670768,4.75262406436026,111.18462156014614,,48.66,108.1696,39.469,26.9686249210792,0.0,0.314061907144002,1.100576,70.4541455,1.0475127,104.810516357422,13.814761325026,12.582
CZE,2016,0.6247694,1.759,0.124,4.13744263673649,,5.47566421423918,2.58087013921376,18753.9686718096,2.3840542545404,119.36261924864752,,43.29,113.0665,36.232,25.0750046974725,2.01,0.310276297011828,1.0617374,69.7011264,1.0846322,103.015083312988,14.020032806256,10.488
CZE,2017,0.7473855,1.541,0.126,7.10275452803137,,5.07066240955503,5.17356529967881,20913.197632212,4.8945501951199,119.70533874025382,,50.8,112.8101,33.782,25.0897410946251,2.365,0.372292874562504,1.0199948,72.8485894,1.13083,102.204696655273,13.9833291322777,7.936
CZE,2018,0.6140583,0.392,0.127,3.50177596746688,,3.30353998283407,2.83030588267866,23705.9329811299,2.48698770067625,120.1730401916504,,65.23,112.0038,31.678,25.6426079021172,2.021,0.389418621280193,1.0436452,72.9466892,1.0403101,101.514892578125,13.8169342651411,6.714
CZE,2019,0.6034081,0.332,0.129,1.31157012923498,,4.18705737619001,3.56577658128261,24062.7190013343,3.15874802851988,131.4715934540646,,56.99,115.7333,29.552,26.171850655873,3.208,0.399790319341053,1.0363667,72.550776,1.116394,100.21556854248,13.7726275771591,5.615
CZE,2020,0.6341668,1.759,0.128,-8.51612580418225,,3.39114066226469,-5.30487955463876,23472.8915454417,-5.53491969820153,166.60730119735476,,39.16,117.774,36.883,24.7302051809802,2.285,0.416571327081177,0.9082209,72.0527635,1.1245932,99.3292617797852,14.0265417271519,7.936
CZE,2021,0.7300087,-2.056,0.116,8.15308945199496,,4.43029524586196,4.02901832055149,27696.4619527544,5.93106968937249,168.30067705253205,,68.14,113.1051,40.692,28.1285338444502,6.613,0.394999591152656,0.9968819,74.4255721,1.1669833,102.089942932129,13.2478426636467,8.134
CZE,2022,0.8031753,-4.685,0.119,5.14899737013197,,3.02937517288668,2.8471706583814,28282.2236715857,1.24409473190281,167.90513914799786,,94.9,120.698,42.52,31.0333010301464,15.759,,0.9957469,75.8062102,1.1392733,102.935562133789,13.9586071672468,6.72
CZE,2023,0.8499213,-0.111,0.134,2.34796705681073,,3.4462419046487,0.0475803308973752,31761.5944102491,-1.71985869478267,180.44987982177733,4.087062146892655,77.58,120.2663,42.449,28.2189210871769,6.879,,1.0704669,74.222575,1.1605869,97.6154174804688,14.0228953824832,8.507
CZE,2024,0.9310659,1.755,0.141,1.52528988187177,,3.76083530894919,1.23308611983484,31823.3078290564,0.852606650391238,221.0156972208821,3.15,76.63,122.893,42.988,26.3044257488365,2.884,,0.9719006,74.2917232,1.1881307,,13.6300707691189,9.2
DEU,2010,1.6517124,5.742,0.09,14.1045298596218,,2.48154528887853,4.13463778522758,42396.9665976293,4.29429269623485,119.99545832174232,,79.48,93.0541,81.009,19.5310600093299,1.848,0.195522369883906,0.9300893,77.2860994,1.6169218,104.891357421875,6.75517744752431,10.416
DEU,2011,1.6649059,6.29,0.09,7.90277264674211,,2.55089499875415,3.75796884489337,47630.9761883572,5.69928311502757,153.18591263180687,,94.88,88.7767,78.458,21.2669872693317,2.348,0.228554942117436,0.895856,78.0864769,1.5919362,105.34651184082,7.02180025751223,8.927
DEU,2012,1.6570716,7.188,0.092,2.59225689681315,,1.8196411156431,0.463512036709204,44718.0159214069,0.275091009850499,161.96787185362544,,94.05,91.6361,79.804,19.4724714926695,2.086,0.1648561931117,0.9668035,78.5731908,1.6179786,104.442237854004,6.84590019039311,8.119
DEU,2013,1.6261055,6.708,0.092,0.474457033007482,,1.76515036525359,0.396995583779145,47206.8353514242,0.12338547838786,136.24820703149317,,97.98,92.7611,77.435,19.7883815690324,1.328,0.12505562713457,0.9567087,78.1669695,1.6271661,103.935333251953,6.52421225849841,7.825
DEU,2014,1.7082916,7.233,0.096,4.33779904633182,,0.437762571704246,2.18018602168017,48959.5991203133,1.75510660613023,121.88517901052042,,93.17,95.5876,74.52,20.139488753447,0.202,0.0973612592499159,1.067265,79.4162111,1.7365653,103.303871154785,6.31938811783888,7.612
DEU,2015,1.7233648,8.105,0.104,4.87317167966323,,1.82239938063641,1.66300602334775,41929.7549110722,0.786705244581157,111.18462156014614,,48.66,108.1696,71.216,19.4978020945699,0.201,0.0760120087289006,0.8311441,80.7471408,1.739872,102.192413330078,6.15334219504752,7.328
DEU,2016,1.763112,8.907,0.104,1.98715322717844,,1.64365840117303,2.22222216259371,42948.9381932694,1.40038690062336,119.36261924864752,,43.29,113.0665,68.282,19.7122567843741,1.707,0.0642202510440344,0.7945337,81.5087584,1.6848367,100.852310180664,6.01011095191089,7.079
DEU,2017,1.8222612,8.067,0.098,3.85750851872689,,2.88914588414184,2.797906720551,45553.9341495339,2.4144426920242,119.70533874025382,,50.8,112.8101,64.026,20.6909762954118,1.579,0.0682636663146081,0.7022243,81.5900917,1.7028849,101.095642089844,5.81126821381395,6.77
DEU,2018,1.9178103,8.428,0.093,2.55827209805651,,4.00082875273687,1.13569604599849,48916.1686612154,0.832212527052548,120.1730401916504,,65.23,112.0038,60.809,21.6503641494105,1.846,0.0847654608298758,0.8239013,81.3517051,1.715527,100.837303161621,5.54823982417323,6.22
DEU,2019,1.8768449,7.878,0.091,2.06947482390558,,1.9056930139782,0.977734697038784,47656.199739747,0.750266426253219,131.4715934540646,,56.99,115.7333,58.701,21.381259046499,1.368,0.0926260316690242,0.7271723,81.1243821,1.7076622,101.152557373047,5.29598518556429,5.859
DEU,2020,1.8713077,6.32,0.085,-9.48587967586583,,4.48523547812751,-4.13191443239947,47394.8734504469,-4.21020011825779,166.60730119735476,,39.16,117.774,68.035,21.7290304632077,-0.596,0.0767453976974352,0.6840532,79.5011339,1.6271231,101.307800292969,5.04590467990138,7.862
DEU,2021,1.8243293,6.92,0.082,10.1800002222362,,2.93002168676674,3.90999994204108,52349.2459994422,3.86602720371127,168.30067705253205,,68.14,113.1051,68.077,22.6730557200041,5.461,0.0770848993139744,0.6603045,80.3006818,1.6349496,101.203536987305,4.88659251518676,6.665
DEU,2022,1.8224098,3.845,0.088,3.89362836455925,,2.07605246190373,1.8092581243061,50506.5179638543,1.83161439976671,167.90513914799786,,94.9,120.698,64.997,23.2760146288029,10.805,,0.5284799,79.523299,1.5810518,100.81729888916,4.57471962343057,6.049
DEU,2023,1.699403,5.562,0.096,-1.41521776735212,,1.69740103499567,-0.869647578573321,54776.7668235491,-0.999929288913975,180.44987982177733,4.087062146892655,77.58,120.2663,62.878,21.994283425489,2.971,,0.50602,78.1129713,1.5855645,100.603057861328,4.44476279613189,6.02
DEU,2024,1.7734211,5.729,0.097,-2.06468766789156,,1.01586176558023,-0.495851897260366,56103.7323182554,-0.769070552658818,221.0156972208821,3.15,76.63,122.893,63.888,21.4994328905028,2.518,,0.1242671,78.4893499,1.6257844,100.243698120117,4.37006779408582,6.604
DJI,2010,-0.5264958,49.499,0.213,,67.0646568443457,3.23415329697175,,1213.23352553429,,119.99545832174232,,79.48,93.0541,27.884,,2.798,0.838156180608274,0.3584284,42.8263023,-0.7820756,,33.2780186272273,70.021
DJI,2011,-0.5260663,-1.812,0.214,,61.6657905187845,6.37538483893525,,1306.34552844977,,153.18591263180687,,94.88,88.7767,25.682,,7.62,0.888463490648047,0.1177782,42.9802976,-0.864629,,33.0508302888284,70.486
DJI,2012,-0.5478799,-23.333,0.185,,58.090597298747,8.1261509172004,,1400.19357858954,,161.96787185362544,,94.05,91.6361,25.05,,1.063,0.945907199473507,0.1173704,43.9840476,-0.865352799999999,,32.8597704483575,70.783
DJI,2013,-0.620851399999999,-30.751,0.172,,40.6920825984022,13.9893763417185,,2075.94498424748,,136.24820703149317,,97.98,92.7611,24.573,56.9079297902791,1.063,0.526727088783967,-0.2955231,42.9839755,-0.917468,,32.5508980491767,71.343
DJI,2014,-0.7346191,23.893,0.191,6.89250491364824,42.9271673641205,6.88983261287099,7.19298728463697,2214.62084142432,5.28018025983934,121.88517901052042,,93.17,95.5876,26.856,3.11518509884608,3.431,0.788998443214345,-0.3843552,43.5001646,-1.0251459,,32.2748351683019,72.035
DJI,2015,-0.729731599999999,29.46,0.181,1.33909091479414,51.2014218463801,5.93271216592944,7.30898563450799,2376.12554719873,5.45836831293627,111.18462156014614,,48.66,108.1696,40.26,-3.94592435677103,-1.61,0.662618364843773,-0.493180099999999,43.3592423,-1.0027773,,31.9445900688923,72.492
DJI,2016,-0.7112911,-1.0,0.129,-25.1303949572826,67.4162737541098,6.1420623506391,7.1234323372872,2510.4300076241,5.33331529745931,119.36261924864752,,43.29,113.0665,45.923,21.9359401140492,2.407,0.484424417766637,-0.7074408,43.5748581,-1.0026644,,31.5839953672704,73.014
DJI,2017,-0.7643067,-4.795,0.133,52.5260557459925,86.0029214045977,5.97013597143086,5.458091517212,2618.95521147369,3.73971530980459,119.70533874025382,,50.8,112.8101,47.99,21.6328079279849,-0.843,0.571398008790601,-0.7552217,44.1184706,-1.01021689999999,,31.155627317731,73.951
DJI,2018,-0.821555599999999,14.712,0.148,9.86096930455138,83.7652176445944,5.83497725047345,4.77433934943193,2718.08338799203,3.10861540140996,120.1730401916504,,65.23,112.0038,47.462,2.78690075604472,1.972,0.278959298930402,-0.296717499999999,43.1939767,-0.9865925,,30.7466394260905,74.98
DJI,2019,-0.9286163,18.258,0.12,9.21487315697658,85.2277738046756,5.66550441566635,5.54508081154978,2837.16902340932,3.91378440928256,131.4715934540646,,56.99,115.7333,41.125,2.28145969959191,3.265,0.358531614173272,-0.3842768,42.6729378,-1.0072723,,30.3354144829786,75.906
DJI,2020,-0.814078299999999,11.652,0.122,-29.7046911738425,95.2325058529055,5.03254315668511,1.2021151728969,2844.88810647853,-0.306867602824667,166.60730119735476,,39.16,117.774,42.058,-0.248727784664231,0.302,0.322148755925581,-0.4591955,41.7572492,-1.0447412,,31.2678517037062,81.882
DJI,2021,-0.9086172,-6.601,0.197,29.5424270861704,96.2217659599007,4.91482788768696,4.40715667561153,3025.91126413549,2.91169899255628,168.30067705253205,,68.14,113.1051,40.278,-15.6784437711797,2.549,0.277110490356489,-0.5273642,42.7397803,-1.0311038,,30.8966763731299,79.377
DJI,2022,-0.9087909,18.399,0.195,31.2764765576008,87.3175079251638,5.24930012962196,5.16653702854374,3133.25779772463,3.70080389886223,167.90513914799786,,94.9,120.698,38.298,-10.5957415251433,3.583,,-0.4774121,42.7288318,-1.0215603,,30.6597171951161,76.609
DJI,2023,-0.905052699999999,18.072,0.174,2.09495268035562,85.2908177323727,3.51446231641349,6.80733529403308,3381.29779710722,5.33919577490653,180.44987982177733,4.087062146892655,77.58,120.2663,35.437,-3.7352612180732,3.748,,-0.4640183,42.4294035,-1.03950379999999,,30.4283542180045,76.393
DJI,2024,-0.8908098,22.069,0.172,-9.62434597442378,83.8288747209446,1.63337101411676,6.98048467276334,3552.72335079222,5.53622497099775,221.0156972208821,3.15,76.63,122.893,33.254,0.252268985586049,1.163,,-0.5563593,41.412989,-1.01039869999999,,30.3588679012599,76.494
DMA,2010,0.8317948,-15.917,0.277,,53.1717332646412,10.9887086593887,-0.105610857694984,7549.61964680375,-0.0983573113798997,119.99545832174232,,79.48,93.0541,66.829,,0.048,0.0491548799650004,1.098788,64.0719909,0.9098685,108.655853271484,,
DMA,2011,0.8301434,-7.658,0.177,,53.7738778090247,9.48510899097882,0.0427388878891435,7705.40717248319,-0.238324807305119,153.18591263180687,,94.88,88.7767,69.681,,1.936,0.0412282999821639,1.0934992,62.3580602,0.8499179,109.177848815918,,
DMA,2012,0.8267117,-17.333,0.244,,59.6636698005409,10.823245661111,-0.15739179314221,7528.51001990155,-0.2512858516139,161.96787185362544,,94.05,91.6361,73.107,,1.266,0.0414520814234463,1.092941,63.087777,0.8484471,102.783400809717,,
DMA,2013,0.8269725,-9.914,0.331,,92.9881017461312,7.09315981024728,0.0045039972976042,7822.21797211398,-0.851878257402049,136.24820703149317,,97.98,92.7611,73.927,,-0.44,0.0539374373872897,1.0912351,63.0767417,0.8451595,,,
DMA,2014,0.6052154,-6.831,0.196,,86.6732781205246,2.15759020953855,2.33521742067693,8131.74876096735,1.37836503321573,121.88517901052042,,93.17,95.5876,72.127,,0.461,0.0651451844425706,1.1473784,60.8237754,0.6962779,93.3871994018555,,
DMA,2015,0.6194167,-7.082,0.281,,88.4015382862575,1.22782053461875,-3.37338262476895,8282.59874702141,-3.42415928778391,111.18462156014614,,48.66,108.1696,68.873,,-0.654,0.0474677077229137,1.1120789,58.5372679,0.7343047,95.9454803466797,,
DMA,2016,0.6205238,-8.988,0.199,,90.5118431972535,6.89801855079428,1.44724556489263,8802.56172041363,2.6190351438682,119.36261924864752,,43.29,113.0665,76.538,,0.718,0.0602343950060558,0.9362782,58.5491186,0.7305425,,,
DMA,2017,0.62126,-11.029,0.211,,91.9687797677961,4.02538103514499,-7.5443637547282,8224.64896571414,-6.04609004192379,119.70533874025382,,50.8,112.8101,84.011,,-1.484,0.0559454272358846,1.1093885,57.6105361,0.6990632,,,
DMA,2018,0.5097888,-46.653,0.269,,80.2709953942802,12.4606230458607,2.964010610466,9215.3085405645,3.45033107598908,120.1730401916504,,65.23,112.0038,85.631,,3.983,0.0348243046150246,1.112031,57.3751003,0.6138951,,,
DMA,2019,0.4981335,-38.132,0.231,,72.5011521232773,9.78484788732394,3.94809757938053,9491.14995962374,4.3983147374291,131.4715934540646,,56.99,115.7333,97.678,,0.143,0.0284260300710226,0.9867091,56.738468,0.6025772,105.625543006082,,
DMA,2020,0.4019084,-36.965,0.14,,89.4556387167,4.31749235024332,-15.7064024545862,7827.74842680426,-15.323436855213,166.60730119735476,,39.16,117.774,112.458,,-0.704,0.0462893309270096,1.2385037,57.2947229,0.5984586,105.181579589844,,
DMA,2021,0.3994373,-33.516,0.134,,90.5167936997936,5.0343144105378,5.37983838954712,8376.40414141113,5.96160559948913,168.30067705253205,,68.14,113.1051,108.501,,3.543,0.0330678676450178,1.2367945,57.2175833,0.5368851,105.535634244733,,
DMA,2022,0.3990364,-26.97,0.136,,95.7270653249712,2.71598643499556,10.3968076616121,9323.66089490562,11.0179611001056,167.90513914799786,,94.9,120.698,104.306,,8.688,,1.2397365,57.1838056,0.5641308,105.387588500977,,
DMA,2023,0.4140289,-34.196,0.135,,89.8840329836928,7.2826833844529,3.65221012208734,9912.96212766668,4.14467889969342,180.44987982177733,4.087062146892655,77.58,120.2663,99.924,,2.488,,1.2402149,57.2884884,0.5395543,102.585807800293,,
DMA,2024,0.5329662,-32.337,0.123,,82.3567303337689,8.70431929375585,2.052738472526,10405.2787777582,2.52288551933697,221.0156972208821,3.15,76.63,122.893,101.036,,2.003,,1.2341643,55.8063108,0.3974621,,,
DNK,2010,2.2632106,6.415,0.072,3.02611973880738,,-3.56794135328115,1.58289703108802,58104.5445594981,1.13266938250023,119.99545832174232,,79.48,93.0541,46.123,17.8221551141916,2.805,1.21806959470816,1.1703202,85.4407408,1.8409141,118.944053649902,6.72239979592655,15.554
DNK,2011,2.3322647,6.346,0.075,7.44666710722819,,3.93792637361731,1.3108037609606,61809.737898222,0.894526404293345,153.18591263180687,,94.88,88.7767,49.986,18.9874945831856,2.413,1.63537891856148,1.155094,86.2442852,1.8953729,121.816520690918,6.67412441701192,16.306
DNK,2012,2.258271,6.064,0.076,1.25947058668956,,-5.00312031968255,-0.0054323016167074,58443.7747103968,-0.380977125445526,161.96787185362544,,94.05,91.6361,48.711,19.2269717517509,1.742,1.52209845823621,1.0433934,83.6007853,1.9226675,124.577186584473,6.81047707715329,15.775
DNK,2013,2.2419071,7.368,0.076,1.38962440104031,,0.197410828523168,1.39267343161971,61377.5940590412,0.970845909690212,136.24820703149317,,97.98,92.7611,47.77,19.3525146403367,0.504,1.17608346343677,1.0203721,83.6564411,1.8977246,131.692306518555,6.67482935147129,14.774
DNK,2014,2.1516341,8.402,0.074,3.01928719656838,,1.86415567840611,1.27799983192831,62520.4509747011,0.765766155124069,121.88517901052042,,93.17,95.5876,48.712,20.1482030437865,0.0,0.983209243067839,1.1307994,81.0668511,1.9105598,132.451354980469,6.55669017617905,14.196
DNK,2015,2.1589365,7.957,0.075,3.23225705275851,,0.61075067778712,2.10441456445301,53094.0133607574,1.38566632188861,111.18462156014614,,48.66,108.1696,44.55,20.5435311718122,0.301,0.521484568638432,1.0198991,82.691093,1.9817984,133.795471191406,6.49450081271859,12.152
DNK,2016,2.1677475,7.088,0.078,3.66175325182229,,2.49983169836595,3.07304549209093,54500.9260410217,2.27180151789635,119.36261924864752,,43.29,113.0665,41.692,21.680712423112,0.3,0.342477974632511,0.9320841,82.6034181,1.9474066,131.441299438477,6.43907336030118,12.147
DNK,2017,2.1877812,7.323,0.068,4.80574466596913,,1.08780490285886,3.05647723922718,57521.5514992225,2.39559065097636,119.70533874025382,,50.8,112.8101,40.153,21.9568242214893,0.896,0.470200711781742,0.9149035,83.1152385,1.9374557,130.324432373047,6.05645767354857,12.384
DNK,2018,2.1580954,6.307,0.069,3.4041158338494,,2.46670057625106,1.8600074900921,61324.7665045565,1.35619600199787,120.1730401916504,,65.23,112.0038,38.539,22.5323146804877,0.79,0.587862611976543,1.0018359,83.9270834,1.9248352,129.849563598633,5.87842099646873,10.52
DNK,2019,2.1562325,7.446,0.08,4.41706305963147,,-1.10067098319484,1.71140093932736,59404.2663247723,1.34779245340653,131.4715934540646,,56.99,115.7333,38.335,21.8859998750194,0.881,0.446224762644461,0.8984987,85.3573794,2.0201937,129.311126708984,5.9695081479189,10.041
DNK,2020,2.2645808,7.226,0.088,-6.35977223572377,,0.363874538682217,-1.78010601831291,60985.4885601514,-2.06613837683189,166.60730119735476,,39.16,117.774,46.278,22.7626532555055,0.485,0.162332732247836,0.8682976,86.029193,1.9748465,129.995193481445,6.22578684985061,11.634
DNK,2021,2.2948313,8.678,0.08,7.73686039410961,,4.18538817542322,6.50025445756295,69340.7334922138,6.03966577353796,168.30067705253205,,68.14,113.1051,40.487,23.9587122773163,3.478,0.33866438619955,0.8409469,86.3661936,2.0133921,131.772018432617,6.26723614047401,10.8
DNK,2022,2.3022376,11.658,0.08,6.58529021023611,,6.9048667972729,0.443832614908331,67781.0940939514,-0.344058639271637,167.90513914799786,,94.9,120.698,34.077,24.7772032902353,9.711,,0.8416401,86.7303352,2.0023268,130.326995849609,5.75716058671048,10.533
DNK,2023,2.3171626,9.836,0.078,7.78291262621464,,2.0346382929142,0.604587766175584,68043.5466971243,-0.138322294600371,180.44987982177733,4.087062146892655,77.58,120.2663,33.589,23.6446197797629,0.426,,0.9005936,86.2390996,2.0143499,126.98078918457,5.69211349548988,11.499
DNK,2024,2.2874751,13.022,0.073,7.10949504668545,,4.29658848924698,3.47783593140312,71026.4832271897,2.95776259160623,221.0156972208821,3.15,76.63,122.893,27.993,23.2065036119904,1.864,,0.7688761,85.3127667,2.0043149,125.628089904785,5.56313097612034,11.786
DOM,2010,-0.7609997,-7.47,0.147,16.1913053283243,26.0220096247191,3.38320513554667,8.40114541209596,5478.62470398954,7.02231182986095,119.99545832174232,,79.48,93.0541,37.352,26.0714218346178,6.238,0.172400177111422,-0.0570436999999999,53.8189588,-0.658293999999999,77.9718275378447,44.2745807136213,10.81
DOM,2011,-0.7070725,-7.514,0.133,7.4147210213732,27.1077571244514,3.79217588020774,3.19196227475523,5826.51014109195,1.89038252427819,153.18591263180687,,94.88,88.7767,39.108,24.6033236905519,7.76,0.340210817624619,-0.0597805999999999,51.9007992,-0.6041963,77.4272200156803,43.979319665625,13.956
DOM,2012,-0.7816871,-6.549,0.136,5.66237909179806,37.9999509426637,5.64036946601582,2.77567100848816,6013.81965002603,1.50210074555162,161.96787185362544,,94.05,91.6361,42.404,23.7525597160893,3.907,0.446840708804603,0.0313944,51.9465411,-0.5862733,77.986106386808,43.1866294693224,14.821
DOM,2013,-0.770886899999999,-4.1,0.17,9.16747607480488,40.2090845949178,2.55757225532805,4.93473300709881,6136.59429329301,3.66423400861591,136.24820703149317,,97.98,92.7611,46.809,22.1057612783667,3.876,1.02972097005091,-0.0097174,52.1150619,-0.5420109,79.1714978028552,41.57228015607,17.392
DOM,2014,-0.755538199999999,-3.234,0.191,8.85360259410662,41.1959833274792,3.55938801753347,7.11122629673892,6496.45166971142,5.84760695663518,121.88517901052042,,93.17,95.5876,45.022,22.3946076084169,1.582,1.03750954514513,0.0549569,52.511956,-0.413435,80.11454424521,42.0145419412377,13.343
DOM,2015,-0.7903907,-1.802,0.185,3.18032129003211,39.2875137980566,3.13851060913817,6.98771131236387,6800.95309395474,5.76452490966611,111.18462156014614,,48.66,108.1696,44.812,22.6506907232187,2.344,0.535347858231712,0.1170524,53.4453875,-0.5344359,79.9378896410207,41.8023558515016,16.426
DOM,2016,-0.794053,-1.077,0.21,7.61025582903345,39.1307092043539,3.33024928523507,6.71974078681295,7160.44200982307,5.54040978660888,119.36261924864752,,43.29,113.0665,46.685,22.1728652705364,1.695,1.2819479321571,0.1555826,53.8370029,-0.5326099,80.0944728713855,40.3159474305724,16.738
DOM,2017,-0.801055499999999,-0.168,0.194,4.30874879757897,39.1301705509736,4.55025610026855,3.93386176401576,7412.71571571512,2.80931921775627,119.70533874025382,,50.8,112.8101,49.48,21.1809206285418,4.204,1.03534454096242,0.0918722,53.1728069,-0.5595468,79.9406801126231,41.167137383215,13.441
DOM,2018,-0.8443735,-1.553,0.184,5.65233702497679,39.1917519544561,3.22902365102652,7.09751640210159,7882.98221584944,5.95314205477773,120.1730401916504,,65.23,112.0038,50.798,25.2022908220767,1.171,0.868889463505184,0.0030759,52.5809102,-0.5483264,80.2159299988463,40.7196750004788,14.847
DOM,2019,-0.802128499999999,-1.331,0.191,1.75155380708539,41.2514854465295,3.17366550445317,4.8940301149584,8183.01623600375,3.81572682273033,131.4715934540646,,56.99,115.7333,53.456,25.2348623794613,3.656,1.05544444208182,0.0515231,53.2577644,-0.4801078,81.8562360431581,39.1934937252814,15.835
DOM,2020,-0.706555199999999,-1.691,0.212,-28.4773358649076,54.2810818873655,3.13265976088131,-7.92905234231061,7135.22273255899,-8.88467221699831,166.60730119735476,,39.16,117.774,71.812,24.879515915457,5.554,1.23931109405337,0.2361204,53.3266303,-0.3813297,80.0444119218853,40.1302140656107,14.766
DOM,2021,-0.545258,-2.825,0.191,35.3499453191938,48.6848766873936,3.53154938314388,14.0124289062207,8527.0754858205,12.8319080410071,168.30067705253205,,68.14,113.1051,62.821,30.2749635460096,8.496,2.07711318519727,0.3502987,54.6996665,-0.3243436,75.7044807816311,40.6228579854727,16.874
DOM,2022,-0.422172599999999,-5.754,0.178,13.1423138181552,44.2344938860299,3.56897098132173,5.23795652902595,10104.2449349081,4.2328919676722,167.90513914799786,,94.9,120.698,59.578,30.6705570734763,7.827,,0.4914554,53.9191641,-0.2774196,76.5283197247412,39.5146130896028,12.852
DOM,2023,-0.429853,-3.658,0.182,-1.59659360106893,45.373867511305,3.94375586800192,2.19229848237939,10630.431743829,1.28564825764879,180.44987982177733,4.087062146892655,77.58,120.2663,60.511,27.8145628515185,3.569,,0.4655668,55.6277752,-0.241159899999999,75.4805556926418,38.3000462029361,11.559
DOM,2024,-0.2654917,-3.344,0.194,7.77961445052205,45.3336943010045,3.6013993607877,4.95352204492849,10875.6618443092,4.06915239840208,221.0156972208821,3.15,76.63,122.893,58.792,26.9980468938553,3.348,,0.5893402,58.132649,-0.1822626,76.3648403372637,38.1468891397098,12.872
DZA,2010,-0.3918564,6.838,0.523,-0.599999999999824,4.08153905024031,1.29390467487817,4.80000000093564,4912.78585503672,2.77921908194712,119.99545832174232,,79.48,93.0541,9.513,43.2868274827225,2.725,25.5383244245491,-1.31766989999999,39.5704313,-0.7700849,100.739776611328,29.4536323041588,22.161
DZA,2011,-0.4094732,9.07,0.538,-2.69999999999982,2.79540714477209,1.17767329101171,2.99999999941909,5916.31364364343,1.00399237129356,153.18591263180687,,94.88,88.7767,8.478,39.7538222142123,5.16,28.5812899587159,-1.43622689999999,36.9654784,-0.833268,103.184272766113,29.5343350568468,22.803
DZA,2012,-0.453743099999999,5.411,0.54,-3.69999999999983,2.4523641196966,0.660551953898791,2.40000000034432,6033.64884689543,0.379563284418055,161.96787185362544,,94.05,91.6361,8.583,40.2823786992933,9.035,26.2525144621236,-1.2861441,37.7034704,-0.820280599999999,,28.2345154129682,27.872
DZA,2013,-0.4058013,0.363,0.541,-5.70000000000034,2.32227149466818,0.736559065111634,2.60000000061164,5979.60138960585,0.548743629610698,136.24820703149317,,97.98,92.7611,6.478,44.5820108403061,1.148,24.2231338959379,-1.3382043,42.2604584,-0.7149392,,26.9280770170154,25.459
DZA,2014,-0.6220502,-3.949,0.485,0.200000000000017,2.35485990757709,0.628688968391006,4.09999999866501,6094.69392314956,2.00005200987388,121.88517901052042,,93.17,95.5876,6.853,46.8984793363791,5.253,22.6123097835033,-1.1769102,38.6433809,-0.836116699999999,,27.0020327204437,25.664
DZA,2015,-0.6299526,-14.555,0.485,0.499999999999787,2.54367171691573,-0.286832290676438,3.20000000089023,4685.05902729002,1.09962061859601,111.18462156014614,,48.66,108.1696,7.731,51.779612559441,4.362,14.9252527493911,-1.049624,40.4991062,-0.8774318,,27.0487384195325,30.377
DZA,2016,-0.6412808,-14.645,0.489,6.90000000000018,3.04187962008185,0.906300705997455,3.90000000017621,4424.98529027556,1.78594064734014,119.36261924864752,,43.29,113.0665,18.094,51.6415142855742,6.957,12.8191814025545,-1.12458449999999,40.280713,-0.860594099999999,,27.0741622172624,26.228
DZA,2017,-0.5404682,-11.753,0.48,-4.30000000000017,3.04068276560909,0.647902696344894,1.49999999895587,4554.66753957828,-0.541667024495979,119.70533874025382,,50.8,112.8101,24.015,48.2675922575805,4.933,15.372392970843,-0.929504599999999,39.9443843,-0.8676221,,27.1121193253132,30.295
DZA,2018,-0.538513599999999,-8.68,0.478,-3.40000000000003,2.99935858462774,0.753576088552125,1.40000000088281,4577.21029180491,-0.546019580108478,120.1730401916504,,65.23,112.0038,34.493,46.4568594962626,2.702,20.7172028374976,-0.6370211,38.4567671,-0.853582899999999,,26.9908650715776,30.709
DZA,2019,-0.620545999999999,-8.746,0.48,-5.69999999999963,2.89761005806805,0.713947308015691,0.899999999219148,4468.45341883656,-0.939992962004737,131.4715934540646,,56.99,115.7333,40.882,44.6295617875004,2.434,18.5236789388593,-1.06252749999999,37.0539655,-0.845730299999999,,26.8786505529258,31.202
DZA,2020,-0.635634599999999,-11.338,0.458,-12.2,3.19351908942954,0.693816014772836,-4.99999999908597,3743.5419522929,-6.61247509707083,166.60730119735476,,39.16,117.774,45.967,42.9493576825015,3.516,14.0343770936226,-0.883733299999999,37.8133673,-0.7746944,,26.7323712355013,35.767
DZA,2021,-0.6509952,-2.428,0.477,11.5,4.04120760001954,0.466728479682941,3.79999999900707,4160.55926736925,2.13263632683078,168.30067705253205,,68.14,113.1051,55.145,39.146266285101,8.485,22.5902703479201,-0.9009933,39.5329048,-0.7553319,,26.2121546483116,33.828
DZA,2022,-0.6430769,8.446,0.504,-0.100000000000591,3.23500775227816,0.107187812155079,3.60000000094915,4960.30334332888,1.96825188100587,167.90513914799786,,94.9,120.698,48.068,35.0979536992694,9.295,,-0.8074555,41.0115322,-0.798385,104.550270080566,26.1032765692872,31.359
DZA,2023,-0.6397452,2.413,0.476,3.10000000000063,2.9975548859142,0.489819143410423,4.10000000005964,5370.477235078,2.55120301943617,180.44987982177733,4.087062146892655,77.58,120.2663,47.712,37.6168765143841,7.838,,-0.7317401,42.4720793,-0.7329544,101.264892578125,25.9252191073665,29.995
DZA,2024,-0.5933952,-1.371,0.479,-2.40000000000056,2.66774817396092,0.455370730483787,3.69999999907979,5752.99076651465,2.25996527082104,221.0156972208821,3.15,76.63,122.893,46.202,41.098075603421,2.984,,-0.6935882,42.9924826,-0.6967772,105.164131811213,25.7491835749753,29.884
ECU,2010,-0.711728799999999,-2.322,0.501,0.512209052985654,22.9267416497492,0.243419054034351,4.02913787986621,4520.30959039763,2.2990259381485,119.99545832174232,,79.48,93.0541,18.436,23.4900158733515,3.328,11.7907315375663,-0.6609602,35.0531447,-1.0787288,91.5583877563477,43.9038963484365,9.286
ECU,2011,-0.669629799999999,-0.507,0.515,6.48654026221907,20.8128267378918,0.817966548837347,8.48147656332823,5153.6916424375,6.71524931054121,153.18591263180687,,94.88,88.7767,18.607,23.5320911453288,5.409,16.5773760059007,-0.7429017,36.9336848,-1.0913867,95.6929702758789,45.8688301301088,8.899
ECU,2012,-0.6136706,-0.167,0.518,4.91296860400688,18.8054980939561,0.646739602691481,5.783212336172,5634.08393191094,4.11233799510666,161.96787185362544,,94.05,91.6361,19.341,23.0133036457677,4.164,14.5265186334151,-0.660745199999999,39.1197898,-1.0775133,98.554801940918,45.6248513660559,8.538
ECU,2013,-0.584110999999999,-0.966,0.525,2.68376660838929,20.0522206650203,0.752903273859877,7.21123653679159,6109.29031510341,5.61780573490684,136.24820703149317,,97.98,92.7611,23.426,24.8833528938608,2.701,12.8813253368088,-0.2633528,41.7770249,-0.994210199999999,100.659210205078,44.9686893230082,8.332
ECU,2014,-0.7552215,-0.651,0.5,4.80532618462468,24.6905647226746,0.751953401658059,4.22606520388456,6405.79979300441,2.74412306472649,121.88517901052042,,93.17,95.5876,28.163,24.7058907826623,3.667,11.5903571785583,-0.0167487,42.8702525,-1.0146122,102.590339660645,42.7447296073432,9.031
ECU,2015,-0.7228483,-2.285,0.372,-4.80516600158344,29.7448712901636,1.36067004574537,0.119692109287612,5976.1596805651,-1.30274985042635,111.18462156014614,,48.66,108.1696,36.438,22.6864358338097,3.38,4.63202397853143,-0.1822625,39.619769,-1.0655454,100.791786193848,44.8841060781396,8.824
ECU,2016,-0.766105399999999,0.922,0.348,-4.98090352744759,36.9480973788042,0.78469808886928,-0.687954245877947,5917.63771271481,-2.12550882201938,119.36261924864752,,43.29,113.0665,46.066,20.2460508591084,1.12,3.75806780861528,-0.1672879,41.1927585,-0.965986399999999,98.0803764939006,48.6177906465896,10.349
ECU,2017,-0.775722799999999,-0.388,0.368,2.61905094400522,40.3243295654818,0.605279629548276,5.97039880954841,6233.32244797718,4.36195467405905,119.70533874025382,,50.8,112.8101,47.391,22.4803878213361,-0.197,4.98372023451617,-0.1273984,40.0809175,-0.8823998,96.1637651807361,49.6750648985681,8.465
ECU,2018,-0.618424299999999,-1.534,0.393,1.85059091937836,42.9910183543729,1.29342873266166,1.04429460679607,6303.91886658338,-0.674558960176682,120.1730401916504,,65.23,112.0038,49.505,22.5404393330524,0.266,7.0964207852671,-0.0672488,41.8618752,-0.7671005,94.9748100922065,50.2721553528032,7.956
ECU,2019,-0.5273627,-0.507,0.388,4.92909876411531,49.6566686043124,0.915058228783613,0.1654044646003,6205.05765246766,-1.51253154807527,131.4715934540646,,56.99,115.7333,52.064,21.04923118303,-0.065,5.82070104913459,-0.209832,43.3247833,-0.6485634,93.8371637137576,51.7228762159523,8.733
ECU,2020,-0.5183859,2.091,0.323,-3.90538061519355,60.9453501649796,1.16754746598289,-9.24509619165865,5463.64515348598,-10.3108339169142,166.60730119735476,,39.16,117.774,63.551,17.5849129748726,-0.933,2.92430668533391,-0.1513823,43.2556587,-0.5676359,93.9849491291463,52.0343211366706,11.068
ECU,2021,-0.6326965,2.741,0.336,9.42306692369725,55.1142076977331,0.607511454080008,9.42189269033631,6061.32350181711,8.57789544186942,168.30067705253205,,68.14,113.1051,61.756,20.7476106763154,1.941,6.69943720189179,-0.1983083,46.1076615,-0.4314709,94.5899282617776,52.1511278170763,9.136
ECU,2022,-0.655353,1.84,0.365,7.84989868121866,53.1297474306529,0.759467924339618,5.86842354862311,6515.58528418336,5.0282959697896,167.90513914799786,,94.9,120.698,57.203,22.4059052025305,3.737,,-0.2336288,47.3185439,-0.5794902,94.1335305764161,50.972290649321,8.298
ECU,2023,-0.719996,1.83,0.338,0.824435301597987,52.1063435637108,0.39702767894988,1.98823813984235,6737.84748379638,1.10230591349449,180.44987982177733,4.087062146892655,77.58,120.2663,54.332,20.650593270293,1.35,,-0.3543579,45.4081438,-0.858649799999999,92.8118025876465,48.6267465931014,7.782
ECU,2024,-0.775680199999999,5.818,0.325,1.78861849782498,49.7486298154549,0.355365031150455,-2.00125476341026,6874.705739766,-2.84096326274179,221.0156972208821,3.15,76.63,122.893,55.039,18.4824073547769,0.529,,-0.7210909,44.6676535,-0.9650369,,50.1616765821744,8.574
EGY,2010,-0.608266,-1.877,0.15,-2.98387096774192,17.1484993453553,2.91601657550141,5.1472348575531,2455.08194645282,3.14977851168294,119.99545832174232,,79.48,93.0541,69.59,19.5010774075916,10.159,9.45061556541184,-1.0007352,53.5271134,-0.2849681,64.7296371459961,17.2401565791713,24.583
EGY,2011,-0.5611174,-2.457,0.17,1.24688279301741,15.3121406993227,-0.204542848807527,1.7645719489982,2590.64384891965,-0.354646267702748,153.18591263180687,,94.88,88.7767,72.83,17.1030559404857,11.816,12.3388401952225,-1.68884559999999,51.3824857,-0.51085,72.5487594604492,17.3056274608023,29.426
EGY,2012,-0.5175138,-3.445,0.173,-2.29885057471265,14.6941589979995,1.00234071774049,2.22619979863525,2996.0677072015,-0.0429670178954922,161.96787185362544,,94.05,91.6361,69.862,16.0267510598913,7.216,10.7454978351353,-1.58945659999999,46.7866905,-0.5396816,73.0182495117188,16.0151419528394,34.439
EGY,2013,-0.5658677,-2.108,0.158,4.51565914056806,16.5588608179564,1.45343420769727,2.18546605362143,3025.52563552448,-0.14323388107762,136.24820703149317,,97.98,92.7611,79.812,14.2119974199097,9.856,9.78188256424924,-1.8070331,43.2135348,-0.795294,73.8954466194364,20.5027159795519,34.12
EGY,2014,-0.576257999999999,-0.854,0.162,-10.9407665505227,14.0020767838652,1.50925042253521,2.91591187985748,3133.39102265541,0.599558564006458,121.88517901052042,,93.17,95.5876,80.874,13.6431924882629,8.315,8.43222797439408,-1.5091298,43.1519585,-0.839702699999999,73.3723421134374,19.6475351963884,32.198
EGY,2015,-0.5639736,-3.468,0.142,-0.0391236306727762,15.4090910799379,2.10258128401326,4.37201907790141,3306.98159414141,2.20415858015615,111.18462156014614,,48.66,108.1696,83.754,14.2886370146078,11.313,4.12906894708286,-1.5178167,43.2491735,-0.8381446,,19.6545205453918,34.16
EGY,2016,-0.4472655,-5.643,0.149,-15.0293542074365,21.0959884446522,2.43856278142762,4.34664345555447,3270.6287768197,2.24497375649698,119.36261924864752,,43.29,113.0665,91.586,15.0402303092936,13.975,3.20908060820144,-1.5399732,42.7646518,-0.8445636,75.7524086692863,19.7477149647995,33.655
EGY,2017,-0.4059653,-5.832,0.134,86.0432980193459,34.6961018574758,2.98301550917695,4.18122099994778,2395.10333299491,2.12015477172733,119.70533874025382,,50.8,112.8101,97.8,18.734101042151,29.777,5.69886428656261,-1.4711477,43.692598,-0.774614199999999,76.4337653082262,21.5645253336233,32.644
EGY,2018,-0.4749757,-2.266,0.145,31.5904536345416,38.8036123837843,3.10040077579187,5.3311086189448,2484.70315630508,3.35166753247044,120.1730401916504,,65.23,112.0038,87.949,20.6249196348206,14.356,7.59656355901849,-1.26200959999999,43.1497473,-0.739756099999999,76.9816189396849,18.9003846679113,26.252
EGY,2019,-0.652109199999999,-3.427,0.154,-2.6858645991968,37.3486377137165,2.82732944960686,5.55209307156956,2962.98892023003,3.71584088573542,131.4715934540646,,56.99,115.7333,80.092,20.6540385989993,9.359,5.72496131230483,-1.19692089999999,43.7779482,-0.749387999999999,77.9093978841525,19.5069705952861,20.631
EGY,2020,-0.7914606,-2.919,0.146,-23.6591264760279,35.5843178235706,1.52462948997172,3.55016483786838,3511.11381026379,1.88111975917718,166.60730119735476,,39.16,117.774,86.222,18.8180606572831,5.692,3.25774327235436,-1.1172787,44.8386204,-0.789880599999999,79.6544750074231,18.4583819298746,18.463
EGY,2021,-0.7873199,-4.355,0.153,-13.8464405516214,35.4130599251787,1.20617861055665,3.29064601202211,3827.35415374308,1.76220484283698,168.30067705253205,,68.14,113.1051,89.903,18.2122435502994,4.893,5.1391200748227,-1.066781,45.8709072,-0.8185251,81.8833487066739,23.6650240780468,18.21
EGY,2022,-0.7776624,-3.483,0.186,57.3437162016008,35.3832819125992,2.39118080969079,6.58784560886967,4233.30783744856,5.01555864991792,167.90513914799786,,94.9,120.698,88.534,19.8559132929551,13.154,,-0.9542974,44.3195704,-0.772813099999999,,23.0648768584727,16.342
EGY,2023,-0.816904499999999,-1.196,0.113,31.3725490196078,44.4212432479616,2.48546398363597,3.76028052279247,3456.78968456253,2.02315842412948,180.44987982177733,4.087062146892655,77.58,120.2663,95.93,16.4907339937373,35.727,,-0.899323299999999,45.8231309,-0.7776875,84.474862198776,24.2996659219683,17.153
EGY,2024,-0.8269898,-5.431,0.135,-10.6156716417911,41.9820138564051,11.9719350883142,2.3991692678251,3338.47371395895,0.639636335125445,221.0156972208821,3.15,76.63,122.893,90.925,12.9967401874752,27.493,,-0.9779235,46.9854499,-0.751539899999999,84.8286031306453,24.0777322521347,17.291
ERI,2010,-0.720041399999999,-11.42,0.133,17.4961090509831,66.0762157560823,5.72501513985957,2.19419034888082,539.699512069686,0.205918877679608,119.99545832174232,,79.48,93.0541,201.787,12.3854014927083,4.694,2.52187707517148,-0.8910469,25.310009,-1.5184043,51.5608596801758,49.288282865211,10.469
ERI,2011,-0.7517438,12.796,0.682,575.740456101944,51.4834999754646,1.8886183675912,8.67980010138049,688.68165957684,6.74798297853228,153.18591263180687,,94.88,88.7767,171.569,12.626317662696,7.708,26.9562621368195,-0.8949954,25.3122138,-1.5167327,51.8398818969727,49.1977309374742,10.326
ERI,2012,-0.872825699999999,12.441,0.789,,,,,,,161.96787185362544,,94.05,91.6361,171.577,,6.607,,-0.9125405,24.9713098,-1.51498929999999,52.7079315185547,49.0948503223394,10.103
ERI,2013,-0.9908114,2.278,0.521,,,,,,,136.24820703149317,,97.98,92.7611,232.428,,9.935,,-0.983509699999999,23.9956913,-1.570103,51.34619140625,49.1466391147448,9.945
ERI,2014,-1.124763,17.689,0.555,,,,,,,121.88517901052042,,93.17,95.5876,204.483,,1.342,,-0.651784799999999,24.81252,-1.676812,50.6653785705566,48.8007551478023,9.896
ERI,2015,-1.3519275,22.392,0.556,,,,,,,111.18462156014614,,48.66,108.1696,271.409,,50.83,,-0.7893504,25.1444564,-1.6533883,46.171501159668,48.8095273574756,10.034
ERI,2016,-1.35281649999999,13.433,0.277,,,,,,,119.36261924864752,,43.29,113.0665,251.228,,-22.041,,-0.7487988,24.512494,-1.6534478,,48.7083929617464,9.998
ERI,2017,-1.320663,24.756,0.315,,,,,,,119.70533874025382,,50.8,112.8101,290.386,,-18.164,,-0.834184199999999,24.7467484,-1.633707,44.911060333252,48.7697282276229,9.989
ERI,2018,-1.4338129,15.514,0.271,,,,,,,120.1730401916504,,65.23,112.0038,267.092,,-29.277,,-0.9260353,24.6876056,-1.6817801,46.1723785400391,48.6521574001736,9.802
ERI,2019,-1.4238042,12.988,0.332,,,,,,,131.4715934540646,,56.99,115.7333,260.393,,5.6,,-0.9764301,23.8772543,-1.6886873,,48.489689111353,9.845
ERI,2020,-1.3612091,,0.314,,,,,,,166.60730119735476,,39.16,117.774,,,,,-1.0705711,23.9974561,-1.6238593,,49.1364151445771,11.1
ERI,2021,-1.36851339999999,,0.338,,,,,,,168.30067705253205,,68.14,113.1051,,,,,-1.02707899999999,23.4965669,-1.6516587,,48.6544722191247,10.976
ERI,2022,-1.3644356,,0.337,,,,,,,167.90513914799786,,94.9,120.698,,,,,-1.0696541,23.4856183,-1.7694664,44.0441284179688,48.4828072897589,10.186
ERI,2023,-1.4131414,,0.273,,,,,,,180.44987982177733,4.087062146892655,77.58,120.2663,,,,,-0.7897784,22.8726447,-1.79714659999999,,48.2919404115304,9.965
ERI,2024,-1.6331361,,0.366,,,,,,,221.0156972208821,3.15,76.63,122.893,,,,,-0.7086146,22.7621975,-1.8026292,,48.0970030474014,10.056
ESP,2010,1.0363797,-3.558,0.095,8.97867165860444,,2.51885825626411,0.0941223116369514,30658.7422282912,-0.365660089983677,119.99545832174232,,79.48,93.0541,60.266,22.3988413816153,2.865,0.058346056568316,0.0213027,72.2345733,0.9563535,122.622512817383,12.11600969174,41.453
ESP,2011,1.1180861,-2.614,0.096,8.20588955591957,,1.73938048405349,-0.639920636520344,31824.6219134777,-0.992358604711711,153.18591263180687,,94.88,88.7767,69.528,20.7135839205008,2.347,0.065256205028861,0.2026668,70.0173765,1.021769,126.152786254883,11.8356312134069,46.158
ESP,2012,1.1056885,0.156,0.091,0.945211676865895,,1.44631700014204,-2.86511368637748,28456.4438151477,-2.92815897770406,161.96787185362544,,94.05,91.6361,89.56,18.5944685336556,3.007,0.0730629225763844,0.1447381,68.6282739,1.0835763,127.786712646484,12.3002839913515,52.829
ESP,2013,0.7866619,2.081,0.091,4.28954184188393,,3.4608559063245,-1.42732224757626,29228.846559842,-1.07017018206768,136.24820703149317,,97.98,92.7611,100.0,17.412338687976,0.307,0.0627348719312166,0.0980042,68.6496773,0.956418,126.814498901367,12.653717918517,55.444
ESP,2014,0.5991782,1.78,0.092,4.50593466984056,,2.31642230011085,1.52048593647231,29707.765509467,1.83396646193863,121.88517901052042,,93.17,95.5876,104.418,18.1481477916625,-1.134,0.0606477510711108,0.4826214,65.8536441,0.9030126,125.537757873535,13.0088582600047,53.169
ESP,2015,0.5903482,2.046,0.103,4.35173842927897,,1.97131692755332,4.06086672473866,25982.4416197775,4.14701193619516,111.18462156014614,,48.66,108.1696,102.442,19.3734408230247,-0.13,0.0478922611851597,0.4353383,67.5496507,0.9539353,125.170799255371,12.5780503092451,48.353
ESP,2016,0.6246332,3.147,0.107,5.39246093751531,,3.61722479660389,2.91515598595787,26755.6061149398,2.83577124069477,119.36261924864752,,43.29,113.0665,101.967,19.0611122143393,1.409,0.0419317249195144,0.425985,70.0438804,1.0063989,123.736541748047,11.9822538942882,44.445
ESP,2017,0.5939905,2.793,0.096,5.60718128988957,,2.54039212306223,2.89604207865007,28381.3425596906,2.64617061107108,119.70533874025382,,50.8,112.8101,101.144,19.5656670290524,1.222,0.0530656069147325,0.280621,68.8481133,1.0251392,121.1416015625,11.9498951108739,38.594
ESP,2018,0.7455087,1.877,0.097,1.66113999137802,,4.46748509754483,2.39541124478878,30602.4212881113,1.93406292039191,120.1730401916504,,65.23,112.0038,99.718,20.7061758213476,1.226,0.0630077839936006,0.3346558,68.7999285,0.992005,120.109077453613,11.4298620158285,34.362
ESP,2019,0.8202611,2.129,0.099,2.26475838526943,,2.16052375036307,1.96117850841711,29786.5245689007,1.23303741249605,131.4715934540646,,56.99,115.7333,97.579,20.9088226144802,0.846,0.0390101070611282,0.267048,69.7613795,1.0955949,119.379127502441,11.1066859737622,32.555
ESP,2020,0.8309019,0.789,0.099,-20.0990304403761,,2.92165980781023,-10.9400706350371,27233.9426461608,-11.3931290455953,166.60730119735476,,39.16,117.774,119.179,20.6266482703898,-0.572,0.0381216045324834,0.2956928,68.0649345,0.9801536,118.338188171387,11.5767623379317,38.312
ESP,2021,0.8120886,0.773,0.089,13.3880504131367,,4.42272902452136,6.68314420473001,30799.4775937775,6.49336738803039,168.30067705253205,,68.14,113.1051,115.594,21.8740337716536,6.569,0.115181021827658,0.38323,69.3909435,0.9207665,120.135841369629,11.4380024416856,34.999
ESP,2022,0.7816745,0.35,0.09,14.2232675614554,,4.65609043363165,6.37031712129601,30319.4987196616,5.60841068844668,167.90513914799786,,94.9,120.698,109.404,22.6896137188078,5.48,,0.1569762,68.0777898,0.9606357,119.646171569824,10.8344079188734,29.713
ESP,2023,0.7395223,2.655,0.092,2.16987520920713,,2.89981565316893,2.46085796805582,33493.2225409111,1.26057958891062,180.44987982177733,4.087062146892655,77.58,120.2663,105.034,21.1209265029601,3.276,,0.1484475,65.819898,0.9304606,118.361709594727,10.4141698214737,28.747
ESP,2024,0.7145938,3.024,0.09,3.15483946117519,,2.47896679493344,3.45525405630191,35326.7683069278,2.40413218623925,221.0156972208821,3.15,76.63,122.893,101.82,21.1732200987249,2.833,,-0.002992,64.6542875,0.9317736,118.537803649902,10.259326930839,26.631
EST,2010,0.9912376,1.783,0.12,24.2172212287085,,13.2770330129027,2.4497502063999,14663.7041018705,2.68366165094633,119.99545832174232,,79.48,93.0541,7.99,21.5876781655604,5.421,1.55961226751735,0.7732081,77.1776141,1.0862504,110.888679504395,7.5943269344032,32.938
EST,2011,1.1623156,1.31,0.145,24.1730284439921,,4.80240449251588,7.60697458913162,17555.5455239426,7.93414724975237,153.18591263180687,,94.88,88.7767,7.597,25.4681664047184,4.087,1.78519042769438,0.7183725,77.5941672,1.1574635,112.287406921387,7.70340928695606,22.386
EST,2012,1.1139136,-1.879,0.137,4.82627134978398,,7.6916567949516,3.67201872506541,17568.2137969714,4.04377186018716,161.96787185362544,,94.05,91.6361,11.147,29.0805066900785,3.638,1.97052610513419,0.704313,77.8688313,1.1538371,112.536003112793,7.78067774794745,20.862
EST,2013,1.173543,-0.14,0.107,2.80031737998212,,4.31393930629533,1.75649379621869,19310.3874900757,2.1192820000981,136.24820703149317,,97.98,92.7611,11.435,26.8697121064814,2.049,1.79924267656066,0.8630858,77.9687117,1.1910277,110.521713256836,7.73474708903476,18.704
EST,2014,1.2696404,0.583,0.118,2.6404130832827,,6.58511618123403,3.32278988182702,20581.7898991695,3.59411590769302,121.88517901052042,,93.17,95.5876,11.563,26.727615908803,0.061,1.76557781311429,1.024732,78.8200041,1.3434077,107.685821533203,7.64014199201175,14.975
EST,2015,1.2999987,1.475,0.116,-1.50582805716188,,-3.06910519292015,1.83815262882932,17722.1557669523,1.77141701957223,111.18462156014614,,48.66,108.1696,10.79,24.6409611018289,-0.171,1.44592002735328,0.8918499,79.6169213,1.3613873,108.18879699707,7.56713258685905,14.342
EST,2016,1.2763152,0.978,0.108,4.82569266228093,,3.7692325610639,3.09301920751959,18666.3736521706,3.06301090349199,119.36261924864752,,43.29,113.0665,10.239,24.7023530937166,2.353,1.24687276023764,0.8731492,80.2045818,1.3740735,111.596199035645,7.49411463067851,14.125
EST,2017,1.280741,1.685,0.088,4.83204575814213,,6.31892721219604,5.63467248963991,20851.5223496861,5.50685731354206,119.70533874025382,,50.8,112.8101,9.434,25.9381976210924,3.76,1.73343641223467,0.8425161,78.8227783,1.4064495,113.249786376953,7.53094010434105,12.176
EST,2018,1.4976464,0.553,0.097,2.89587457613816,,4.08015832167199,3.69969756161726,23618.1361254581,3.33940936378892,120.1730401916504,,65.23,112.0038,8.507,27.8503992212561,3.319,2.01785330968871,0.7988248,77.4345494,1.3621544,112.759696960449,7.33316768689812,12.076
EST,2019,1.52358,2.011,0.084,5.03448669825302,,9.76819364646981,3.72664943466884,24021.2501413306,3.3419636171697,131.4715934540646,,56.99,115.7333,9.047,26.356088071314,1.795,1.80772963579084,0.8235862,79.2005779,1.5061563,112.287200927734,7.17083274138434,11.623
EST,2020,1.5899428,-2.526,0.087,-4.11714011609945,,12.0147752855703,-2.88380751483778,23933.9939421065,-3.07548007766944,166.60730119735476,,39.16,117.774,19.096,29.6538687688692,-0.877,1.43024326219824,0.9178902,78.393671,1.4988678,112.527702331543,7.33037798124594,18.417
EST,2021,1.5368104,-3.608,0.104,23.5860946332021,,20.2291128645653,8.25488044580031,27951.1659277744,8.14019436008853,168.30067705253205,,68.14,113.1051,18.419,30.947849595367,12.032,1.72122598420606,0.8879044,79.4591062,1.4888413,113.01091003418,7.08791425186999,16.622
EST,2022,1.5957125,-3.894,0.089,5.46449519585008,,4.52988372813183,-1.22616966587796,28340.3826549406,-2.53754963208853,167.90513914799786,,94.9,120.698,19.112,27.7279089870074,17.499,,0.8742633,79.1667514,1.5220957,112.551849365234,6.83873027469106,18.392
EST,2023,1.6727855,-1.737,0.073,-9.14133843089547,,12.540812828973,-2.74421914571231,30264.0064885057,-4.26634480137913,180.44987982177733,4.087062146892655,77.58,120.2663,20.184,25.2415123920517,4.262,,0.8473511,77.7627432,1.482125,108.442070007324,7.00020973986588,17.207
EST,2024,1.669321,-1.131,0.075,-1.50092033896865,,-7.97097840452121,-0.0900428648493801,31428.3547816104,-0.239652154313688,221.0156972208821,3.15,76.63,122.893,23.619,24.5542382524843,3.907,,0.6995763,76.9065617,1.4864478,108.538726806641,7.09812469476047,19.256
ETH,2010,-0.6997533,-4.471,0.357,,24.4334323010783,0.963030625359937,12.5505383347633,330.619412798644,9.4043448666486,119.99545832174232,,79.48,93.0541,39.436,0.0,14.564,15.8199957578791,-1.5760665,43.4956225,-0.8369645,33.0478591918945,88.8349580144057,3.435
ETH,2011,-0.6055573,-0.674,0.371,,26.9969906653902,1.96735663905254,11.1782962297008,343.024942351887,8.06141676362226,153.18591263180687,,94.88,88.7767,44.565,32.1076664694521,35.919,17.4282532150132,-1.5281949,41.2741721,-0.847511,34.4468994140625,88.4428129524798,3.42
ETH,2012,-0.6106685,-6.559,0.331,-10.3614186524401,24.2166657612452,0.643172898229037,8.64781163513926,452.101031885754,5.64374376946701,161.96787185362544,,94.05,91.6361,39.358,37.0979619673542,15.0,14.9281805721075,-1.613535,40.3940748,-0.7490211,36.2193489074707,88.0693385117263,3.414
ETH,2013,-0.5672534,-5.939,0.333,0.27516483261472,26.4725857260442,2.82040845857162,10.5822700502552,484.039833104062,7.61661454720691,136.24820703149317,,97.98,92.7611,44.104,34.0811183155872,7.652,14.0104012014584,-1.3952471,38.0153866,-0.8458441,,87.7271951584348,3.429
ETH,2014,-0.5429668,-7.916,0.353,2.82186566039451,30.5557352254075,3.33569111068815,10.2574929627477,549.986577082588,7.33861859355025,121.88517901052042,,93.17,95.5876,44.152,37.9937253037378,7.114,13.3844820157845,-1.1765231,40.599395,-0.7533654,,87.2635490033701,3.634
ETH,2015,-0.5196265,-11.476,0.326,-11.2187298444222,31.7812582331685,4.22926466080082,10.3924630141307,597.912113218663,7.4680767605293,111.18462156014614,,48.66,108.1696,50.743,40.6712729848122,9.377,12.1932229078984,-1.26354339999999,40.6230821,-0.805187299999999,33.9114221981431,86.8080524689374,3.813
ETH,2016,-0.435890499999999,-10.908,0.324,-8.14108475374989,31.5941088728904,6.0502150951561,9.43348265981905,641.651523286233,6.5099145630674,119.36261924864752,,43.29,113.0665,51.803,37.3487629699646,6.152,11.2339790417281,-1.43965759999999,39.7007616,-0.798565,,86.3623410416873,4.031
ETH,2017,-0.5649481,-8.457,0.327,7.66565905584442,32.195990368417,5.26039764214773,9.56418965754014,696.348429076216,6.61862070026751,119.70533874025382,,50.8,112.8101,55.278,38.4439871569806,16.504,9.87787063669115,-1.5195725,40.6914544,-0.782502799999999,,85.9513690600726,4.25
ETH,2018,-0.4565279,-6.525,0.313,5.40910590385315,35.572601682596,4.03228222144798,6.81614778557282,739.702022272086,3.97407545942133,120.1730401916504,,65.23,112.0038,58.449,34.1629551124182,10.581,6.36887574699294,-1.2054246,41.514773,-0.7938799,,85.5703892314737,4.515
ETH,2019,-0.4268519,-5.328,0.31,-5.77984688357574,31.8677861051946,2.77536541541531,8.36408573314054,793.473247210264,5.48664148021712,131.4715934540646,,56.99,115.7333,54.699,35.2639756254811,19.515,5.50373971369559,-1.1789771,41.8028238,-0.7767788,,85.2199628039605,4.752
ETH,2020,-0.368558799999999,-4.6,0.305,-5.39895895608751,30.2340278652052,2.42792592797614,6.05953089054807,829.790982547947,3.22311599492807,166.60730119735476,,39.16,117.774,53.697,30.5789686594943,18.169,5.49770060254135,-1.5934093,41.9953724,-0.8139468,,85.7358454393711,6.356
ETH,2021,-0.4003096,-3.192,0.336,18.951781480707,28.9101982304795,3.90520609771909,5.64153069257077,893.00983544905,2.85565763078523,168.30067705253205,,68.14,113.1051,53.772,28.0252954109363,35.09,5.86707347361267,-2.0139565,42.7432106,-0.9484534,,85.3372193352939,6.246
ETH,2022,-0.406565399999999,-4.316,0.39,10.9991937268092,24.2638688064282,2.9803331590978,5.32175988403378,982.103161506992,2.59539967644373,167.90513914799786,,94.9,120.698,46.927,25.3422268254436,33.806,,-1.8659545,42.5363368,-0.9181925,,85.0570339605148,5.45
ETH,2023,-0.4629488,-2.924,0.375,-0.753902598328352,,2.40146315358044,6.59424599357075,1055.81091592527,3.85475025230436,180.44987982177733,4.087062146892655,77.58,120.2663,38.737,22.1694039604718,28.723,,-1.86375129999999,41.6562884,-1.03931399999999,,84.7805284836266,5.455
ETH,2024,-0.437863299999999,-4.202,0.382,14.9947356818971,,2.68582028016447,7.61277447511073,1133.88279681719,4.86819977515492,221.0156972208821,3.15,76.63,122.893,32.297,20.5754723153175,21.054,,-1.88497389999999,41.7214465,-1.04892419999999,,84.4685847333756,5.449
FIN,2010,2.0755526,1.362,0.134,6.17711809754333,,4.89959763196754,3.1682879121621,46506.2919016566,2.69737665062684,119.99545832174232,,79.48,93.0541,50.113,22.6073229974435,2.766,0.504266194230253,1.4608384,85.7859251,1.9445504,108.609390258789,10.6141009107943,21.288
FIN,2011,2.1357305,-1.551,0.134,2.02727396147111,,-2.18405747554129,2.39039455396828,51060.3242589767,1.91685338301681,153.18591263180687,,94.88,88.7767,52.024,24.3388732893172,2.605,0.532649114502575,1.4052403,85.0371233,1.9050247,109.248931884766,9.95926927196694,19.934
FIN,2012,2.0890617,-2.23,0.139,0.236262140778749,,1.91512248449208,-1.52284013040689,47551.6740841369,-1.99029082999297,161.96787185362544,,94.05,91.6361,57.856,23.628342432802,3.449,0.577535778021198,1.3727278,86.4142475,1.9912164,109.962677001953,10.0852807602088,18.868
FIN,2013,2.0358514,-1.883,0.145,1.16263748252392,,-1.83489440736896,-0.979741024949618,49691.0145200739,-1.43490157636175,136.24820703149317,,97.98,92.7611,60.812,22.6578278795265,1.933,0.498563334062492,1.3332335,85.488167,1.9176965,145.653442382812,10.3590108201427,19.817
FIN,2014,2.0450303,-1.357,0.142,-1.79197898946147,,6.41537482088507,-0.4780684247837,50073.7760815871,-0.888801631577977,121.88517901052042,,93.17,95.5876,64.813,22.1690024531831,0.552,0.483087058776792,1.3181701,84.4959002,2.0147036,147.413314819336,9.99248847756953,20.454
FIN,2015,2.1750212,-0.908,0.141,0.243911559216727,,7.5380054292281,0.466503766322674,42560.3456767103,0.136127693741741,111.18462156014614,,48.66,108.1696,68.764,21.9056862297328,-0.249,0.445868402403852,1.1347824,84.3348409,2.0648276,150.819213867188,10.9832247280087,22.304
FIN,2016,2.1900901,-1.969,0.143,4.18694355804092,,2.18951964860612,2.57193414898754,43451.2562442158,2.27754373131673,119.36261924864752,,43.29,113.0665,68.649,23.5883124649425,1.1,0.410118656271692,1.0609919,83.4832283,2.0616811,152.471435546875,10.5574042312685,20.057
FIN,2017,2.1795948,-0.656,0.138,9.02768014618975,,6.66136555422276,3.30337003591039,46085.0174739036,3.06123169296772,119.70533874025382,,50.8,112.8101,66.581,24.309542246313,0.505,0.453771651187102,1.1388152,83.7625922,2.0894522,153.583709716797,9.94449346293616,20.041
FIN,2018,2.1834702,-1.611,0.143,1.71362375232719,,-3.84456657280518,1.19297759742292,49654.2497035329,1.05884315705418,120.1730401916504,,65.23,112.0038,65.278,25.7234643496259,1.319,0.563372986587861,1.041505,84.0796451,2.051007,153.651428222656,9.83014384540746,16.958
FIN,2019,2.1845876,-0.138,0.134,6.8471872293691,,6.09707710249334,1.34973845741737,48358.1807773701,1.23812097519217,131.4715934540646,,56.99,115.7333,65.241,24.5675378797407,1.137,0.365206984679912,0.9978349,86.3071107,2.1086885,144.613204956055,9.98095197996488,17.128
FIN,2020,2.2354321,0.423,0.127,-8.50108268445891,,-0.939114055968044,-2.49103605535707,48828.6846862799,-2.63099855258851,166.60730119735476,,39.16,117.774,75.415,24.9836073895773,0.192,0.289254242774969,1.1572607,85.9602735,2.108953,143.122909545898,10.2844269865134,21.193
FIN,2021,2.2264683,0.33,0.128,5.98323832441652,,8.01406291677223,2.67634641498897,53099.1351400148,2.46373050011893,168.30067705253205,,68.14,113.1051,73.247,24.7881526265858,3.164,0.448312840515242,1.1287431,86.5791866,2.0708538,143.361343383789,10.5447969174707,17.058
FIN,2022,2.1894699,-2.416,0.126,4.43262224716906,,4.66691154081507,0.763041912763526,50440.560224974,0.489394588644501,167.90513914799786,,94.9,120.698,74.034,27.2854002667819,8.792,,1.0892287,84.9743909,1.9939363,144.852462768555,10.3058665793875,14.138
FIN,2023,2.193956,-0.525,0.119,-0.433914045120233,,-0.0389119475535467,-0.939093459613758,52834.2916752703,-1.43236573890965,180.44987982177733,4.087062146892655,77.58,120.2663,77.302,22.9633348970856,1.324,,0.7648776,84.3065138,2.0200539,142.861724853516,9.76066176622248,16.106
FIN,2024,2.1920863,0.305,0.114,1.75817173451405,,2.92666706920425,0.416171964862073,53149.7671934051,-0.227073487020519,221.0156972208821,3.15,76.63,122.893,82.53,22.2812478484434,1.56,,0.8325695,85.8302775,2.0212705,142.395156860352,9.45932890235544,18.68
FJI,2010,-0.1720755,-3.845,0.209,,36.3986160778447,5.67141021084985,2.9546724221223,3449.14452883369,2.59506233236984,119.99545832174232,,79.48,93.0541,53.355,,3.597,2.20907223915836,-0.177588399999999,41.0929948,-0.945171299999999,,44.4772081409617,13.061
FJI,2011,0.0901135,-4.671,0.27,,30.9904143602306,5.74582849158733,2.70514302901054,4139.60288609702,2.41603525489221,153.18591263180687,,94.88,88.7767,50.977,,6.353,1.96316771746732,-0.1217703,42.2933134,-0.8580439,83.9304962158203,45.9255291350928,13.694
FJI,2012,0.0857756,-0.998,0.263,,33.5563924605309,6.9816643965711,1.41131438177968,4341.40338748749,1.19750021980838,161.96787185362544,,94.05,91.6361,48.625,,2.548,2.02960687281076,-0.1223286,42.359842,-0.841065499999999,82.1471405029297,44.6829633444201,13.934
FJI,2013,0.0896913,-8.83,0.183,,32.3053831543382,5.81824859099488,4.73421948956533,4572.44377544245,4.57032082317075,136.24820703149317,,97.98,92.7611,47.399,,3.427,1.35539287248447,-0.124034399999999,43.4745313,-0.8337905,,43.3325675986108,14.203
FJI,2014,0.3474414,-5.552,0.242,,30.9469812264751,7.77972455296746,5.60351440618301,5293.35676680464,5.4616102411598,121.88517901052042,,93.17,95.5876,46.207,,0.099,1.17576954969857,0.3275632,50.9805337,-0.4315572,88.1849686883865,41.8954810198425,14.435
FJI,2015,0.3146995,-3.257,0.197,,33.9342121657691,4.38599233241205,4.50120041028725,5097.53106864695,4.38823265794895,111.18462156014614,,48.66,108.1696,44.275,,1.589,1.040825064872,0.3263655,51.0792864,-0.283524799999999,87.836769819804,37.9055580534324,14.631
FJI,2016,0.3150779,-3.538,0.198,,30.0766285283704,7.94325933214602,2.44565179664245,5363.79026679243,2.38011625327333,119.36261924864752,,43.29,113.0665,44.556,,3.91,1.01936465398214,0.7205988,51.6674768,-0.3532412,89.18202295018,34.192259032435,14.992
FJI,2017,0.344813,-6.647,0.211,,33.721515797604,7.24021289135771,5.35336455965039,5826.84814459328,5.40003492628165,119.70533874025382,,50.8,112.8101,43.427,,2.822,1.26650249477929,0.3819841,51.6919083,-0.2958768,,33.9745797595746,15.117
FJI,2018,0.340503,-8.422,0.22,,31.1861081802427,8.40038118168196,3.81235122208561,6085.41979485376,3.99107263181943,120.1730401916504,,65.23,112.0038,45.768,,4.849,1.19164257504239,0.6984111,51.7019547,-0.204869599999999,92.0806759919252,33.7383489148067,15.207
FJI,2019,0.6824056,-12.824,0.224,,36.6801001723501,6.02971795135456,-0.581946709343867,5842.07344577597,-0.33408046448406,131.4715934540646,,56.99,115.7333,48.954,,-0.873,1.15438142466978,0.6881602,57.2713401,0.0630039999999999,91.8760588497548,33.5321126602833,15.28
FJI,2020,0.5418111,-13.693,0.188,,49.3171106565226,5.66217121930221,-17.1835352599354,4620.6457238014,-17.1893281212242,166.60730119735476,,39.16,117.774,63.625,,-2.817,1.45148578020456,0.6004415,52.4560226,0.1646154,91.541633605957,34.3260327900049,16.749
FJI,2021,0.4839702,-15.792,0.206,,61.6073894456185,9.85590435372296,-4.3459619989752,4536.73312110335,-4.52835673234897,168.30067705253205,,68.14,113.1051,83.252,,2.989,2.25290361305504,0.6663534,53.7614152,0.1636161,93.95505855048,33.8612658049478,16.146
FJI,2022,0.4582725,-17.229,0.239,,63.5122590233827,2.08084502833913,17.7451269773594,5414.12092119088,17.3979446832272,167.90513914799786,,94.9,120.698,91.167,,3.078,,0.782553,53.285888,0.2370994,95.3068339697491,33.7007790703502,15.729
FJI,2023,0.5323283,-7.719,0.253,,65.2516186494164,1.65373894455648,9.44245856738313,5926.20586394763,8.88313429271439,180.44987982177733,4.087062146892655,77.58,120.2663,83.302,,5.1,,0.782933,53.2894633,0.3256265,98.540177642079,33.4217455543969,15.296
FJI,2024,0.5626875,-6.711,0.245,,71.3867600808353,3.41161017865705,3.53085896076352,6425.74151715712,3.01375309468594,221.0156972208821,3.15,76.63,122.893,80.04,,1.3,,0.6984398,55.8892306,0.3057786,98.0927630329298,33.1103450908952,15.133
FRA,2010,1.3817944,-0.629,0.088,8.54335640272994,,1.46961673029144,2.00032476039051,40694.8211697025,1.49872466177408,119.99545832174232,,79.48,93.0541,86.279,21.3378695020042,1.876,0.0546571274665138,0.7401354,74.3271474,1.2971705,106.424942016602,7.04498766493177,23.592
FRA,2011,1.503435,-0.858,0.083,6.5272039411759,,1.54005293306163,2.43757653729007,43929.7840873812,1.94433505424516,153.18591263180687,,94.88,88.7767,88.748,22.4996452716579,2.63,0.0486924296380263,0.5880869,72.3521776,1.1807407,106.610641479492,7.18973610593997,23.018
FRA,2012,1.4686276,-2.132,0.091,2.64023274027012,,1.22790071519382,0.183835264973013,40863.5814412333,-0.299598729272304,161.96787185362544,,94.05,91.6361,91.74,21.8295648772748,1.719,0.0483609619788124,0.6152427,72.7880965,1.2885997,105.813583374023,7.11591274294664,24.949
FRA,2013,1.3296179,-0.609,0.091,2.60217335706534,,1.18823404938295,0.781756446231,42669.1795111893,0.26214454973659,136.24820703149317,,97.98,92.7611,94.546,21.520441960601,0.769,0.0481698364814291,0.4916417,72.9057592,1.2396775,104.376602172852,6.97353092197546,24.363
FRA,2014,1.311456,-0.913,0.092,2.74335225556877,,0.176974174772525,0.997832947295251,43148.0459288416,0.519383764691739,121.88517901052042,,93.17,95.5876,96.14,21.8364708236132,0.335,0.0462251783929265,0.3877863,71.142262,1.2630022,103.425827026367,7.36581417536402,24.828
FRA,2015,1.2963551,-0.325,0.098,4.52537693872637,,1.76596182973896,1.06675474783462,36702.4323733379,0.708030590350688,111.18462156014614,,48.66,108.1696,96.943,21.7165418613305,0.18,0.040991340666787,0.1735665,72.4278378,1.2424867,103.396041870117,7.31675981502274,25.262
FRA,2016,1.3423858,-0.528,0.098,2.11205110339992,,1.44200321416196,0.860031075424033,37024.2157133669,0.594243752389232,119.36261924864752,,43.29,113.0665,98.126,21.5978606152326,0.666,0.0401901593813067,-0.0415329,72.2518067,1.2562889,103.308097839355,7.55830733165033,24.938
FRA,2017,1.3564923,-0.547,0.092,4.40647253917609,,1.68928072199317,2.08361485997399,38687.1626407164,1.78779549384231,119.70533874025382,,50.8,112.8101,98.722,22.1813991959176,1.231,0.0362250443838789,0.229972,74.3068827,1.2449136,103.756080627441,7.40904275870256,22.572
FRA,2018,1.4123369,-0.698,0.089,3.76728351267852,,2.78594184568695,1.64590872395887,41418.1766484844,1.28216603702126,120.1730401916504,,65.23,112.0038,98.49,22.6115738942638,2.206,0.0429051117731693,0.1043516,74.8593461,1.225462,103.773330688477,7.42132147130234,20.953
FRA,2019,1.3620502,0.597,0.093,2.07844648104829,,1.96486943301562,2.02744646419237,40408.2848574751,1.68870844116209,131.4715934540646,,56.99,115.7333,98.104,23.0250733613606,1.279,0.0337878193709454,0.2040672,77.844343,1.1849149,104.07689666748,7.85418190336883,19.929
FRA,2020,1.2939757,-2.053,0.08,-16.5720107719702,,0.731471704018579,-7.44064589948231,39169.8606000707,-7.74056751254994,166.60730119735476,,39.16,117.774,114.831,22.8044182138435,0.12,0.0266318650223516,0.1270887,74.7166668,1.1272001,104.566566467285,8.19962482332996,20.398
FRA,2021,1.422803,0.277,0.068,11.3257253805046,,3.30405312221271,6.88233783360239,43725.0999521245,6.50155219757207,168.30067705253205,,68.14,113.1051,112.703,23.4474845782806,3.38,0.0325366370984223,0.1241525,75.1194295,1.0805521,104.522842407227,7.67358720252073,19.252
FRA,2022,1.3856444,-1.172,0.065,9.08374259649321,,4.0180319137717,2.71676264185913,40988.6396406579,2.20208858513766,167.90513914799786,,94.9,120.698,111.286,24.0233523984125,7.009,,0.0198376,74.8750592,1.0195192,104.316436767578,8.07652198227418,17.856
FRA,2023,1.2672713,-0.995,0.07,2.47004779566056,,0.590645170561014,1.43921494437743,44700.1384177544,1.16054609449012,180.44987982177733,4.087062146892655,77.58,120.2663,109.733,22.9278749312543,4.21,,-0.0187716,74.3046227,0.9946177,103.962417602539,8.08089252177034,17.419
FRA,2024,1.2182239,0.396,0.072,2.52532554039252,,1.64700185498585,1.19046798275883,46103.0840855884,0.925700761599856,221.0156972208821,3.15,76.63,122.893,113.105,21.5139121721262,1.701,,-0.241365399999999,72.9392482,0.97866,103.78540802002,8.57392583835856,18.603
FSM,2010,-0.1017024,-17.863,0.619,,,,2.06618820882574,2702.61165204772,2.46196280881719,119.99545832174232,,79.48,93.0541,29.369,,2.648,0.0272732816714997,1.2088755,46.1693703,0.495955,,,
FSM,2011,-0.2277112,-19.447,0.673,,,,3.7837208928099,2848.70077003105,3.63146339591056,153.18591263180687,,94.88,88.7767,28.599,,7.563,0.0354254343191027,1.0812283,42.5562341,0.2574728,,,
FSM,2012,-0.0430928,-13.703,0.856,,,,-1.69422024723235,2992.28916099077,-1.86916426162232,161.96787185362544,,94.05,91.6361,27.291,,2.502,0.0282034652210159,1.08067,42.4856049,0.2560216,,,
FSM,2013,-0.0428372,-10.05,0.676,,,,-3.67642942893428,2893.13437410825,-3.88222427731633,136.24820703149317,,97.98,92.7611,27.941,,0.962,0.0266740121867941,1.0789642,42.8566039,0.2527776,,,
FSM,2014,0.8531295,6.168,0.763,,,6.43620509110735,-2.58581649978665,2896.73082002714,-2.83295569738213,121.88517901052042,,93.17,95.5876,28.37,,0.666,0.0406003278508593,1.0732124,42.1202505,0.1504371,,,
FSM,2015,0.8558006,4.516,0.693,,,,4.43363849623874,2853.07643587028,4.1262434088662,111.18462156014614,,48.66,108.1696,25.969,,-0.665,0.032192134954101,1.071904,42.5683796,0.1518818,,,
FSM,2016,0.7744119,7.268,0.844,,,,0.942726461831327,2979.60119184048,0.61049232202113,119.36261924864752,,43.29,113.0665,24.573,,-0.741,0.0360496232316334,1.0686461,42.674034,0.15212,,,
FSM,2017,0.7728719,10.449,0.831,,,,2.17575003627566,3279.10779039285,1.79684086925374,119.70533874025382,,50.8,112.8101,23.923,,0.632,0.0385320066214341,1.0690453,44.1165859,0.1515372,,,
FSM,2018,0.7754912,21.438,0.746,,,,0.0,3566.58690371125,-0.389413059895006,120.1730401916504,,65.23,112.0038,21.041,,2.472,0.0165045161037463,1.2058557,42.6973078,0.0309074,,,
FSM,2019,0.7791,16.098,0.669,,,,4.08163265306123,3572.65918282222,3.72960377273995,131.4715934540646,,56.99,115.7333,19.744,,1.332,0.0147433271606052,1.009383,41.4646357,0.2217998,,,
FSM,2020,0.4040448,-5.802,0.815,,,,-1.67294117647059,3362.02802120524,-2.2349823183628,166.60730119735476,,39.16,117.774,21.48,,-0.305,0.0200730721927284,1.1206831,41.433331,0.6699225,,,
FSM,2021,0.3004111,2.257,0.778,,,,3.09969928290539,3508.22314197664,2.445766552558,168.30067705253205,,68.14,113.1051,16.956,,5.395,0.0178477556025635,1.2268624,42.8467988,0.8844429,,,
FSM,2022,0.2998184,8.918,0.834,,,,-2.90588999868474,3710.12451611752,-3.33024479737753,167.90513914799786,,94.9,120.698,15.074,,6.53,,1.5042238,42.8132404,0.9774711,,,
FSM,2023,0.2977827,3.65,0.825,,,,0.453118220707168,3919.64307910859,-0.0070949463165703,180.44987982177733,4.087062146892655,77.58,120.2663,12.863,,4.639,,1.5046321,42.8168158,0.9770145,,,
FSM,2024,0.7080176,-0.355,0.888,,,,0.718990177344025,4166.00476748564,0.247259311366733,221.0156972208821,3.15,76.63,122.893,10.924,,2.987,,1.499468,42.8249128,0.9769408,,,
GAB,2010,-0.790127399999999,17.054,0.763,14.8096358417662,23.3479360188722,3.64540417621404,7.08988731455126,8356.74662013345,3.45835073677657,119.99545832174232,,79.48,93.0541,21.295,29.7011138055349,0.687,35.6548863864577,-0.0009299999999999,48.3730116,-0.6043955,,31.5186620688345,35.935
GAB,2011,-0.7302265,14.305,0.762,4.96696565042214,20.2591426269362,6.16978545780463,7.09175334258654,10219.1139339454,3.35937600321799,153.18591263180687,,94.88,88.7767,21.425,26.6423895609865,2.302,39.1459946806966,-0.0247919,46.679642,-0.518889199999999,,31.4146405388246,35.337
GAB,2012,-0.6847821,11.51,0.719,-3.63916903834014,20.9682000950422,3.94472371225415,5.25107691750407,9296.96587941088,1.552307854364,161.96787185362544,,94.05,91.6361,21.442,26.9661499641622,2.167,40.6293332424739,0.0644217,46.5511254,-0.469124999999999,,31.2883171175831,35.117
GAB,2013,-0.6819546,8.312,0.684,-0.342579457788915,30.3496330016414,1.84153865698512,5.63869900338696,9197.70106323947,1.98480609519432,136.24820703149317,,97.98,92.7611,31.113,29.1805950279998,3.263,32.806984483505,-0.0012508,44.4784659,-0.6486187,,31.1398672729,35.345
GAB,2014,-0.830800499999999,6.107,0.683,0.39708395297211,26.9271691206854,6.93864724297156,4.31496444107469,9201.36276648105,0.869784891054778,121.88517901052042,,93.17,95.5876,34.063,35.1390486032907,1.738,24.7540184011901,-0.0865664999999999,44.0198661,-0.6161267,,30.9866532279665,35.658
GAB,2015,-0.741064899999999,0.98,0.576,8.65899707697766,38.9088177850882,0.289976985604188,3.8788993950789,7047.12654634355,0.693296575495864,111.18462156014614,,48.66,108.1696,44.703,29.2309562924902,-1.151,12.5534347249347,-0.1148078,44.5053892,-0.6346841,,30.8291304530698,35.857
GAB,2016,-0.689372299999999,-5.414,0.56,-3.29685916520278,41.6453797981868,8.86815381799839,2.09144220829562,6677.07003901644,-0.79183198007,119.36261924864752,,43.29,113.0665,64.495,26.9822610431075,4.071,11.6621945364629,-0.534579199999999,45.2426133,-0.551562099999999,,30.6897388000985,36.191
GAB,2017,-0.870111499999999,-0.706,0.607,3.87908549767143,47.0383134247217,8.80157025688894,0.472642030911146,6921.73373135624,-2.16361774149249,119.70533874025382,,50.8,112.8101,62.926,21.2986084367913,1.057,17.699784026005,-0.4524644,45.0495616,-0.638817,,30.5870609183618,36.532
GAB,2018,-0.820118999999999,7.144,0.577,1.35742027729384,43.7707263168428,8.17598940777917,0.83791658082157,7624.2775233771,-1.68804743568779,120.1730401916504,,65.23,112.0038,62.342,19.2582324284114,6.253,21.16026297404,-0.393451,42.9317816,-0.7730817,,30.51469172074,36.804
GAB,2019,-0.8194499,4.6,0.595,14.0025061227662,47.0071197415292,9.20409837955739,3.92080879452831,7441.1786472281,1.38257599119697,131.4715934540646,,56.99,115.7333,59.778,21.8987965722319,1.021,19.1754988018892,-0.2805716,41.0364274,-0.865841899999999,70.2639966402203,30.4347159526446,36.711
GAB,2020,-0.8043948,-0.496,0.52,10.0334922032644,53.2974117173897,11.1881442291265,-1.83776106357656,6605.80346077565,-4.15528083293282,166.60730119735476,,39.16,117.774,83.04,19.8634691076218,1.553,13.4988249621846,-0.2194997,40.6752445,-0.9315253,,30.5370037569652,39.702
GAB,2021,-0.8653289,3.463,0.548,12.8366085590243,45.9389652789504,7.86436710820957,1.46795731487489,8181.40914134656,-0.845244789196116,168.30067705253205,,68.14,113.1051,72.945,17.4565506184958,1.675,18.4933440925176,-0.28203,41.7331977,-0.9165415,,29.9749260763579,38.244
GAB,2022,-1.0035399,10.923,0.621,20.3515725625976,41.9837162183193,5.40389729406011,3.03761449530657,8409.2074145028,0.747533658794609,167.90513914799786,,94.9,120.698,65.589,16.0269404879583,5.383,,-0.1324826,42.8753088,-1.0937103,,29.9504601710225,36.64
GAB,2023,-0.9748427,5.382,0.594,-5.27394085472915,41.1582185738413,5.93517225575899,2.43893665064327,7802.82433276138,0.21097885846288,180.44987982177733,4.087062146892655,77.58,120.2663,70.586,18.0760661101408,2.254,,-0.2702052,43.1843987,-1.07816429999999,,29.9180194867911,36.407
GAB,2024,-0.936776899999999,4.507,0.624,5.48969053960153,35.9523010976641,5.47750591310442,3.39403899592401,8230.04311451151,1.18835281747864,221.0156972208821,3.15,76.63,122.893,73.403,19.1352290512735,0.889,,-0.276887,43.4528346,-1.155705,,29.8676002449887,36.283
GBR,2010,1.3760491,-2.761,0.111,6.14981928656755,,2.67286674184503,2.26054460931586,39778.3220528565,1.46206947680976,119.99545832174232,,79.48,93.0541,75.86,16.6181160375508,3.703,0.861239087184779,0.5937485,79.2467598,1.6337557,103.461151123047,11.3554790283189,20.328
GBR,2011,1.4486391,-1.63,0.133,6.79427974765071,,1.00957357920277,0.851437739020326,42295.9273835322,0.0663488911998797,153.18591263180687,,94.88,88.7767,81.425,16.491680863741,4.197,1.07544716241254,0.4317992,79.5725847,1.4431892,94.1645202636719,11.6666074319968,21.689
GBR,2012,1.4826832,-3.146,0.118,0.534778533559759,,1.71895853790766,1.52826034721852,42688.3263728372,0.807661642969506,161.96787185362544,,94.05,91.6361,84.483,16.5145890011547,2.677,0.866071942237571,0.4684142,80.8101287,1.4985203,92.5272903442383,12.1332907955343,22.106
GBR,2013,1.504608,-4.644,0.152,0.427176362239479,,1.94762104828418,1.71846961308464,43606.9837896348,1.03970154694078,136.24820703149317,,97.98,92.7611,85.316,17.1697393956196,2.034,0.717358769907282,0.4599947,82.1110185,1.5089561,126.064338684082,11.9804748001539,20.944
GBR,2014,1.5201669,-5.022,0.111,1.34965131501659,,1.90870445734316,3.16017351468152,47746.2421759562,2.39229911882015,121.88517901052042,,93.17,95.5876,87.094,18.4324178455585,0.547,0.569359660800821,0.5436244,82.2011964,1.5934577,128.822494506836,12.7070175483877,17.512
GBR,2015,1.6542704,-4.948,0.112,3.65326946173437,,1.53903424150931,2.14040560033371,45255.3449216209,1.40598896714546,111.18462156014614,,48.66,108.1696,87.867,18.4755209500336,0.202,0.337710045585096,0.537112,83.4678559,1.6608814,126.110870361328,12.5442364442758,15.177
GBR,2016,1.7599161,-5.448,0.108,3.74938024557743,,11.9998637298189,2.20652020635357,41257.9085545556,1.39799087279013,119.36261924864752,,43.29,113.0665,87.825,18.5956388685899,1.559,0.273025131582337,0.4498582,81.3749994,1.6131954,,12.8656555388247,13.205
GBR,2017,1.8161165,-3.493,0.108,6.43599512604214,,4.64443540147576,3.02322219840339,40916.8115070354,2.46254947655839,119.70533874025382,,50.8,112.8101,86.723,19.1317371265417,2.973,0.397885220213493,0.4406625,81.191969,1.6084241,125.62979888916,12.9696842585767,12.519
GBR,2018,1.8043714,-3.927,0.112,3.83207471183631,,-0.864867036878713,1.55133095078786,43702.9976303165,1.05651160071312,120.1730401916504,,65.23,112.0038,86.345,18.8761161911788,2.104,0.626195352812848,0.2825929,81.2780651,1.4854975,120.088279724121,13.0346670597528,11.647
GBR,2019,1.7674285,-2.688,0.105,1.90345108139466,,0.688204352262878,1.25629899760824,43158.7411267323,0.736576132017404,131.4715934540646,,56.99,115.7333,85.657,19.0285140310906,1.302,0.540491129160741,0.5681497,81.8869902,1.4384752,117.156600952148,12.8689404472607,10.688
GBR,2020,1.7210258,-2.934,0.097,-12.0150117979874,,5.77039185007421,-10.047896637362,40812.6794663879,-10.2001887936603,166.60730119735476,,39.16,117.774,105.84,18.2807146353402,0.589,0.28397504842807,0.5102213,80.1185755,1.3554927,114.617248535156,12.494973728953,13.365
GBR,2021,1.6641761,-0.437,0.114,2.86300098220249,,3.20643815254935,8.5431118453255,47691.3768799404,8.15420782581518,168.30067705253205,,68.14,113.1051,105.131,18.8987416108827,5.386,0.588544260440276,0.4363658,80.1090196,1.3061844,113.719017028809,11.7900980563197,12.891
GBR,2022,1.6352771,-2.102,0.14,15.2137543857681,,2.91635435189931,5.14970388522993,47057.043229179,4.18537017111771,167.90513914799786,,94.9,120.698,99.614,18.3468561370256,10.528,,0.3676912,80.87291,1.2994581,113.202857971191,11.7474589546434,10.589
GBR,2023,1.4745753,-3.509,0.139,-2.34595735753932,,0.403116734836793,0.271650048355255,49944.4702124201,-1.02837368059031,180.44987982177733,4.087062146892655,77.58,120.2663,100.354,18.4594014019513,3.993,,0.3683427,79.9233664,1.2703547,112.120048522949,11.8606529577705,11.944
GBR,2024,1.5097548,-3.366,0.14,0.654917915403246,,-0.351465690300773,1.1264226705118,53246.3676145108,0.0541839994899789,221.0156972208821,3.15,76.63,122.893,101.227,19.1197244388535,2.503,,0.2577085,78.6971573,1.269914,,11.608541033165,14.316
GEO,2010,0.2516678,-9.648,0.209,,71.9941407849804,7.41065931415781,6.24640865303363,3281.72930937343,7.02428366897674,119.99545832174232,,79.48,93.0541,31.448,20.929149397264,11.24,1.33825248615574,-0.5609883,65.0191136,-0.1152913,,57.6307751183667,39.911
GEO,2011,0.317603,-11.91,0.231,11.6421096683885,78.2844595976206,7.56100540937968,7.9343365253078,4119.66818307193,8.8036288733672,153.18591263180687,,94.88,88.7767,27.687,23.1207490708456,2.041,1.89851691683121,-0.622573199999999,66.1520694,-0.0187223,,56.9217755948709,40.71
GEO,2012,0.5201487,-11.144,0.251,9.3434563390967,80.8332989234343,5.73087327277528,6.57883101954195,4530.69533409431,7.36675215463949,161.96787185362544,,94.05,91.6361,28.123,26.0276223249812,-1.373,1.08428994137279,-0.5006273,65.7978212,0.1864406,,55.2276384593053,37.431
GEO,2013,0.5383892,-5.455,0.245,15.4584698167664,79.1305184319396,5.97432640298838,5.13288531209382,4712.00229382665,5.44978265548417,136.24820703149317,,97.98,92.7611,28.942,21.7000864850024,2.372,0.797121774570139,-0.225994399999999,66.3492169,0.1218199,107.038832287684,56.3366086415784,40.223
GEO,2014,0.8080156,-9.931,0.222,-1.87741375077601,79.5047029311935,10.2241873429056,4.09049059581743,4830.33486170249,4.04162752314514,121.88517901052042,,93.17,95.5876,30.335,25.6503571653742,1.952,0.522067118215896,-0.0248029,67.7874869,0.3527978,105.757088910744,54.9731650387286,37.367
GEO,2015,0.7754032,-11.607,0.183,3.15972345339794,96.5064072108872,11.3986492046024,3.35102350265353,4086.6223465965,3.18839294862944,111.18462156014614,,48.66,108.1696,36.015,26.8771593145768,4.879,0.53409410608162,-0.090598,67.6366159,0.3405598,106.764155546761,52.5224603854618,35.85
GEO,2016,0.799381,-12.211,0.198,4.08323589664023,107.365205053265,10.746989399988,3.45021517996871,4143.40125686315,3.38835328316745,119.36261924864752,,43.29,113.0665,39.465,28.9031069953219,1.832,0.572435838705115,-0.0614684,69.7641332,0.3711937,107.779901789534,51.9764434116661,35.019
GEO,2017,0.8616872,-7.942,0.206,12.2999858186451,102.048777144568,11.7183676491747,5.15990261658827,4418.75206546679,5.14582677562736,119.70533874025382,,50.8,112.8101,38.894,25.1248176100629,6.716,0.472314027913239,-0.1125587,69.7125954,0.2231623,109.523203664239,49.8151083245296,28.687
GEO,2018,0.8416678,-6.659,0.211,11.3575041383974,99.3248254843151,7.28401976586955,6.062036412677,4804.0546040444,6.10344745087359,120.1730401916504,,65.23,112.0038,38.221,27.9262958963283,1.515,0.451235879680756,-0.0948569,67.4982579,0.2663887,111.616827005361,47.3615527217238,29.691
GEO,2019,0.8436252,-5.992,0.248,10.9339126331775,111.32362234557,7.92523222582948,5.38071926589951,4741.2832715876,5.56167165873158,131.4715934540646,,56.99,115.7333,40.049,27.1682284921369,6.997,0.603605792551493,-0.134771,68.7124365,0.2144371,111.900853903077,47.9072755468837,30.059
GEO,2020,0.8203237,-12.432,0.259,-37.5521936891973,131.658303183224,3.47997036066188,-6.2904717853839,4300.85701291207,-6.35478715206467,166.60730119735476,,39.16,117.774,59.559,24.6056865974412,2.405,0.925523673088172,-0.1271941,67.5779462,0.2567958,108.06699476725,47.7594417630068,30.851
GEO,2021,0.7226795,-10.307,0.23,23.5410225965522,124.40340523108,6.84360165773215,10.6442336580969,5083.60695484577,11.0650780067831,168.30067705253205,,68.14,113.1051,49.094,20.6788502074962,13.939,1.38946631019879,-0.2017684,68.1597933,0.2251347,106.201856681079,47.754134909331,30.603
GEO,2022,0.6512819,-4.421,0.234,37.4207407657939,100.312545728071,9.03652531888906,10.9585321385624,6729.84659930283,10.8422088053808,167.90513914799786,,94.9,120.698,39.169,24.0666627779303,9.847,,-0.100034699999999,67.0550368,0.18182,103.710205488304,47.2297362731509,30.136
GEO,2023,0.6584135,-5.551,0.333,9.491864159399,84.9763847694996,6.86202066832702,7.83220126555726,8283.66960652261,7.74568551727566,180.44987982177733,4.087062146892655,77.58,120.2663,38.923,24.9987945206376,0.437,,-0.120908599999999,67.6143372,0.1642921,103.183588288651,43.5648041038313,29.931
GEO,2024,0.3810861,-4.416,0.352,5.47742668479781,79.6767852223944,4.68837813919395,9.67979387500691,9241.49122313713,10.1519478105331,221.0156972208821,3.15,76.63,122.893,36.095,24.4998956373299,1.865,,-0.6127592,65.1148903,0.1489667,100.959315536762,42.9161269571572,29.863
GHA,2010,0.0661022,-6.094,0.49,24.6792060055884,56.7993406394068,7.84948455261709,7.89971194051621,1263.89251760539,5.30617508163762,119.99545832174232,,79.48,93.0541,32.924,13.1001937072805,6.868,10.1146292384946,-0.0543989999999999,54.7472646,0.0192559,,73.5947339401619,11.059
GHA,2011,0.0550802,-6.604,0.349,53.8420827717429,55.9323652551077,8.2558797134245,14.0471235803149,1507.43573198753,11.3370417824575,153.18591263180687,,94.88,88.7767,31.221,12.8099929663177,8.372,16.0706874677608,0.0898514,54.451765,0.1772023,55.6069297790527,72.7795582862609,8.808
GHA,2012,-0.0180774,-8.8,0.448,15.1860087572699,59.0969632571457,7.98251565917851,9.2927894063005,1543.77524235764,6.67974740594653,161.96787185362544,,94.05,91.6361,35.473,16.967722122965,8.124,15.8226771827735,0.0333979,54.6026407,0.1657172,56.7326017795109,72.1818583083342,6.664
GHA,2013,-0.0209075,-9.076,0.417,-3.60492098755009,46.662899214813,5.13479660884921,7.31252501678145,2294.79584693743,4.75796338524816,136.24820703149317,,97.98,92.7611,42.93,24.7715380530843,13.495,10.8892140729202,0.0303364,54.3124513,0.2017795,68.1991424560547,71.7181857515887,4.718
GHA,2014,-0.1952286,-6.757,0.416,-0.956859033460816,55.0300254159213,6.15120635162518,2.85624016330883,1949.90832923846,0.452244093941871,121.88517901052042,,93.17,95.5876,50.111,27.1650663374465,16.987,12.249534681472,-0.0929878,52.6822289,0.1435263,63.974569978053,71.2043433958207,9.307
GHA,2015,-0.2762732,-5.711,0.447,17.6273966626627,65.2895144150849,6.45737614178894,2.12075933817334,1722.77282833606,-0.208325820413904,111.18462156014614,,48.66,108.1696,53.896,27.7096411705743,17.692,10.5635168212992,-0.0228697,52.8728818,0.2011809,67.0486566518056,70.7620853759152,14.238
GHA,2016,-0.246555599999999,-5.06,0.467,2.8935852708811,64.6271141908687,6.20782671803196,3.37346574966936,1912.47991339951,1.04704406736222,119.36261924864752,,43.29,113.0665,55.942,25.4556554537134,15.362,8.64980290681468,-0.128208,51.0591652,0.2040096,67.2644101341977,69.1171444148456,10.616
GHA,2017,-0.2759026,-3.316,0.459,23.7900756843833,58.7440328132317,5.39035841681501,8.12889488100956,2012.28662641265,5.78094585817396,119.70533874025382,,50.8,112.8101,56.984,19.5655199555214,11.821,10.3700404312643,0.0663948999999999,52.283734,0.2800282,66.6359450193038,67.2233379012015,6.375
GHA,2018,-0.140224799999999,-3.037,0.455,6.61638456723553,54.6463726994366,4.4440435772374,6.20007768127284,2195.32166016377,4.01895338314475,120.1730401916504,,65.23,112.0038,61.976,21.7093349999065,9.425,9.7904078745383,-0.032042,52.2002528,0.1999325,68.2222557975165,65.3733158416716,6.107
GHA,2019,-0.0994456,-2.232,0.45,12.7330679998953,49.8694571261813,5.67619931009197,6.5077747939152,2186.65822682613,4.39063133478864,131.4715934540646,,56.99,115.7333,58.344,18.6472756161472,7.896,9.76736656039863,0.0133997,51.8104794,0.1177125,71.1877006008423,63.604056475719,5.875
GHA,2020,-0.0922532,-2.534,0.456,-12.7897236643658,56.9614944269336,2.67937438514205,0.513941670628171,2195.45481659987,-1.46830801654092,166.60730119735476,,39.16,117.774,72.337,18.2236669857819,10.473,8.48657958474163,0.0588855,52.3373789,0.1110047,74.0102186341371,63.0803075462413,6.319
GHA,2021,-0.1554389,-2.713,0.423,-1.19123234695294,60.4375749224229,3.18633188953992,5.07646643533542,2445.18662529344,3.03800270044563,168.30067705253205,,68.14,113.1051,79.179,17.0366779158262,12.621,13.3474845007777,-0.1622488,51.8964447,0.0415219,76.2084742091088,61.2622947977996,5.985
GHA,2022,-0.0967234999999999,-2.302,0.463,0.200536710841703,60.022746907535,1.93240124339233,3.80484980952164,2229.89122647803,1.8305124767942,167.90513914799786,,94.9,120.698,85.743,16.4078520146146,54.143,,-0.1877453,52.305874,0.0021348,77.8168696801948,60.8654801488998,5.402
GHA,2023,-0.1303327,-1.601,0.477,5.13801295056724,55.2963757239878,1.63794208213468,3.14009099763754,2383.90410483418,1.19022304172192,180.44987982177733,4.087062146892655,77.58,120.2663,76.37,10.1167734490213,23.189,,-0.0688107,52.3487328,-0.0029916,,60.651477788433,5.352
GHA,2024,-0.1934794,1.596,0.514,9.05471262130386,46.9171668170777,2.14505298599888,5.59045469593266,2390.77237652715,3.62907892202038,221.0156972208821,3.15,76.63,122.893,70.508,10.0180662777629,23.836,,0.0114605,53.4456524,0.0539695,75.7174682617188,60.3489010926185,5.347
GIN,2010,-1.2031714,-6.397,0.421,5.92720310838698,47.7994902944831,,4.81336016967553,659.235326211315,2.26713039266406,119.99545832174232,,79.48,93.0541,71.141,20.3254011637907,20.803,15.2920806038969,-1.6907747,37.3087086,-1.4931823,,85.9917587326235,5.963
GIN,2011,-1.1443626,-16.344,0.454,-0.944682028493688,48.1825820228774,14.0905035719922,5.61211177430975,636.694958747648,3.02826048764469,153.18591263180687,,94.88,88.7767,53.85,24.0533327443322,19.026,18.1995114826407,-1.53866069999999,38.0379886,-1.44327569999999,36.7464790344238,85.3956055722162,5.964
GIN,2012,-1.1535446,-19.704,0.459,2.95438164047361,17.8091159273094,7.92820721970247,5.91528626133322,699.353377212197,3.34759058991902,161.96787185362544,,94.05,91.6361,26.867,26.0215285191708,12.833,16.6316633604097,-1.48727869999999,38.3799272,-1.44435049999999,36.8766899108887,84.7440962461019,5.844
GIN,2013,-1.1447747,-12.513,0.46,-12.4962469613978,21.0566525770157,0.0022682197180158,3.94568708624053,748.455020824734,1.4353219620192,136.24820703149317,,97.98,92.7611,33.967,23.4939613943409,10.548,14.2501576757042,-1.4036079,37.4637543,-1.48052309999999,,84.125505252043,5.898
GIN,2014,-1.1775585,-14.393,0.458,6.60606336003046,21.4938617504049,-0.840221306496811,3.69655311664086,765.146999389279,1.15630967477851,121.88517901052042,,93.17,95.5876,35.158,22.8165774180333,8.968,14.9319543061707,-1.168846,37.7248044,-1.50843099999999,38.5548782348633,83.4962187620246,5.974
GIN,2015,-1.097256,-12.543,0.477,-9.11866452618514,23.5641048658712,0.605767981893699,3.82591056949435,747.356966759448,1.2305341257089,111.18462156014614,,48.66,108.1696,44.389,24.16336683296,7.324,14.1138586026586,-0.7463171,41.2066878,-1.1894041,,82.9065471890642,6.266
GIN,2016,-1.0088286,-30.656,0.561,38.2666305377035,26.1046688793802,18.8280094343567,10.82062719659,711.996509782316,8.01216245351651,119.36261924864752,,43.29,113.0665,43.009,52.6698445118375,8.701,18.1063644814226,-0.577628599999999,41.7927207,-1.1407363,,82.1438261339484,6.35
GIN,2017,-1.09129299999999,-6.745,0.525,78.8337585498412,23.2615121059829,5.59427174638354,10.3000053427355,833.598621691121,7.51589992127235,119.70533874025382,,50.8,112.8101,41.884,22.270417145837,9.546,18.9531246230915,-0.800407099999999,42.4451339,-1.1416472,,81.3309083625921,6.436
GIN,2018,-1.1175524,-18.497,0.574,-0.349235411879064,22.1895160888823,2.97511256265365,6.35849192736715,933.273615633705,3.68700873912611,120.1730401916504,,65.23,112.0038,39.267,19.5473148183264,9.942,13.7023759938136,-0.930512799999999,42.2011216,-1.104063,,80.5418393048145,6.616
GIN,2019,-0.9231457,-15.505,0.588,-1.90319742549462,26.5580694165283,0.330286821832839,5.61691446889876,1031.34146480732,2.9464024435663,131.4715934540646,,56.99,115.7333,38.576,19.7285576989784,9.122,4.65794341633325,-0.857881799999999,42.3596149,-1.08321389999999,,79.8453224769091,6.988
GIN,2020,-0.8663898,-16.236,0.647,53.1723795946915,29.5290885441345,1.25171292113785,4.70459096113575,1053.66097696415,2.06694997562413,166.60730119735476,,39.16,117.774,47.929,31.5164009990609,10.579,4.8276880509577,-1.0877324,41.8239907,-1.0962208,,80.7303787513769,8.414
GIN,2021,-1.0113603,4.139,0.578,30.3782549950307,28.3404260658602,1.15770496278309,5.5823328114905,1244.96550477914,2.96921009369555,168.30067705253205,,68.14,113.1051,42.88,16.0762705485493,12.535,4.51955879028644,-1.0159308,40.4668079,-1.003033,,80.2901300152473,7.976
GIN,2022,-0.9739553,-4.883,0.534,-5.33052592968802,25.0644854877483,3.30630355394451,3.97240784200721,1416.59612011764,1.423063279934,167.90513914799786,,94.9,120.698,40.591,14.0142215654177,8.613,,-0.813667399999999,39.7137478,-1.05538819999999,,80.0684202516554,7.095
GIN,2023,-1.0078531,-8.208,0.603,8.79999999992008,25.216937612259,5.86822813302221,5.54172668627702,1555.49375806861,2.9750250246767,180.44987982177733,4.087062146892655,77.58,120.2663,37.343,23.4269896966463,9.265,,-0.8765719,39.7259233,-1.1068782,,79.7496015595189,7.071
GIN,2024,-1.17445279999999,-19.126,0.62,4.5000000000381,23.1973863712568,5.60537419672227,5.35004659051708,1694.95375862193,2.85590233664557,221.0156972208821,3.15,76.63,122.893,47.841,32.102948363037,6.421,,-1.0377627,40.7989887,-1.1479306,,79.4719163463395,7.068
GMB,2010,-0.696732999999999,-10.049,0.214,-3.62004434453767,35.9332457818132,2.40659689644853,5.90833580968288,801.033372714536,2.87350950500529,119.99545832174232,,79.48,93.0541,42.949,13.8767105275043,5.789,3.03032430579774,0.0735716999999999,46.3587662,-0.6685595,45.5351409912109,74.6565539387339,14.108
GMB,2011,-0.6556196,-7.437,0.237,11.7527484114585,37.4435207463885,2.55921826982754,-8.13044422315659,710.608411468152,-10.7772609082744,153.18591263180687,,94.88,88.7767,49.241,12.8961682852301,4.382,4.46743879941924,-0.0174454,46.9043406,-0.6923652,,74.4963593253401,14.761
GMB,2012,-0.7701443,-4.478,0.342,18.0032512336001,40.8138633096458,2.91048196914862,5.24156924630741,692.579361628102,2.18645897140155,161.96787185362544,,94.05,91.6361,49.492,20.8771686494917,4.908,5.78123297887422,-0.221411399999999,47.8235164,-0.7332373,,74.2727757710023,14.847
GMB,2013,-0.8714738,-6.738,0.35,-2.33772395392046,43.3066265390408,4.96800325180048,2.872768790327,653.862713272743,-0.0966163079995681,136.24820703149317,,97.98,92.7611,58.244,14.7115331277791,5.575,5.90666401996967,-0.2420331,44.931686,-0.8035133,,73.2331529096012,13.73
GMB,2014,-0.891646899999999,-7.339,0.324,10.8569117846458,46.5158787603784,1.8718835765044,-1.40738249510954,568.00453558864,-4.17258609769029,121.88517901052042,,93.17,95.5876,71.086,16.6526122015212,6.95,5.2409154628157,-0.3503537,45.1266902,-0.8943356,,72.2274667120289,12.207
GMB,2015,-0.9231417,-9.888,0.395,-23.4633784952436,43.5650984373062,5.22255647330922,4.0580738039996,619.536364296461,1.25137248146628,111.18462156014614,,48.66,108.1696,69.369,20.3498140429739,6.667,5.55888177634649,-0.210501599999999,43.9368532,-0.9141184,,71.1644783238317,11.019
GMB,2016,-0.9137354,-9.221,0.504,-12.6116615118464,42.7715420042373,4.70370236790454,1.94335965478776,650.056501323611,-0.701007891119758,119.36261924864752,,43.29,113.0665,79.338,24.919934192266,7.875,6.56105812711213,-0.446274,44.8179015,-0.964988099999999,,70.1119061988103,9.815
GMB,2017,-0.503196099999999,-7.374,0.52,51.0768714723721,51.1045782522749,4.27524164277035,4.8226112492757,642.522641296331,2.20807546707253,119.70533874025382,,50.8,112.8101,86.979,22.9597266827213,6.945,6.49323709656864,-0.196953699999999,46.0298579,-0.5615844,,69.0735564119953,8.415
GMB,2018,-0.417942,-9.491,0.274,34.4953686592924,47.3953247273082,4.89653501762191,7.23489033258579,696.219806960615,4.66787430455537,120.1730401916504,,65.23,112.0038,83.596,20.8784242569263,6.411,2.72252448983926,-0.115459499999999,43.6366805,-0.4590143,,67.9586263648105,7.15
GMB,2019,-0.3416671,-6.149,0.284,-6.33437919027342,47.7568814883079,3.9194379121789,6.22205315994859,738.186751987483,3.74848295956672,131.4715934540646,,56.99,115.7333,82.967,24.6538431612228,7.675,2.81390983977653,0.0678807,43.8739725,-0.443056699999999,,66.8100301760813,7.809
GMB,2020,-0.222816799999999,-5.783,0.23,-49.939064341185,53.9987549889751,10.4612755737217,0.591487287873974,720.335143352133,-1.7631871131438,166.60730119735476,,39.16,117.774,85.888,32.34205468872,5.665,3.03439304457224,0.1363877,43.7586077,-0.336829999999999,,67.6333307360061,10.14
GMB,2021,-0.3139401,-4.176,0.227,-26.8033217360667,56.6631213557732,12.5026201279668,5.25596878816744,781.890925169531,2.79304588389131,168.30067705253205,,68.14,113.1051,83.113,30.3707902499395,7.607,2.85673041093642,0.0231959,42.9626951,-0.3721489,107.027125590442,66.2846791706917,10.444
GMB,2022,-0.3002052,-4.226,0.221,9.02419186197794,54.2711836263851,10.4995860985808,5.49299823010114,836.244875868476,3.07381399019251,167.90513914799786,,94.9,120.698,83.863,28.6236492072635,13.739,,0.1344853,44.2398726,-0.3639747,,65.1728276108768,10.163
GMB,2023,-0.296167199999999,-5.396,0.218,19.9087545915339,55.8014567807451,8.62799548703865,5.9167957146697,883.024111719809,3.50722684136977,180.44987982177733,4.087062146892655,77.58,120.2663,75.747,27.4459749812404,17.3,,0.1359932,44.9001432,-0.340458,,64.1418019599239,10.811
GMB,2024,-0.3342284,-5.61,0.218,17.5043506883232,66.3566127091875,9.66186331873299,5.55126069510321,871.340291776294,3.17470253855478,221.0156972208821,3.15,76.63,122.893,72.946,29.9390742710396,10.177,,-0.0180453,44.390045,-0.394193399999999,,63.8847640469068,10.83
GNB,2010,-1.12242209999999,-7.529,0.914,-7.45069713269046,114.577031848083,2.79117647230681,5.60536311358261,600.194298540768,2.91052833964689,119.99545832174232,,79.48,93.0541,61.726,19.4936149100766,5.703,14.9307329026999,-0.5652463,37.8203935,-1.3160216,,76.8705455037593,3.832
GNB,2011,-1.1238522,-1.208,0.917,40.9706698793484,22.9125497047384,2.16270009395862,8.08504167173554,719.539573498937,5.28027330014127,153.18591263180687,,94.88,88.7767,45.619,15.8456824536409,3.448,13.2487755763413,-0.6382914,36.9627136,-1.3258959,,76.6527196652719,3.8
GNB,2012,-1.3434781,-7.925,0.917,-13.3361070567458,27.2257775195627,0.631297914892102,-1.71286958446419,635.461653303881,-4.29238918450449,161.96787185362544,,94.05,91.6361,47.388,19.3541909065405,1.619,17.1198567468218,-1.038788,33.9119957,-1.5652773,,76.522146197204,3.849
GNB,2013,-1.42845,-4.345,0.92,5.14314240818349,28.2817350804669,1.76984840814073,3.25607190852087,654.304534409417,0.543365078897963,136.24820703149317,,97.98,92.7611,49.645,19.2302341915086,-0.094,16.9399233052409,-0.960841,33.1940081,-1.60079939999999,,76.3904021165975,3.88
GNB,2014,-1.58751319999999,0.494,0.701,8.02700167836963,33.3601215057816,2.54152912247103,0.964525745841428,652.022501029449,-1.65358336592615,121.88517901052042,,93.17,95.5876,60.115,20.1399364198987,-0.094,18.6987838921976,-0.881487399999999,34.788393,-1.4091451,,76.3314739942913,3.962
GNB,2015,-1.5509685,1.824,0.78,6.69894338258086,48.9945036240335,1.61191900956541,6.1340893623123,645.066837207039,3.4407197814937,111.18462156014614,,48.66,108.1696,56.347,14.6862099976075,2.441,19.8714177012089,-0.5875693,34.4338342,-1.3024083,,76.2372267863482,3.884
GNB,2016,-1.57810309999999,1.358,0.821,0.805771078971418,47.1676533769771,1.92748272635559,5.4326782650304,679.665386626818,2.81765698941554,119.36261924864752,,43.29,113.0665,59.095,17.6713587535475,0.871,18.7015046109056,-0.5084519,34.9621972,-1.3675385,,76.0732965752127,3.867
GNB,2017,-1.664347,0.263,0.904,6.3917357966271,50.4340592867511,1.06744396733032,4.66367943913264,783.123186602022,2.14454305364472,119.70533874025382,,50.8,112.8101,51.783,18.1207259537486,-0.483,15.9857332638944,-0.582037399999999,35.4647835,-1.3274637,,75.9133051909781,3.835
GNB,2018,-1.59620689999999,-3.484,0.736,35.5267903001956,54.7790196614889,1.32316927565873,3.76145359637003,808.531613218504,1.32710524004433,120.1730401916504,,65.23,112.0038,59.068,19.1670199875353,2.398,9.88886799180997,-0.649365499999999,35.1106773,-1.1339259,,75.6874194458749,3.868
GNB,2019,-1.52807229999999,-8.544,0.655,-17.0499866550015,55.8395058178772,4.48925285290298,5.32749571119344,811.216425885129,2.89045755858285,131.4715934540646,,56.99,115.7333,65.129,22.6551521221886,-0.095,9.94740073583492,-0.4638332,35.1172824,-1.1439271,,75.4967000116286,2.063
GNB,2020,-1.2993067,-2.558,0.714,-11.9555220293509,65.4005295790784,1.23102714227173,2.89139814952995,846.915855715971,0.563014905333631,166.60730119735476,,39.16,117.774,77.592,25.6521152299655,1.499,11.1515860354561,-0.2838803,34.4941993,-1.1334891,,76.2602879242479,2.733
GNB,2021,-1.21682239999999,-0.819,0.693,0.949913313513491,66.3555323065257,0.971111377767191,5.05055831244401,926.780921081233,2.72457259949626,168.30067705253205,,68.14,113.1051,78.797,21.4333735985089,5.844,10.4285037712862,-0.3001867,34.1790295,-1.2016468,,75.790843807282,2.941
GNB,2022,-1.1609749,-8.628,0.698,-6.37678115621169,67.6697756324479,1.16465840634171,5.52987253058352,883.199131457831,3.18985313939591,167.90513914799786,,94.9,120.698,80.69,22.608438236688,9.452,,-0.360252199999999,34.1669754,-1.25159,,75.5925501561412,2.835
GNB,2023,-1.1549527,-8.593,0.71,-5.05032167403094,68.0698341582062,1.18124925655384,5.82749502627256,988.087886357022,3.47783594462953,180.44987982177733,4.087062146892655,77.58,120.2663,79.39,25.1622734938869,3.067,,-0.3193937,35.1880787,-1.2070689,,75.3766530817951,2.817
GNB,2024,-1.3460193,-8.677,0.713,-26.3768822913807,67.1110649067659,1.20132689112583,4.14631137217332,1007.74151728028,1.87480874655408,221.0156972208821,3.15,76.63,122.893,82.286,24.9121444346833,5.717,,-0.618439499999999,36.0897781,-1.23482809999999,,75.1629870481509,2.826
GNQ,2010,-1.2609948,-20.244,0.736,-0.158985130052855,,16.7581567258275,-8.92417588851806,13720.1658723222,-13.0151718370352,119.99545832174232,,79.48,93.0541,7.894,38.0562994925977,5.429,36.311150239718,0.1280299,29.665394,-1.2288899,,18.0336012781467,15.606
GNQ,2011,-1.261717,-5.675,0.71,-10.7049610598109,,9.24740468952516,6.52392362989873,17198.2136668275,1.99905762799257,153.18591263180687,,94.88,88.7767,7.17,32.0492712659016,4.919,37.6841563581666,-0.0605353999999999,29.9583008,-1.226947,,18.3430955190499,15.564
GNQ,2012,-1.26321779999999,-1.125,0.735,4.62885766198713,,4.4007560526439,8.31287184445641,17308.5723924575,3.98800386782088,161.96787185362544,,94.05,91.6361,7.097,41.1481428957988,2.564,39.0027634245776,-0.0777002,29.2187963,-1.2725022,,18.6460662460282,15.426
GNQ,2013,-1.30996279999999,-2.397,0.668,-7.58318874470689,,2.65594378481707,-4.13319850131583,16304.0713196418,-7.8885603944365,136.24820703149317,,97.98,92.7611,6.272,30.3080451576082,4.866,33.3474569225038,-0.1980612,29.0746029,-1.4111595,,19.2582740274995,15.252
GNQ,2014,-1.58996809999999,-4.251,0.694,0.497495010407164,,0.771291915530887,0.415066301596866,15548.6624656619,-3.43058595312914,121.88517901052042,,93.17,95.5876,12.56,28.7093001746,2.575,27.1072398964958,-0.5596512,30.5892539,-1.48349469999999,,19.897980256908,15.211
GNQ,2015,-1.5888102,-17.741,0.671,-6.43859161271283,,9.00761663149669,-9.11004114881537,9068.91003238645,-12.4917142663428,111.18462156014614,,48.66,108.1696,31.657,24.7014529043977,1.603,17.5005073478909,-0.5106021,31.0556211,-1.52240929999999,,20.6382616071889,15.404
GNQ,2016,-1.6329041,-25.982,0.671,-8.97398607593624,,15.6154447046738,-8.81641723219757,7453.19797948517,-12.0971098998986,119.36261924864752,,43.29,113.0665,41.139,16.6986459903143,2.0,16.4599653575836,-0.404997699999999,32.8101033,-1.5650886,,21.4219190135816,15.377
GNQ,2017,-1.63363519999999,-7.814,0.662,-3.76084685207073,,3.1541343035206,-5.66750850486686,7809.10465655488,-8.94053555047577,119.70533874025382,,50.8,112.8101,36.235,14.03171665413,-0.225,21.9589067386853,-0.3950453,32.8248985,-1.5657288,,22.1652577438764,15.389
GNQ,2018,-1.5191557,-2.684,0.645,-5.6620980518442,,-1.10304372116447,-6.23654406734575,8102.47084834031,-9.37041905185943,120.1730401916504,,65.23,112.0038,40.569,12.5014966275534,2.59,27.8023533090755,-0.3808707,31.2711044,-1.6273258,,22.8589585634576,15.14
GNQ,2019,-1.5178173,-7.541,0.682,-13.5168404811749,,7.22811929659373,-5.48182537893445,6804.14923073888,-8.52391282041842,131.4715934540646,,56.99,115.7333,43.189,10.891703090741,4.304,25.4372801609757,-0.3400881,32.0935604,-1.58846,,23.4846044723443,15.221
GNQ,2020,-1.51748099999999,-0.79,0.72,-8.12426703983698,,-0.0916985922610923,-4.79108083383294,5764.05502912947,-7.35874657366674,166.60730119735476,,39.16,117.774,49.386,6.98846405853807,-0.638,16.6815988795919,-0.380621,31.2626399,-1.52793729999999,,22.944849584044,17.393
GNQ,2021,-1.51813589999999,4.211,0.629,-5.11106562444745,,4.59725955429429,0.860269956382069,6945.63069794539,-1.56652040015599,168.30067705253205,,68.14,113.1051,42.293,8.24679554193157,2.875,23.500064053404,-0.3214725,31.2543883,-1.528819,,22.0823332985495,16.976
GNQ,2022,-1.5183607,2.095,0.59,5.73129265526755,,10.1419330984832,3.22350831658598,7589.29964909381,0.661786258781987,167.90513914799786,,94.9,120.698,29.759,7.33815470437154,5.02,,-0.3481526,34.6850902,-1.4839685,,22.3571756315423,15.81
GNQ,2023,-1.52463899999999,-1.264,0.58,-28.948150443768,,1.14918183344023,-5.08930872071532,6677.793435386,-7.34984419720533,180.44987982177733,4.087062146892655,77.58,120.2663,36.266,9.3599926039255,3.88,,-0.2874757,34.6874323,-1.48074099999999,,22.6366946432979,15.457
GNQ,2024,-1.47309619999999,-2.354,0.591,-0.199837786566846,,1.47277889961866,0.907248245986736,6745.40013244916,-1.49035168546814,221.0156972208821,3.15,76.63,122.893,36.201,8.95580591611743,3.416,,-0.1409375,32.7978063,-1.54035759999999,,22.8477260728561,15.556
GRC,2010,-0.0313709,-10.066,0.214,4.57729498541796,,0.179789223267027,-5.6937412158003,26653.0488008626,-5.81520524166056,119.99545832174232,,79.48,93.0541,147.846,18.2157587611931,5.158,0.271313475376967,-0.0107333,61.7213411,0.4791736,107.819053649902,27.7991227391922,33.005
GRC,2011,-0.0756332,-10.141,0.26,0.55201323007023,,0.38562256563474,-9.87677875300243,25504.7866510124,-9.74334160929287,153.18591263180687,,94.88,88.7767,175.076,14.0714513074627,2.177,0.357427754438088,-0.0776492,59.1797609,0.4787775,105.956047058105,28.593242542978,44.951
GRC,2012,-0.0229614,-2.595,0.338,2.0393120275334,,0.695897838082299,-8.33113421099992,21624.346052551,-7.83408943355501,161.96787185362544,,94.05,91.6361,164.278,12.2606554594296,0.318,0.234074144784244,-0.1628976,57.1437336,0.3458755,106.290550231934,29.633801745922,55.656
GRC,2013,0.1098246,-2.609,0.345,1.75547360794177,,1.24506178790059,-2.27211699888024,21573.3449762805,-1.56089629701783,136.24820703149317,,97.98,92.7611,180.51,12.1129082926078,-1.816,0.161354239227532,-0.152352,59.1958272,0.3947317,107.414306640625,30.3802640344405,58.491
GRC,2014,0.0019795,-2.51,0.339,8.27887860614591,,1.15314480305525,0.792225060962835,21474.7257123892,1.46585655106406,121.88517901052042,,93.17,95.5876,182.824,12.136918450953,-2.535,0.12477838312053,-0.0700276,57.2868182,0.3608832,103.468589782715,29.6859466470261,52.645
GRC,2015,0.0220321,-1.487,0.253,5.2335848989096,,0.652184629866422,-0.228301892172851,17980.7298238137,0.431225575747547,111.18462156014614,,48.66,108.1696,180.001,12.0084097844243,0.392,0.0713511198951637,-0.1201405,58.5905075,0.3396437,103.377700805664,28.126465643969,49.731
GRC,2016,0.0885981,-2.374,0.234,-0.394965598974267,,1.3975055397238,-0.0317947678412054,17919.2426377048,0.384851865059588,119.36261924864752,,43.29,113.0665,183.675,12.4680861540635,0.29,0.0905977627072228,-0.1537754,57.2358955,0.2646202,103.952072143555,26.7440180834744,47.223
GRC,2017,0.1466842,-2.568,0.269,8.40520119052168,,1.7162955046024,1.47312472702352,18631.9930129293,1.67402014860588,119.70533874025382,,50.8,112.8101,182.623,11.8883016329317,0.967,0.107741216363758,0.00694,57.3356875,0.2778969,104.228790283203,26.809058177015,43.392
GRC,2018,0.2408155,-3.556,0.291,9.23366837920902,,1.88723349665643,2.06467207892409,19873.4015238771,2.27195132202993,120.1730401916504,,65.23,112.0038,189.553,12.9530537485632,0.632,0.107923693978732,0.351321,59.3859975,0.2797611,103.891693115234,25.9179152880344,40.011
GRC,2019,0.3040548,-2.211,0.264,4.84060449033201,,2.41172201156202,2.27718065334808,19335.3602002969,2.38497557963629,131.4715934540646,,56.99,115.7333,183.691,12.0996603246177,1.05,0.0704760678864166,0.2789347,61.4658678,0.3838302,106.527839660645,24.5538294648534,34.754
GRC,2020,0.2809798,-7.238,0.188,-21.5180500252901,,1.72637818314203,-9.19623149726978,17886.733165236,-9.00116455331775,166.60730119735476,,39.16,117.774,209.927,13.5410023084822,-2.39,0.0388459707205932,0.2996221,61.8347455,0.4729929,103.615829467773,24.1689746930629,33.74
GRC,2021,0.3910516,-6.984,0.233,24.3717749195735,,3.0165221032062,8.65449786002131,20654.7001960815,9.98468495798464,168.30067705253205,,68.14,113.1051,197.806,17.48296657419,4.359,0.0875219452812631,0.2270172,61.1128813,0.4439375,104.77806854248,23.9321375727813,35.39
GRC,2022,0.3224993,-10.678,0.272,6.19272130412594,,3.69648293387112,5.52198580589408,20886.5243087629,6.85985632812138,167.90513914799786,,94.9,120.698,178.441,18.8094114631783,7.571,,0.236947,61.5062946,0.4892737,106.599418640137,22.6635492785329,31.29
GRC,2023,0.3292978,-6.701,0.239,2.15843204461007,,1.94366777616511,2.13591131996631,23343.7103964562,2.42572335736084,180.44987982177733,4.087062146892655,77.58,120.2663,165.154,16.1682825755533,3.688,,0.3853039,62.9784621,0.3963788,105.191741943359,23.6681730294069,26.543
GRC,2024,0.2996813,-6.932,0.232,0.968429473176769,,2.6312519942121,2.0865743380603,24626.1481858973,2.10832570957629,221.0156972208821,3.15,76.63,122.893,150.891,18.2925535607175,2.949,,0.1394204,62.4275979,0.2983017,,23.3564047128645,22.375
GRD,2010,0.52034,,0.31,,76.6738678956156,7.21829642572972,-0.511146187173722,6909.60169568597,-0.807153746059768,119.99545832174232,,79.48,93.0541,96.216,,4.215,0.0,0.4428405,59.7806489,0.3820309,117.012619018555,,
GRD,2011,0.5189688,,0.282,,71.2714646630018,11.0347999232425,0.764773550338731,6947.38136096464,0.321541246692931,153.18591263180687,,94.88,88.7767,102.782,,3.516,0.0,0.3304882,58.579488,0.3871952,108.343828715365,,
GRD,2012,0.5161195,,0.28,,76.9678798728608,6.22764121735725,-1.15483816409801,7092.71985352677,-1.76486904539074,161.96787185362544,,94.05,91.6361,101.501,,1.81,0.0,0.3758143,58.5051084,0.3852277,,,
GRD,2013,0.516336,,0.261,,71.8366330943862,15.4729269608086,2.35109801677905,7424.80212287327,1.70896295471954,136.24820703149317,,97.98,92.7611,105.437,,-1.24,0.0,0.3741085,58.4940842,0.3808298,106.78381256656,,
GRD,2014,0.2414206,-9.082,0.247,,77.034502464976,9.18674323761499,7.34212396037948,7986.33421210788,6.73549593358203,121.88517901052042,,93.17,95.5876,99.34,,-0.628,0.0,0.5970391,55.841429,0.2018074,106.993851559069,,
GRD,2015,0.5361081,-10.617,0.223,,68.3974599842701,15.4731884681937,6.44522314693144,8694.12438005692,5.9402683055354,111.18462156014614,,48.66,108.1696,90.1,,1.115,0.0,0.5941324,56.0540546,0.6377915,105.402661854275,,
GRD,2016,0.5371119,-8.849,0.259,,64.5939766071346,10.3063305270724,3.7396039558691,9221.23461079424,3.33052048330798,119.36261924864752,,43.29,113.0665,81.568,,0.919,0.0,0.9130972,56.0658973,0.8005994,105.224225612575,,
GRD,2017,0.4508706,-11.464,0.229,,56.0316782598119,13.6164508332703,4.43867566948151,9751.42661155932,4.16002295455056,119.70533874025382,,50.8,112.8101,70.403,,0.537,0.0,0.9134729,54.0950754,0.5590962,104.433148126256,,
GRD,2018,0.4166836,-12.758,0.201,,55.0909889537565,15.9441349586327,4.36144039364797,10083.021279225,4.13321655238465,120.1730401916504,,65.23,112.0038,68.536,,1.403,0.0,0.9161154,52.5309164,0.4216609,110.379410343161,,
GRD,2019,0.3780139,-10.329,0.223,,50.1914195829926,17.1914579677146,0.676511738873756,10462.7929159533,0.424779227477273,131.4715934540646,,56.99,115.7333,62.7,,0.071,0.0,0.9169085,52.7992497,0.3905347,,,
GRD,2020,0.3784368,-16.106,0.223,,85.8310742683373,13.5399655332758,-13.7566222572107,8968.55890108484,-14.0234896211443,166.60730119735476,,39.16,117.774,89.493,,-0.803,0.0,1.0425879,52.9084321,0.4276609,104.298669179131,,
GRD,2021,0.3144044,-14.372,0.226,,87.76200421875,13.5644762706271,4.6977240232674,9617.28902905373,4.38638000986352,168.30067705253205,,68.14,113.1051,86.554,,1.916,0.0,1.0408786,54.0859185,0.4044535,100.989177237286,,
GRD,2022,0.2886861,-12.054,0.233,,74.4747156466856,13.3138087097027,7.31023806981959,10469.3867012856,7.10371866166386,167.90513914799786,,94.9,120.698,78.795,,2.903,,1.2048361,54.2194599,0.4711413,,,
GRD,2023,0.3935799,-18.381,0.174,,74.3776640131301,16.4807317512533,4.52657497450693,11414.4781691181,4.37658936970584,180.44987982177733,4.087062146892655,77.58,120.2663,75.218,,2.195,,1.2053145,55.7069098,0.5500382,,,
GRD,2024,0.4790005,-18.658,0.199,,68.5938767489392,11.9486288193338,3.96332516398188,11705.0902976658,3.85156239409045,221.0156972208821,3.15,76.63,122.893,73.184,,1.148,,1.1992639,55.6495397,0.5408822,100.731679432948,,
GTM,2010,-0.6209412,-1.848,0.142,6.13397652822474,37.9464715886203,2.71030706792051,2.88417542800377,2805.25960237322,0.865525448373077,119.99545832174232,,79.48,93.0541,24.006,14.1641936924863,5.483,2.6452084845277,-0.811138399999999,49.1246854,-0.8997347,52.1883200232994,37.6480649165183,5.296
GTM,2011,-0.5518373,-3.332,0.147,3.00795477216948,35.7260886495098,1.87038244023626,4.16390688293349,3168.98370607705,2.10758860221354,153.18591263180687,,94.88,88.7767,23.769,15.4821754242397,6.192,2.86196592041548,-0.7531567,48.6797089,-1.0328095,52.7689609562719,34.3121350585065,4.991
GTM,2012,-0.7692412,-3.701,0.145,1.75364729569199,31.6397645810293,2.82256297187213,2.97470856847661,3286.61959336267,0.944366952930409,161.96787185362544,,94.05,91.6361,24.557,15.1941445941618,3.455,2.18105907544831,-0.7159854,47.5254586,-0.9611443,53.1178493302463,38.1209424194401,4.618
GTM,2013,-0.720212,-4.225,0.139,6.66273374117728,33.7787361141474,2.87216286478145,3.69481894978053,3444.15802275864,1.68869465074424,136.24820703149317,,97.98,92.7611,25.035,15.8426344411704,4.383,2.18983261245163,-0.733731999999999,46.887328,-1.0370188,53.323315834897,37.9642635784105,5.512
GTM,2014,-0.8707969,-3.301,0.135,6.92734117977203,34.6352570704241,2.43302117698753,4.44397783368888,3689.14510410202,2.48328449500936,121.88517901052042,,93.17,95.5876,24.651,15.0711607830911,2.953,2.98111660499136,-0.730266499999999,47.4057693,-0.960209,52.9668023678254,37.7668690948347,5.691
GTM,2015,-0.9067476,-1.244,0.14,2.83771879311232,33.5722481098072,1.93508794944894,4.09217081621244,3893.50533299068,2.20204503621608,111.18462156014614,,48.66,108.1696,24.803,14.8281546619502,3.063,1.78572375354011,-0.690917999999999,48.4801863,-0.9498506,54.8864188204824,36.9315606033131,5.581
GTM,2016,-0.873697899999999,0.965,0.147,2.35904366226779,32.694480933325,1.28045862124744,2.67780277623314,4060.13784737643,0.803225184137091,119.36261924864752,,43.29,113.0665,24.939,13.8619677416617,4.233,2.01829626064269,-0.6431273,49.245045,-0.9640867,54.4252556188872,34.5644509123271,5.582
GTM,2017,-0.8839206,1.197,0.148,1.49010336943162,33.1632636072773,1.39328931381397,3.07985126948702,4324.99768915601,1.22202117929733,119.70533874025382,,50.8,112.8101,25.077,13.5961014124753,5.675,1.50289202380162,-0.700759599999999,47.7408016,-0.9510672,54.0444773151521,37.6556506995395,4.939
GTM,2018,-0.972041399999999,0.886,0.153,-0.370081407511449,33.7967825028649,1.25790065429015,3.40687348346576,4352.94593289707,1.69836306771796,120.1730401916504,,65.23,112.0038,26.414,13.7904254321553,2.316,1.19385178218072,-0.6836211,48.700401,-0.9808528,54.0797647125185,37.9002669743935,4.679
GTM,2019,-1.0038569,2.361,0.154,0.231779111909617,32.4627128838456,1.51707073546928,4.01789785040324,4511.99839552697,2.44813633260803,131.4715934540646,,56.99,115.7333,26.414,14.3298340372808,3.396,1.14790981503494,-0.6944184,48.1891499,-1.0056597,52.5563883982916,33.7638042762497,4.461
GTM,2020,-1.0998808,5.049,0.155,-7.52571277253777,31.9166412544299,1.29230382378627,-1.78555175063326,4477.61785000665,-3.22007713683627,166.60730119735476,,39.16,117.774,31.491,13.5006823739789,4.827,1.35250209053897,-0.563868399999999,48.9157582,-0.9659236,51.7956964848587,38.2561749030253,5.157
GTM,2021,-1.21790929999999,2.167,0.138,10.3346814020612,31.2070254165241,4.19448571319716,8.04170378184928,4912.62240414681,6.56016035862335,168.30067705253205,,68.14,113.1051,30.609,16.7682426876736,3.074,1.92928512463796,-0.5740791,48.7751371,-0.975567699999999,48.157456034521,42.0032956311106,3.789
GTM,2022,-1.2166625,1.252,0.139,7.5195038749801,27.006781083788,1.51615526851124,4.18451817243695,5358.70156997677,2.72968996454634,167.90513914799786,,94.9,120.698,29.009,16.5685319618267,9.234,,-0.3005447,48.8428122,-1.0371304,45.8926232164663,39.2273503942037,6.274
GTM,2023,-1.0869128,3.117,0.149,-2.41383896442703,25.0515939026573,1.58123029170621,3.5331575177533,5758.32760847852,1.95109389659021,180.44987982177733,4.087062146892655,77.58,120.2663,27.202,16.4754437049976,4.174,,-0.2021326,48.4234013,-1.0108162,47.3762534803949,36.6134557678145,4.326
GTM,2024,-0.9482653,2.678,0.141,2.208125041866,24.2444913245727,1.63251851384265,3.65186382894819,6150.02571438505,2.06653256614987,221.0156972208821,3.15,76.63,122.893,26.477,16.6836132749865,1.7,,-0.209766899999999,49.9827169,-0.962274,49.5765804970836,36.3741503175863,4.624
GUY,2010,-0.4763999,-6.504,0.46,,40.8741608589245,5.76769722571896,4.13844160137342,4581.76179693492,4.53289275994231,119.99545832174232,,79.48,93.0541,52.52,,4.43,14.592203974554,-0.3589398,46.063593,-0.4185333,93.2864608764648,30.9676807810642,22.536
GUY,2011,-0.5678004,-9.421,0.495,,54.4987527907138,6.68583866568761,5.19625156051602,4947.22170589917,5.63372747844741,153.18591263180687,,94.88,88.7767,51.189,,3.304,16.5317662843372,-0.4609717,44.7893001,-0.5935159,101.134757995605,30.7765095511267,22.721
GUY,2012,-0.6766898,-7.431,0.505,,48.3038503799303,6.8398706440639,5.27633062046809,5444.39751913913,5.25728662587919,161.96787185362544,,94.05,91.6361,44.297,,3.476,16.5328031367272,-0.4771909,45.0077973,-0.5748148,102.622467041016,30.5345492726779,22.956
GUY,2013,-0.5714367,-9.941,0.515,,54.8583037353958,4.81209139842568,3.65338433338232,5556.91231156932,3.13748133371095,136.24820703149317,,97.98,92.7611,41.054,,0.887,13.9424805340938,-0.5088822,45.7568436,-0.5954332,,30.3048465190617,23.258
GUY,2014,-0.600799099999999,-6.676,0.463,,56.3732688021319,5.75992305097648,1.68649445019584,5472.68820452237,1.1191644103188,121.88517901052042,,93.17,95.5876,38.284,,1.172,10.7965827875901,-0.218368099999999,45.7338425,-0.606746799999999,,30.0860415796032,23.693
GUY,2015,-0.5095919,-3.44,0.434,,38.0276869151784,3.21740985101614,0.687404590619494,5640.41560569466,0.0833711927134857,111.18462156014614,,48.66,108.1696,41.825,,-1.814,8.56443283798628,-0.150202,46.4120673,-0.546689099999999,,29.8396051098844,24.21
GUY,2016,-0.4101323,1.453,0.507,,37.0514927234477,1.29386384235538,3.80745626378814,5870.87823759835,3.15936322443832,119.36261924864752,,43.29,113.0665,43.844,,1.454,16.0895528527279,-0.0054002999999999,48.7366816,-0.4932335,,29.4948530439238,24.598
GUY,2017,-0.479041499999999,-4.887,0.459,,33.9104028762005,4.46995182690347,3.73449154571284,6178.6650437298,3.06887182440371,119.70533874025382,,50.8,112.8101,42.894,,1.51,13.161642595363,-0.0051392,49.0149005,-0.4147758,,29.0845124874353,24.956
GUY,2018,-0.36789,-28.974,0.494,,34.2741140688012,25.7279321835024,4.44091288475967,6048.38697180418,1.39604562755792,120.1730401916504,,65.23,112.0038,47.033,,1.637,6.60863781746129,-0.0410701,47.5344956,-0.4102576,,28.6338041788469,25.254
GUY,2019,-0.2410317,-68.779,0.493,,30.0642592506519,51.9994680084664,5.35284003535665,6405.82443444562,3.25156178245531,131.4715934540646,,56.99,115.7333,43.562,,2.061,5.96249594118667,-0.0594026999999999,46.29337,-0.4402673,,28.4664638159168,26.304
GUY,2020,-0.1158874,-17.334,0.522,,28.0820396769287,23.4509659519186,43.479651716849,6775.70939096303,43.5123463015091,166.60730119735476,,39.16,117.774,51.082,,0.948,13.8985430832365,-0.0072965999999999,45.5929123,-0.3872775,86.9400100708008,29.4174126568418,30.998
GUY,2021,-0.1042454,-24.802,0.682,,29.3429534943002,27.8124987352703,20.0599975568418,9860.87014834386,18.8820438552858,168.30067705253205,,68.14,113.1051,41.169,,5.672,33.6832711741997,-0.0281476999999999,45.8203661,-0.378924,86.70068359375,30.0127982956804,29.122
GUY,2022,-0.2293385,25.853,0.85,,23.2243544064906,-20.3619575428882,63.3346343654855,17913.4928066879,62.1110713145037,167.90513914799786,,94.9,120.698,24.832,,7.24,,0.210713,44.6483572,-0.3602997,,28.2738407920907,24.566
GUY,2023,-0.309865699999999,9.929,0.832,,21.8831563588237,-6.70884466235383,33.795011115873,20473.7002190617,33.0314424322445,180.44987982177733,4.087062146892655,77.58,120.2663,26.65,,1.982,,0.2012498,44.365328,-0.371934999999999,84.4850463867188,26.708694771481,24.705
GUY,2024,-0.346885599999999,24.607,0.84,,22.6406371146813,34.9900722943113,43.8193108024355,29675.2443873316,43.0000937802239,221.0156972208821,3.15,76.63,122.893,24.267,,2.919,,0.2164983,47.8053366,-0.334222099999999,91.4304496450171,25.8194643986982,24.742
HKG,2010,1.6931807,6.996,0.196,17.569730859982,,36.174608362048,6.76768834119794,32550.136489179,5.98640945097021,119.99545832174232,,79.48,93.0541,0.618,23.8904664218175,2.993,0.0020776969804778,0.9990971,86.6297308,1.4407453,87.9053960567278,6.4206015729077,12.097
HKG,2011,1.7387892,5.571,0.193,4.80794136854854,,38.684029536737,4.81470669259771,35142.4879344543,4.11214756917033,153.18591263180687,,94.88,88.7767,0.573,24.1431842971831,5.68,0.0083694297315506,0.9128416,83.4444701,1.4811085,86.9782026085403,6.6527201639213,9.269
HKG,2012,1.6299761,1.579,0.206,3.20493098638994,,28.5144344855168,1.70030613669923,36730.796195815,0.583751958193886,161.96787185362544,,94.05,91.6361,0.543,25.2201335356512,3.625,0.0023396774677034,0.9387575,86.3935838,1.4380197,108.257447754558,6.96785467353053,9.229
HKG,2013,1.5216743,1.519,0.229,7.81821236426086,,27.8775202185389,3.10152391561608,38403.7777145477,2.68790568876102,136.24820703149317,,97.98,92.7611,0.517,24.0303885554212,4.343,0.0038087758092582,0.8557967,85.8972146,1.3672057,102.779391100703,6.90569112367285,9.444
HKG,2014,1.5773889,1.391,0.233,0.972683404047388,,44.5506957088126,2.76242639191302,40315.3739510191,2.04318180024958,121.88517901052042,,93.17,95.5876,0.065,23.8224694193154,4.855,0.0173546989496714,1.025742,86.2433831,1.5541539,105.555217060167,6.186124791874,9.202
HKG,2015,1.6386086,3.317,0.25,-1.37130008774243,,58.5183725103253,2.38777942738729,42432.1619740441,1.51995547711607,111.18462156014614,,48.66,108.1696,0.062,21.5414797271378,2.315,0.0013232418159002,0.8753195,89.1608309,1.5759094,107.387782928825,5.99410000693005,10.424
HKG,2016,1.6981569,3.958,0.268,0.684023283343365,,41.5318364506118,2.17542886502997,43734.1980702999,1.54454440525488,119.36261924864752,,43.29,113.0665,0.059,21.5074050489079,1.185,0.0013699235032017,0.6672047,90.056348,1.5982656,107.750724637681,5.90840189115284,9.728
HKG,2017,1.7019137,4.569,0.27,5.84543982335381,,36.8375516616862,3.79611114629799,46160.429791493,3.00148096033243,119.70533874025382,,50.8,112.8101,0.055,22.0690168599844,1.704,0.0016190390208223,0.6833963,89.4302178,1.4957062,106.78970984146,5.88572025607515,8.531
HKG,2018,1.7152609,3.739,0.286,3.65416123505699,,26.8255240590301,2.84695146463069,48537.5668888343,2.0272229246582,120.1730401916504,,65.23,112.0038,0.052,21.9946611253535,2.513,0.0010613360191703,0.7617643,89.7837169,1.4802865,108.16398016119,5.99201950900823,8.731
HKG,2019,1.7391529,5.888,0.298,-6.14558594913106,,16.0571325877868,-1.6724459934221,48359.0011950597,-2.39668495991923,131.4715934540646,,56.99,115.7333,0.267,18.189947213062,2.86,0.0008857262373647,-0.1843167,86.9540701,1.3356624,105.068965517241,6.00684603013425,8.527
HKG,2020,1.6888523,6.993,0.323,-6.68111607080095,,34.0497513548395,-6.54480412699255,46109.2299946609,-6.20876017979512,166.60730119735476,,39.16,117.774,0.997,18.9818868649406,-0.894,0.0008877981261998,0.0079016,84.0679348,1.1753872,100.449691991786,6.03654498099071,15.533
HKG,2021,1.6345393,11.798,0.351,17.0373679206618,,37.1838191639948,6.45444409087024,49770.5642374739,7.42950941492767,168.30067705253205,,68.14,113.1051,1.938,16.776482902733,2.405,0.0009926085915797,0.2186871,82.4021463,1.0319968,100.161026837806,6.15816293637989,12.79
HKG,2022,1.5284267,10.215,0.378,-12.535159958133,,34.127375983385,-3.68378414495199,48825.8441873536,-2.80533347557801,167.90513914799786,,94.9,120.698,4.276,15.2299295577844,1.957,,0.3891702,82.0461664,0.8841773,106.185208398621,6.20730228677218,11.03
HKG,2023,1.5534193,8.503,0.363,-6.47516915613431,,32.0136011857385,3.2238599613664,50562.3633144379,0.621382102439426,180.44987982177733,4.087062146892655,77.58,120.2663,6.328,16.1396966154143,2.283,,0.4084368,82.1612962,0.875904,,6.18938579228576,8.973
HKG,2024,1.5721573,12.955,0.373,4.75971907504982,,30.924624334882,2.50498758466826,54074.6928519479,2.66847024053622,221.0156972208821,3.15,76.63,122.893,9.274,15.7983669144913,-0.004,,0.6310985,82.3038683,0.9209804,107.160326941213,5.84446162621344,9.507
HND,2010,-1.0019392,-5.112,0.219,15.6847292208981,26.524712211213,3.83460574737835,3.73114034433009,1893.32722662035,1.5491216313325,119.99545832174232,,79.48,93.0541,21.816,21.8798406875029,6.485,2.36463288147641,-0.6306269,49.2247093,-0.9933417,66.1681900024414,38.0795389925997,7.506
HND,2011,-0.9697948,-8.008,0.252,8.36223466967607,26.3554567663789,5.88681418228473,3.83569066207505,2073.66121088074,1.71164194817371,153.18591263180687,,94.88,88.7767,24.77,25.9999916424846,5.605,1.7044807548954,-0.5252471,50.4719369,-1.0237154,65.9018478393555,37.6645235913782,8.064
HND,2012,-1.0955287,-8.591,0.233,9.84881118066984,29.4906361899387,5.83610988955542,4.12868774866939,2126.03474686503,2.04382616957031,161.96787185362544,,94.05,91.6361,27.086,24.5642087901292,5.391,1.63060548730794,-0.511655899999999,48.8616133,-1.1939336,64.5327911376953,41.1936961676887,6.972
HND,2013,-1.1060767,-9.595,0.228,-1.28104703627803,39.9591411254451,5.77862113948416,2.79155975746801,2081.12843527945,0.777167217053545,136.24820703149317,,97.98,92.7611,37.317,21.7603523031056,4.917,1.78208817924239,-0.535936499999999,47.874201,-1.2383989,61.920711517334,38.6576886643228,9.823
HND,2014,-0.9656425,-6.994,0.202,3.35846496942725,40.5914778097745,8.62899693066618,3.0580805621437,2179.88171977271,1.0812751128465,121.88517901052042,,93.17,95.5876,35.227,22.1838322277385,5.82,2.2661279184441,-0.6895701,45.6458396,-1.174669,49.4766821842053,34.8560347536189,11.865
HND,2015,-0.8111784,-4.703,0.23,2.89986175846258,39.0515285428205,6.27594328427599,3.84007997093951,2271.20265980349,1.88202222037501,111.18462156014614,,48.66,108.1696,38.517,25.1179830288624,2.357,1.56846231223826,-0.6604916,46.5023918,-1.1570215,50.3511085144012,37.71901349294,11.042
HND,2016,-0.924298699999999,-3.166,0.229,0.886736665914185,37.7338916975663,5.28156973350556,3.89297219726413,2307.34468351082,1.96051068302054,119.36261924864752,,43.29,113.0665,39.621,23.3771285357634,3.315,2.01566335667541,-0.7047922,45.4794133,-1.1783644,51.0466486801865,33.2358510656352,12.58
HND,2017,-0.946983999999999,-1.254,0.227,4.87025065741062,40.2844747508143,4.10592046689605,4.84291391050387,2413.0076562942,2.92107278326836,119.70533874025382,,50.8,112.8101,41.499,24.8207131723601,4.728,1.72906722467945,-0.9065696,47.7656936,-1.0906729,51.0120391845703,36.7326708854113,10.746
HND,2018,-0.969578899999999,-6.617,0.247,1.36790374454002,41.3908385401193,5.99386120691106,3.84499476966735,2464.64241531918,1.96196872528638,120.1730401916504,,65.23,112.0038,42.623,26.572086282814,4.224,1.07184110988038,-0.864353599999999,47.3012994,-1.09364329999999,,36.4508013315446,10.49
HND,2019,-1.0582406,-2.643,0.267,0.972445522942962,42.5213273366261,3.83846408231678,2.55963434592314,2502.32744328073,0.71936151617345,131.4715934540646,,56.99,115.7333,43.5,22.9676941165281,4.084,0.916855208806467,-0.827137599999999,46.6755083,-1.0765301,64.3524169921875,34.8929088629628,10.774
HND,2020,-0.972603599999999,2.872,0.208,-21.0263306860283,51.0458945962595,1.0106822391556,-8.96508223267296,2307.61494319511,-10.5484174868395,166.60730119735476,,39.16,117.774,53.716,19.666372727561,4.013,1.23326098347167,-0.666353099999999,46.0942116,-1.1109938,58.4268999434804,35.3839313938655,17.065
HND,2021,-1.1204199,-5.502,0.246,23.178670798536,48.5334269951285,2.84361329738544,12.5652843771279,2735.14751503977,10.7029903655951,168.30067705253205,,68.14,113.1051,51.03,24.2309330499915,5.316,1.22455313744521,-0.806377,45.2897872,-1.1417518,54.5046566571526,34.9168377354579,14.269
HND,2022,-1.03140529999999,-6.739,0.245,6.59773248951396,43.7024878510223,2.41292398026651,4.14356194013767,3003.28996826399,2.41184551052402,167.90513914799786,,94.9,120.698,48.69,26.3262317410881,9.796,,-0.4781621,45.092053,-1.09175279999999,53.8605804443359,34.6280941166055,13.571
HND,2023,-1.09932339999999,-3.895,0.229,-6.96930768639874,40.7591366324123,3.16136364280263,3.57584760454412,3227.45762509776,1.8148973269289,180.44987982177733,4.087062146892655,77.58,120.2663,44.936,22.1864309601857,5.19,,-0.3507671,44.1118119,-1.156469,54.5012702941895,34.3721389715693,10.478
HND,2024,-1.2446903,-4.642,0.245,-4.82479526287079,41.8233168617746,3.52903749551745,3.55397003296669,3426.43483328923,1.82401839948827,221.0156972208821,3.15,76.63,122.893,42.615,22.4923355282969,3.877,,-0.5671583,44.9578114,-1.1768036,51.7639813154374,34.1322574132792,8.301
HRV,2010,0.1141188,-2.156,0.125,7.81111242545651,,2.61983048198582,-1.33604672354973,13729.7654965022,-1.11200189628147,119.99545832174232,,79.48,93.0541,56.801,20.3670619597928,1.732,0.917408126030443,0.6992294,59.801177,0.2139766,98.8955230712891,14.0006183454706,32.355
HRV,2011,0.1086579,-1.723,0.12,2.27132081406664,,1.98600595263882,-0.110906722446629,14691.558296292,0.234570646490468,153.18591263180687,,94.88,88.7767,63.132,19.0003929954279,2.134,1.29394046574726,0.6832234,59.1921825,0.240209,99.2656021118164,13.9205861766417,36.666
HRV,2012,0.0944764999999999,-1.763,0.104,-1.50460949249546,,2.54586969790822,-2.23743360119771,13507.7805260991,-1.77266552955663,161.96787185362544,,94.05,91.6361,68.853,18.0242997806016,4.4,1.2944420673614,0.6651026,58.1187954,0.267695,99.3463897705078,13.0006182746613,42.512
HRV,2013,0.1136039,-1.049,0.085,2.60339476374449,,1.59393965737626,-0.13364573653061,14134.9474982889,0.490141287616666,136.24820703149317,,97.98,92.7611,79.48,18.7245951617912,0.455,1.1084798242986,0.6983074,58.4331277,0.2615987,101.800498962402,11.9877155799797,50.488
HRV,2014,0.1153811,0.294,0.078,7.27471646775011,,5.34793327281585,-0.557692913614588,14186.7295493276,0.207342945184919,121.88517901052042,,93.17,95.5876,83.224,18.058510522236,-0.101,0.867348745330344,0.6331008,56.7407549,0.3591069,102.528923034668,11.5533416163129,45.703
HRV,2015,0.1722605,2.55,0.069,10.2408993728008,,0.95816964866459,2.31998692708386,12283.7840620053,3.54911571283303,111.18462156014614,,48.66,108.1696,82.768,19.4788535135042,-0.302,0.698157062296322,0.611397,57.1698447,0.333543,102.981330871582,11.6176097114994,42.31
HRV,2016,0.1085585,2.094,0.066,7.04903652966608,,2.99037748818897,3.46646114288178,12820.1653893008,4.59659233874163,119.36261924864752,,43.29,113.0665,79.256,19.8968461847519,0.707,0.511310613664342,0.6354526,57.707073,0.3047754,103.719436645508,10.6718427435921,30.949
HRV,2017,0.0456235,3.364,0.073,6.94867454845121,,3.24019258507582,3.28396321643012,13901.7878144679,4.95688757968964,119.70533874025382,,50.8,112.8101,76.171,20.8394179953997,1.264,0.658339390527416,0.6251591,59.5254783,0.3433337,104.214416503906,10.1271482605111,27.425
HRV,2018,0.0249186,1.117,0.071,3.60381135455646,,2.66912322417943,2.91107593407843,15460.3669595491,4.26899051902303,120.1730401916504,,65.23,112.0038,72.847,22.4897435588565,0.901,0.773060031000923,0.7689202,61.1018571,0.2554052,104.960083007812,9.65604560814809,23.509
HRV,2019,0.0249751,2.456,0.069,6.84328860613034,,6.47286243805983,3.10152683894853,15563.5987295029,4.12969919836404,131.4715934540646,,56.99,115.7333,70.884,21.9665426156852,1.365,0.619466125649912,0.7476171,60.9313191,0.31002,105.13597869873,9.22176837984446,16.71
HRV,2020,0.1356925,-1.328,0.058,-23.1955102238158,,2.53925892567448,-8.31086401501189,14807.5608543265,-7.48668905832953,166.60730119735476,,39.16,117.774,86.469,23.5443662718786,-0.281,0.439094632914067,0.6477441,58.045127,0.3486941,105.585418701172,8.84463748328568,20.673
HRV,2021,0.0954983,0.545,0.061,32.7428960755081,,7.42754516764421,12.6322190351024,17788.7865816658,13.6550314478241,168.30067705253205,,68.14,113.1051,78.201,21.7930527803339,5.196,0.681198197003712,0.6364386,60.0957508,0.4127964,105.876342773438,8.80305500920385,21.542
HRV,2022,0.1067785,-3.468,0.077,27.0110658880339,,5.51626974323097,7.29445343642668,18465.5414420364,7.94395699321689,167.90513914799786,,94.9,120.698,68.544,26.2279615263249,12.667,,0.7321186,59.5836638,0.4345096,105.577796936035,7.98545624115734,17.744
HRV,2023,0.113708,0.411,0.059,-1.44123382491929,,3.90300483680134,3.76164540703459,22184.2279304842,3.65290188342374,180.44987982177733,4.087062146892655,77.58,120.2663,61.836,24.665931641659,5.351,,0.6832484,61.8626341,0.4257869,105.025161743164,7.24937678198308,18.91
HRV,2024,0.1486813,-1.239,0.064,1.56505600508777,,4.87780112464328,3.82688702890739,24050.4397933135,3.65195341396083,221.0156972208821,3.15,76.63,122.893,57.647,24.409099144064,4.504,,0.5814089,59.3714688,0.3774835,,6.68213638870389,16.479
HTI,2010,-1.2638364,-0.859,0.625,-18.0767246737892,8.79534948788437,1.50093014768549,-5.65151153448299,1209.72733503094,-6.7459038549499,119.99545832174232,,79.48,93.0541,24.902,24.988217664925,4.253,0.665741356287765,-1.30874809999999,37.2480943,-1.3289944,,74.4739764332237,36.918
HTI,2011,-1.29792589999999,-2.512,0.624,130.167225215514,6.50680060416255,0.91476918408797,5.09821354410036,1312.03953552013,3.91514494215959,153.18591263180687,,94.88,88.7767,22.293,20.9967494829716,7.461,0.530247287448995,-1.26130189999999,35.887967,-1.40688749999999,,74.2960091125677,35.353
HTI,2012,-1.35379609999999,-3.277,0.611,-1.19271640394314,9.19437070390758,1.13794476642421,0.502424403581585,1361.39396587374,-1.04324222181728,161.96787185362544,,94.05,91.6361,24.057,17.5092344164627,4.726,0.493447395435744,-1.12059439999999,35.5313894,-1.37638289999999,,74.3008845408301,34.295
HTI,2013,-1.27546269999999,-3.763,0.57,5.63618154642127,11.3124815894621,1.0865204500402,4.32478411472874,1457.83221179626,2.767509667507,136.24820703149317,,97.98,92.7611,25.111,17.880859322137,4.306,0.586507266755589,-0.915407899999999,35.9002672,-1.3555571,,74.3712588512168,33.745
HTI,2014,-1.4306803,-7.251,0.557,5.74629363853212,13.7807009097029,0.653599798370867,2.88877250863379,1460.18898613914,1.39231187945737,121.88517901052042,,93.17,95.5876,21.354,16.556866327765,3.985,0.699288591917661,-0.9222469,34.1265012,-1.2479641,,74.1162374859301,34.092
HTI,2015,-1.4465713,-5.109,0.591,0.149144044821654,15.0430551793435,0.711667596569424,1.40000000859727,1411.12684746796,-0.0454395053176881,111.18462156014614,,48.66,108.1696,23.889,13.9737286463314,8.439,0.574767533630933,-0.925938199999999,33.8188986,-1.2262159,,74.1410746225615,34.179
HTI,2016,-1.4729127,-1.7,0.583,-5.58841783860962,16.2992778753774,0.745596209929376,1.81246807847532,1318.40268167953,0.398402974127237,119.36261924864752,,43.29,113.0665,24.386,13.5922278864188,10.668,0.790216838420377,-0.894686099999999,33.832074,-1.2069142,,74.2662721405128,34.536
HTI,2017,-1.4223857,-2.161,0.568,0.533251464011101,15.6254522320872,2.48360915333592,2.51027134544685,1395.23945184461,1.12394427912376,119.70533874025382,,50.8,112.8101,22.516,16.876979845919,10.834,0.657342723836906,-0.834199999999999,34.3584468,-1.2058005,,74.3271418647626,34.752
HTI,2018,-1.4376012,-2.881,0.57,-0.118930657202341,15.0114334393077,0.640093066153268,1.66781095484656,1496.38048970156,0.326678559605597,120.1730401916504,,65.23,112.0038,24.113,16.0510920039064,13.255,0.44034486815939,-0.7667849,35.2778701,-1.1714715,,74.2253622572215,34.896
HTI,2019,-1.46242959999999,-1.14,0.594,-2.13167877007969,16.3969366022709,0.499464210439719,-1.72309699839232,1352.17204191532,-2.98683711868885,131.4715934540646,,56.99,115.7333,26.53,18.5362500202298,19.675,0.443318678876138,-0.9509746,34.8037071,-1.1812778,,74.2860616254666,35.247
HTI,2020,-1.44666959999999,0.51,0.546,-24.4142503579239,18.0192858439023,0.17231607778598,-3.30550546965893,1290.32538667383,-4.49816442182016,166.60730119735476,,39.16,117.774,22.321,17.70308377994,25.176,0.577844130610775,-1.0389171,34.2387511,-1.211177,,76.6037161425185,39.534
HTI,2021,-1.4853353,0.417,0.55,1.3843986222283,14.2102920782731,0.244929572826407,-1.79823988931486,1841.33189337222,-2.92695804339543,168.30067705253205,,68.14,113.1051,28.863,18.0480851881046,13.062,0.327641965983974,-1.2132391,32.5292727,-1.392161,,75.9970956770557,37.806
HTI,2022,-1.508626,-2.481,0.578,2.37827753232833,14.6236280368537,0.194598953085393,-1.68198396897978,1760.62635668777,-2.7846808475344,167.90513914799786,,94.9,120.698,29.506,15.8621394204196,38.656,,-0.947002399999999,32.511749,-1.5628925,,75.8901629589997,36.326
HTI,2023,-1.50126609999999,-3.482,0.551,-9.62095812151293,15.8980315138596,0.119129583029912,-1.86388420254838,1705.75808460999,-2.99212843762332,180.44987982177733,4.087062146892655,77.58,120.2663,28.464,13.8536836673602,31.839,,-0.971741099999999,30.5018739,-1.64152989999999,,75.8716215154887,36.326
HTI,2024,-1.5403494,-0.553,0.552,-31.8960117519257,3.74484478267583,0.0792936453462934,-4.16963395808132,2142.62330526788,-5.26984833324718,221.0156972208821,3.15,76.63,122.893,14.945,9.93936193656659,27.872,,-1.2013046,31.7826473,-1.6033955,,75.9837601216748,36.758
HUN,2010,0.2469328,-0.263,0.145,11.1175298333013,,-15.8854380283338,1.06795068152046,13189.8433874768,1.2966366075499,119.99545832174232,,79.48,93.0541,80.174,21.1892791243323,4.674,0.502154293766183,0.7770358,69.5378275,0.5821301,101.997688293457,8.99367488544888,26.392
HUN,2011,0.2982138,0.321,0.126,6.41395503667783,,7.45442145492381,1.91670916599742,14211.460557822,2.2059103447462,153.18591263180687,,94.88,88.7767,80.468,21.0337908782192,4.073,0.675554220375786,0.7163601,68.9774579,0.6315963,103.081069946289,8.88482226101472,25.957
HUN,2012,0.3833893,1.136,0.103,-1.70149550635099,,8.30549850772091,-1.33948446518181,12950.1594488143,-0.828646515876528,161.96787185362544,,94.05,91.6361,78.364,20.2865308170944,4.978,0.61841992081818,0.712188,66.9704547,0.5661169,101.234046936035,8.57322785868027,28.185
HUN,2013,0.3541563,3.084,0.101,4.07872405340366,,-2.74986395257086,2.03216990678146,13739.4620151401,2.52439305270235,136.24820703149317,,97.98,92.7611,77.22,21.8946534040546,0.413,0.507806206790584,0.8127253,65.8951766,0.4986862,107.21753692627,8.22615819824329,26.545
HUN,2014,0.172662,0.881,0.111,9.20207675549575,,9.1265022330579,4.33435364113967,14352.501883174,4.75555169835647,121.88517901052042,,93.17,95.5876,76.491,24.4405160787979,-0.931,0.403352372971262,0.805848,61.726746,0.3509972,106.026969909668,8.2269109386475,20.378
HUN,2015,0.1723755,2.165,0.123,7.3627710241083,,-4.3672559097876,3.65981615406955,12782.9412577973,4.03310873929586,111.18462156014614,,48.66,108.1696,75.724,23.8567656111926,0.873,0.285147410110642,0.843542,63.0707549,0.3552783,104.633018493652,7.9433525620706,17.272
HUN,2016,0.1568851,4.372,0.121,3.80222078404755,,53.8467636785015,2.43864141309342,13215.8605277789,2.83749039789862,119.36261924864752,,43.29,113.0665,74.646,22.0321821931455,1.767,0.227029691782411,0.6277681,62.6879447,0.4099126,103.966499328613,7.80260431139358,12.923
HUN,2017,0.160723,1.785,0.112,6.47973024327729,,-8.6313549623639,4.12418389451805,14736.1668157258,4.47743568209606,119.70533874025382,,50.8,112.8101,72.002,23.2730768860194,2.139,0.282558589313256,0.7324048,62.9871411,0.4009882,104.152000427246,7.41959045405206,10.699
HUN,2018,0.1391573,0.243,0.106,4.99049357978787,,-40.1082460169744,5.60613813768876,16605.0570511887,5.82146361803679,120.1730401916504,,65.23,112.0038,68.816,27.0910945827596,2.738,0.347622949150536,0.6616322,61.8347171,0.3396782,103.612083435059,7.46304866328812,10.115
HUN,2019,0.084756,-0.64,0.112,5.45703801235773,,59.5775493833952,5.07718495088933,17012.8598553199,5.2087641343076,131.4715934540646,,56.99,115.7333,64.988,28.6983472177676,3.995,0.303895061476493,0.7326156,62.1150399,0.3081109,102.438682556152,7.59197535786575,11.472
HUN,2020,0.1418393,-0.945,0.108,-6.14474551665317,,105.635755544096,-4.33872540024058,16386.9308821258,-4.09730738033811,166.60730119735476,,39.16,117.774,78.687,27.4644940725212,2.74,0.204655214271402,0.7938892,61.7730351,0.329192,101.940628051758,8.50370240076879,12.882
HUN,2021,0.1312695,-4.105,0.1,8.24041022512674,,18.2639108972104,7.22291580811137,19030.628130329,7.66253175353751,168.30067705253205,,68.14,113.1051,76.215,30.9364017933183,7.363,0.402362635857113,0.7337253,61.1759102,0.2971399,99.6460494995117,8.73187142313432,13.549
HUN,2022,0.0402617,-8.491,0.102,10.6900618653908,,-1.08324491969383,4.15238057779229,18428.028825614,4.43277115645731,167.90513914799786,,94.9,120.698,73.858,34.3613666532303,24.549,,0.6701403,59.4086263,0.2426218,102.851913452148,8.5430435426258,10.541
HUN,2023,0.083173,0.315,0.121,17.4169750397331,,-33.1910318158223,-0.817107370513455,22230.6277875187,-0.683845867847779,180.44987982177733,4.087062146892655,77.58,120.2663,72.966,26.0318946328214,5.5,,0.5841522,58.6087913,0.1894005,105.419059753418,8.24644417864645,12.779
HUN,2024,0.0394373,2.228,0.114,-0.879245383190437,,-27.9229280333136,0.560117843140432,23292.3263882478,0.8768874226772,221.0156972208821,3.15,76.63,122.893,73.453,23.4595838132325,4.6,,0.4363288,60.146918,0.1923364,107.350929260254,7.99661871652114,15.088
IDN,2010,-0.663338299999999,0.702,0.155,15.2663224108565,26.9770756416871,2.02517914569356,6.22385418062366,3065.68348377765,4.89326246908787,119.99545832174232,,79.48,93.0541,26.363,32.8801214533558,6.953,7.13560902238893,-0.778454699999999,52.5578823,-0.6518311,75.6519088745117,57.2529873177426,17.691
IDN,2011,-0.6451671,0.189,0.172,14.7699192430282,25.2959557496368,2.30298429381592,6.16978420771008,3579.46442466152,4.82294276512758,153.18591263180687,,94.88,88.7767,23.106,32.9843332593045,3.785,8.5631139337506,-0.7510901,52.4776452,-0.285231299999999,78.1330718994141,54.1008956470533,18.393
IDN,2012,-0.772433599999999,-2.66,0.17,1.60874874973331,28.3221912785509,2.30978031853073,6.03005065305615,3632.27254030331,4.67540374198676,161.96787185362544,,94.05,91.6361,22.955,35.0715936108893,3.647,5.94561486320563,-0.5992727,52.0354682,-0.3852324,80.0926818847656,51.2865487748644,15.673
IDN,2013,-0.727894399999999,-3.19,0.157,4.16695751315731,29.7818700830084,2.55135633401058,5.5572636889101,3566.60284506078,4.25603923226443,136.24820703149317,,97.98,92.7611,24.884,33.8313567879018,8.088,5.38990903395495,-0.6180612,54.0968292,-0.419998,81.8896974781343,50.8849119430324,15.977
IDN,2014,-0.7150247,-3.088,0.152,1.07463959746592,33.981834153142,2.81997260412102,5.006668425755,3441.06808464008,3.77968595157438,121.88517901052042,,93.17,95.5876,24.645,34.6003439149803,8.36,4.79162103687978,-0.385008199999999,54.9072168,-0.338428,83.5559949258569,50.4491195071174,15.977
IDN,2015,-0.5229666,-2.035,0.138,-2.12023972433835,36.9878652515237,2.29761639380441,4.87632230022123,3288.22269725538,3.70583428895539,111.18462156014614,,48.66,108.1696,27.013,34.0627921803386,3.353,3.08136736381978,-0.5390218,52.6644356,-0.3812221,87.8423207929976,48.2113835792613,17.224
IDN,2016,-0.482257599999999,-1.819,0.128,-1.66050861328918,35.3699048723645,0.487372471368879,5.03306918280177,3521.46943457574,3.91054275495577,119.36261924864752,,43.29,113.0665,27.955,33.8587393039462,3.027,2.66818993930963,-0.463383,55.4045544,-0.321809499999999,87.8191791728036,48.3329217166956,15.997
IDN,2017,-0.3767695,-1.595,0.142,8.89729217600718,35.9645370946451,2.01948919812582,5.06978590134916,3798.88326174526,4.00109865179923,119.70533874025382,,50.8,112.8101,29.396,33.7105947957751,3.605,3.08016177152276,-0.5816146,56.443186,-0.3165999,90.9455391241064,48.4921518603942,14.553
IDN,2018,-0.338129499999999,-2.939,0.134,6.51414738149725,37.5639689128338,1.81428979349441,5.17429153955024,3860.95353090726,4.15930013909383,120.1730401916504,,65.23,112.0038,30.423,34.5705858319707,3.163,4.21663374449654,-0.5428012,56.0213415,-0.2197187,92.8120739600443,49.1211021884397,16.369
IDN,2019,-0.427850399999999,-2.706,0.126,-0.477023225590827,37.0829978168899,2.23336204282241,5.01928768046282,4106.94856160358,4.0413041818536,131.4715934540646,,56.99,115.7333,30.563,33.7801423773995,2.585,3.23583967668836,-0.5802685,56.6131467,-0.1919729,94.9467044891028,49.138303631225,13.577
IDN,2020,-0.3456603,-0.419,0.124,-8.41781579802249,40.4899520829926,1.81058402027127,-2.06551182934165,3853.70288774146,-2.89423403981894,166.60730119735476,,39.16,117.774,39.747,32.3434120537481,1.676,2.43866732275102,-0.539945999999999,58.407906,-0.1479773,96.9345779132931,50.3136526573599,14.773
IDN,2021,-0.416213499999999,0.296,0.145,17.990291198846,36.1990816015577,1.7878556314554,3.70288562827751,4287.17313995098,2.97476192227879,168.30067705253205,,68.14,113.1051,41.14,31.4488724858485,1.879,5.15704008451705,-0.6496757,60.2592563,-0.1436778,97.8441479813619,49.9031597347253,13.8
IDN,2022,-0.3702139,1.002,0.167,16.2315353961458,30.8527352858338,1.87264100861425,5.30719722664799,4730.83484836107,4.52447576618876,167.90513914799786,,94.9,120.698,40.141,29.7453138212259,5.411,,-0.7624666,59.296523,-0.1291182,97.8167602714893,50.2806596863492,14.054
IDN,2023,-0.4431661,-0.149,0.148,1.34410232290291,29.935375315129,1.57116694173474,5.04902331835997,4876.30774512252,4.16753001019646,180.44987982177733,4.087062146892655,77.58,120.2663,39.601,30.3425864737035,2.806,,-0.613745,60.2378198,-0.0817572,96.0002120295081,50.671641325763,13.015
IDN,2024,-0.5446152,-0.634,0.127,6.51460679657406,30.9729980083421,1.73855500774354,5.03034469419038,4925.43048751861,4.1790017564892,221.0156972208821,3.15,76.63,122.893,40.189,31.396354183511,1.569,,-0.609127499999999,56.8298066,-0.206598099999999,98.836444459078,50.3095599926267,13.075
IND,2010,-0.3618247,-2.857,0.164,19.4781354584922,17.520327243228,1.6350340943491,8.49758470221235,1347.51939071367,6.93079780415253,119.99545832174232,,79.48,93.0541,67.702,39.7856241847736,8.561,4.49751864332879,-0.942319199999999,50.4821063,0.0630896,64.9475936889648,82.312286141453,23.299
IND,2011,-0.4906967,-4.29,0.183,15.492981450677,18.5055609944676,2.0020634629993,5.24131619937695,1445.46127486037,3.76074153145865,153.18591263180687,,94.88,88.7767,68.648,39.590421855219,7.773,5.30507567095095,-1.1659038,49.5071439,-0.0132833999999999,67.1251678466797,80.9697610878916,23.641
IND,2012,-0.5029878,-4.806,0.173,6.80548879791374,21.7351878662519,1.31293453035323,5.45638755166587,1429.32199520032,4.01726735836323,161.96787185362544,,94.05,91.6361,67.985,38.3474156730403,10.488,4.02383769335832,-1.15725679999999,48.9627586,-0.1308812,69.8089599609375,79.6487446201012,24.135
IND,2013,-0.4708017,-1.737,0.184,7.79238923851599,23.3008757774803,1.5162764665975,6.38610640094825,1432.84397512195,4.97769997302639,136.24820703149317,,97.98,92.7611,67.713,34.0231978997548,7.663,3.67308833438322,-1.17090389999999,48.9919988,-0.1159615,69.4771270751953,79.0944024401267,24.473
IND,2014,-0.4139641,-1.314,0.175,1.77759073335379,22.7049198417658,1.69565958990806,7.41022760508854,1553.88396075118,6.06398074162718,121.88517901052042,,93.17,95.5876,67.102,34.2678056268836,5.272,2.81368985123428,-0.817516599999999,48.8554278,-0.165636199999999,74.8887023925781,78.5181807246357,24.709
IND,2015,-0.3449931,-1.05,0.12,-5.64708727457766,23.0297689509967,2.09211521443253,7.99625378571471,1583.99815907985,6.71566734640226,111.18462156014614,,48.66,108.1696,69.049,32.1167301358276,5.259,1.77764002432658,-0.7619187,49.6531841,-0.1374229,74.6113662719727,77.8760454344934,24.959
IND,2016,-0.2852229,-0.625,0.12,4.98425762114994,20.0812235448632,1.9373641224439,8.25630550179086,1707.50892912243,6.97394690929247,119.36261924864752,,43.29,113.0665,68.943,30.172690580036,3.569,1.74839023532939,-0.7362183,50.8635602,-0.0823440999999999,75.9372863769531,77.2156141688909,25.23
IND,2017,-0.2244224,-1.835,0.122,4.56470776307569,19.5049373712632,1.50731583255894,6.79538341897911,1950.10468280866,5.561185034605,119.70533874025382,,50.8,112.8101,69.669,30.9821728344733,4.594,1.98393401607656,-0.572111399999999,51.4588982,-0.0399917,74.6743774414062,76.5180932398501,25.591
IND,2018,-0.2079644,-2.116,0.139,11.9318707467613,19.4905310721105,1.55821483801456,6.45385134497769,1966.25455171679,5.29211971914722,120.1730401916504,,65.23,112.0038,70.392,32.3432182154485,2.465,2.25531632110711,-0.6785888,52.4093503,0.020334,76.0025787353516,75.8131257799368,26.003
IND,2019,-0.2183329,-0.866,0.125,-3.38497816237084,19.9766366353145,1.78482633957161,3.87143694070356,2041.42863698585,2.79675759965889,131.4715934540646,,56.99,115.7333,75.04,30.0961975685688,6.668,2.01224538396897,-0.590466199999999,53.3152922,-0.0201063,75.8716506958008,75.2031954710256,22.947
IND,2020,-0.254487099999999,0.898,0.098,-6.95623827861731,21.4094740100862,2.40620322673636,-5.77772470686801,1907.04251637669,-6.69047102833747,166.60730119735476,,39.16,117.774,88.427,28.9223840080659,4.867,1.78466920695081,-0.720631199999999,52.5183166,-0.1029725,77.6271548412386,75.0761774925483,24.666
IND,2021,-0.300757,-1.222,0.125,29.5992945020295,19.5524130311129,1.41217101040888,9.68959249192875,2239.61384367482,8.79093447676263,168.30067705253205,,68.14,113.1051,83.487,32.1158221755014,6.344,3.15934537555664,-0.6015988,52.1829925,-0.1841026,80.6246396728944,74.5533066565003,20.824
IND,2022,-0.2924866,-2.002,0.182,10.3210083038716,18.6518069060743,1.49248825904,7.60936497768895,2347.44829434623,6.76238601727897,167.90513914799786,,94.9,120.698,82.173,33.6192585388984,6.206,,-0.7535037,53.4803007,-0.1104884,81.1778608399708,74.0023374256774,17.732
IND,2023,-0.3353176,-0.716,0.172,2.19549764812301,18.0442974446192,0.771919134264091,9.19075493028345,2530.12031278204,8.23053143349361,180.44987982177733,4.087062146892655,77.58,120.2663,81.231,33.3623103638844,5.014,,-0.837974,52.8571419,-0.0879069,78.8639591218839,72.7628402822064,15.595
IND,2024,-0.2953362,-0.793,0.14,6.3417645193565,18.5795533694083,0.694133152879562,6.49476552383821,2694.73780859961,5.55042158511394,221.0156972208821,3.15,76.63,122.893,81.286,32.9141372549127,3.899,,-0.785762499999999,53.3476378,-0.0392287,78.1058073224606,72.0646133231289,15.746
IRL,2010,1.4080005,-1.287,0.257,5.98184585156912,,17.0242973051905,1.68297175486512,48623.9666422487,1.13042386118924,119.99545832174232,,79.48,93.0541,86.135,17.2913563758605,-0.207,0.108587847065061,1.0812782,79.4493043,1.508714,118.096908569336,13.6661907552652,28.157
IRL,2011,1.3802239,-1.681,0.257,3.1087462515828,,9.83474085171317,1.60886648916944,52613.8540355689,1.166742916706,153.18591263180687,,94.88,88.7767,109.428,17.1044449032773,1.449,0.0962427963966132,0.8737859,77.6043445,1.5150115,115.83373260498,13.3089360097293,29.579
IRL,2012,1.4035742,-3.355,0.248,-0.822203043978689,,25.5993064499855,-0.40502941658977,49335.8408099555,-0.826164036751607,161.96787185362544,,94.05,91.6361,118.73,19.8882110372842,1.735,0.058557220023201,0.9454027,78.8655172,1.5276348,117.75218963623,13.3746128384756,30.792
IRL,2013,1.5469722,2.395,0.235,10.5672622834041,,29.8612971089447,2.1929375750029,52537.6108648692,1.65624859275668,136.24820703149317,,97.98,92.7611,117.494,18.3655706866444,0.301,0.0370891175584479,0.8948024,79.742353,1.5002207,,13.5247263063636,26.732
IRL,2014,1.5913084,2.062,0.233,14.4937626497145,,39.3649751606697,9.38579335130922,57214.5379785709,8.58909717383906,121.88517901052042,,93.17,95.5876,101.276,21.9360604785157,-0.3,0.0353958706182933,1.1679817,80.9737193,1.5324247,116.739097595215,13.2999035893015,23.416
IRL,2015,1.6308016,6.133,0.243,39.4266047308604,,74.8169261487244,24.6239856364006,64250.1385181257,23.4520270725761,111.18462156014614,,48.66,108.1696,73.962,26.0839383373545,0.301,0.0187707084805869,0.951695,82.0573547,1.603553,116.989868164062,12.6909769854007,20.235
IRL,2016,1.636332,-1.243,0.239,5.30610541136825,,26.1253590357369,1.22271661130947,64129.5571542383,-0.0687294094505688,119.36261924864752,,43.29,113.0665,72.64,35.6293704495612,-0.2,0.0652248713159719,0.8856802,81.7674145,1.5660124,117.028717041016,12.3640913280025,16.797
IRL,2017,1.5580627,1.143,0.233,11.0178941166324,,20.4170966260237,10.1088576065965,72161.4047531385,8.63259519638329,119.70533874025382,,50.8,112.8101,65.234,34.0348773847935,0.501,0.112833072357874,0.9418026,80.0638929,1.5319793,125.027168273926,11.5395453541863,14.402
IRL,2018,1.5533781,4.291,0.268,4.84447098680852,,20.3601504375203,7.68865937437435,80804.1123164826,6.13694267880518,120.1730401916504,,65.23,112.0038,61.472,28.1743871487953,0.698,0.126075695067046,0.9855531,80.8634503,1.5281158,154.163345336914,11.0215666626018,13.756
IRL,2019,1.5189367,-20.724,0.28,11.0257556815454,,7.67467578422042,4.97288003766816,81827.6688873996,3.31840085150145,131.4715934540646,,56.99,115.7333,55.924,53.7020817171995,1.089,0.0671703776701016,0.9409046,79.8331901,1.5409912,137.07568359375,10.4161694658268,12.457
IRL,2020,1.5958903,-7.07,0.306,13.5567939686937,,8.0934578228257,7.15369505735335,86514.0706108754,5.80801946810749,166.60730119735476,,39.16,117.774,57.007,42.5912041670915,-0.979,0.0367626864571587,0.8785787,77.9790467,1.5214022,133.497024536133,10.7652647552293,15.263
IRL,2021,1.6117468,12.165,0.287,13.1414545680071,,14.6537815105934,16.2581881158197,103783.446284479,14.6467292457005,168.30067705253205,,68.14,113.1051,52.564,23.031901720559,5.638,0.10098823103923,0.7362963,80.4298103,1.5453584,132.947692871094,10.5248396601086,15.612
IRL,2022,1.6463639,8.762,0.298,12.0258124923669,,-6.48790793588936,7.51113888415304,105190.685952731,5.40228269492256,167.90513914799786,,94.9,120.698,43.149,22.8840856405086,8.146,,0.8053599,82.7232745,1.5040267,130.604965209961,10.1821687637063,9.389
IRL,2023,1.5859129,8.092,0.29,-3.92539097472832,,-24.6702589530642,-2.53637409313261,106818.917130804,-4.34749825420604,180.44987982177733,4.087062146892655,77.58,120.2663,43.283,26.6582803909323,3.203,,0.876648,83.2088955,1.5980444,,10.3210240374341,10.161
IRL,2024,1.572589,17.158,0.301,8.56755864746033,,0.791076186083952,2.59946721553708,112894.953240805,0.997438539135004,221.0156972208821,3.15,76.63,122.893,41.113,18.2483791335529,1.007,,0.7099699,83.1635984,1.5913219,,9.71567647383549,10.439
IRN,2010,-1.15665139999999,5.32,0.597,7.49592790331326,4.05805118001816,0.74916862626536,5.79793830169604,6291.19443655454,4.48194624429263,119.99545832174232,,79.48,93.0541,14.757,40.262449246465,19.805,23.0680430493324,-1.52478809999999,32.4436197,-1.1024424,79.0264663696289,40.9478582446078,28.7
IRN,2011,-0.9423621,9.355,0.613,-0.534490379996797,2.74169060239135,0.679834574763516,2.6457179180628,8025.68743364356,1.38495950276369,153.18591263180687,,94.88,88.7767,12.259,36.0168035751403,24.002,25.3461464486072,-1.35645059999999,35.9748234,-1.01296569999999,81.2944793701172,40.1761751313275,26.645
IRN,2012,-0.98264,5.538,0.588,-20.9916489176443,1.15421603802317,0.723850091355471,-3.74717139864109,8114.08099831877,-4.94408603979183,161.96787185362544,,94.05,91.6361,13.562,36.3509581769324,38.346,21.1187189284557,-1.2630067,35.1684023,-0.9840127,82.7059326171875,40.7113240617461,26.894
IRN,2013,-0.9147814,5.861,0.458,-2.44395166475829,1.39260534305275,0.609501593960532,-1.52197920494184,6222.74194840326,-2.80061992960059,136.24820703149317,,97.98,92.7611,11.758,34.9452115156879,19.565,24.9467390294435,-1.1808701,33.1834523,-1.2057757,81.5845565795898,41.5455355115207,23.872
IRN,2014,-0.816847099999999,2.945,0.441,11.421866719034,1.25206746599556,0.45545387401938,4.98477506709476,5672.06372896319,3.58412137758084,121.88517901052042,,93.17,95.5876,12.587,36.9396571448965,13.636,24.8607811408678,-0.726596199999999,34.32944,-1.2547891,82.5869369506836,40.9317834898621,24.972
IRN,2015,-0.7596233,0.303,0.34,10.070316850198,1.57653508272573,0.500987695412685,-1.42488493937503,4952.73355532178,-2.75798228082138,111.18462156014614,,48.66,108.1696,37.023,31.9824085202657,8.4,15.2302994765894,-0.7896962,37.6597221,-0.9741059,82.7305221557617,40.9072700377479,25.962
IRN,2016,-0.656176099999999,2.89,0.452,27.422925951205,1.31827151241227,0.70452835935243,8.8150866425182,5710.59947089104,7.26636493161325,119.36261924864752,,43.29,113.0665,47.904,33.8794450615252,8.487,13.1358103039789,-0.6448832,38.2101857,-0.973579499999999,83.3275680541992,41.8224177004275,29.087
IRN,2017,-0.7011486,3.064,0.498,3.73046808708733,1.39231179104553,0.983654956177998,3.02685468694025,6000.93346404409,1.55521443456146,119.70533874025382,,50.8,112.8101,45.044,35.340529085025,7.143,17.4677964309489,-0.699442999999999,37.7844457,-0.928377599999999,82.7564392089844,41.9604376389704,28.208
IRN,2018,-0.9420795,7.884,0.522,2.45893479509294,1.43997047778518,0.576106085876311,-3.74796015711334,4783.01067340237,-4.96761764341849,120.1730401916504,,65.23,112.0038,42.944,36.2050901154488,47.302,34.2395948033408,-0.9686014,34.4704144,-0.969023,,41.8394195451565,27.502
IRN,2019,-0.9919553,-0.684,0.311,-13.144826659489,1.45553662774804,0.433347777066285,-2.36143538770575,3997.4935449585,-3.40863263146464,131.4715934540646,,56.99,115.7333,46.555,40.2029489850244,21.983,27.8006661533715,-1.2556127,33.404801,-1.0537229,,41.3323820515392,25.948
IRN,2020,-1.1044169,-1.867,0.161,-10.0152415652671,2.07575442854437,0.47769170946132,4.44180865358672,3202.50003502169,3.64198271829557,166.60730119735476,,39.16,117.774,48.343,47.9209340647566,48.763,23.2391718001181,-1.2213247,32.8938543,-1.0270682,85.1913986206055,40.5915411766548,23.712
IRN,2021,-1.1267612,3.852,0.153,5.56565844414871,2.69987581539856,0.34982143161472,4.13089685034471,4605.14881318992,3.26912440288719,168.30067705253205,,68.14,113.1051,42.404,41.493032546299,34.204,30.4480600937139,-1.1577773,32.8834183,-1.06900019999999,,39.6546340522622,23.752
IRN,2022,-1.13191439999999,3.775,0.131,7.71443636725179,2.40236604365308,0.354893288694741,4.35281087521344,4721.20437099984,3.10702656058911,167.90513914799786,,94.9,120.698,36.926,40.7255733512162,54.071,,-1.1448403,32.8202522,-1.1257877,85.6060028076172,39.4508281538172,22.686
IRN,2023,-1.17112979999999,2.789,0.138,13.1500903993851,2.45280776346942,0.310885408088419,5.33235117216407,5049.29931642754,4.07166849975252,180.44987982177733,4.087062146892655,77.58,120.2663,33.517,43.772806898094,32.223,,-1.2694112,31.7039605,-1.20046299999999,85.1469802856445,40.0099577621982,21.265
IRN,2024,-1.14723819999999,2.739,0.138,6.00168146867048,2.21280566524888,0.304914200880697,3.66312056830718,5190.16959024821,2.57740906823993,221.0156972208821,3.15,76.63,122.893,36.848,44.3461376412017,38.2,,-1.58118839999999,31.0266001,-1.2348012,,39.7632072666364,21.307
IRQ,2010,-1.3062258,2.759,0.947,-3.76287755640696,,1.00796493975113,6.40256484471193,4461.75196161555,3.01924651269078,119.99545832174232,,79.48,93.0541,53.533,15.8678653909697,3.312,43.5682899383508,-2.187694,39.675573,-1.57079259999999,,30.9126561454202,16.579
IRQ,2011,-1.2387175,11.4,0.976,3.667469642832,,1.12086339764167,7.546471200426,5775.54229080293,3.81441942451566,153.18591263180687,,94.88,88.7767,40.719,16.7595018107714,6.02,51.1945404105542,-1.91313499999999,40.3638189,-1.4239293,,29.922509089471,16.453
IRQ,2012,-1.26788219999999,6.44,0.954,20.7096982673986,,1.55961531280073,13.9364301737537,6477.59618450955,8.88055394419878,161.96787185362544,,94.05,91.6361,34.782,13.4461715093466,3.614,49.8510176490635,-1.97642609999999,38.8694626,-1.4532764,,28.8656112256422,16.091
IRQ,2013,-1.26454969999999,6.858,0.975,-0.409763281434067,,-0.995279210263068,7.62828592298754,6650.35282247395,2.6646473210161,136.24820703149317,,97.98,92.7611,31.987,20.2677398214538,3.132,45.579366576846,-2.1039641,38.8627661,-1.4740494,,27.8296007117633,17.913
IRQ,2014,-1.357674,6.757,0.974,11.4749966339965,,-4.45521124532956,2.26368817563613,6249.39226978969,-1.2842545257663,121.88517901052042,,93.17,95.5876,27.565,18.2159749362255,1.587,46.8543961454295,-2.2538271,37.974619,-1.4559635,,28.5546504424125,19.908
IRQ,2015,-1.393567,-3.934,0.968,34.4563052545088,11.579236426727,-4.54159235443502,2.60676642939541,4440.14189252367,-0.153622231589026,111.18462156014614,,48.66,108.1696,48.335,20.359651707882,2.31,37.5037172137922,-2.2449091,38.8083168,-1.48886679999999,,28.1981770794536,21.387
IRQ,2016,-1.4012064,-4.009,0.936,-0.864810043847527,14.1379782009615,-3.75180911604806,13.7873730187089,4334.42096404188,11.0984155585203,119.36261924864752,,43.29,113.0665,60.301,17.8772047937279,-0.67,33.2189217237902,-2.22917579999999,39.570425,-1.53679029999999,,27.4646455172563,22.446
IRQ,2017,-1.4065197,1.402,0.939,-0.996145010121751,15.1156613914556,-2.68799428357231,-1.81975035118309,4759.2846435467,-3.98546687274897,119.70533874025382,,50.8,112.8101,55.874,17.8524768622366,0.771,39.2005542312932,-2.1677252,37.9988565,-1.5484905,,26.6241287218291,25.276
IRQ,2018,-1.4767763,10.462,0.944,6.26683943474391,12.3208283081304,-2.14854834807913,2.63385099105624,5646.68932074742,0.267762550620816,120.1730401916504,,65.23,112.0038,44.363,17.5854705162866,-0.096,46.1477869076682,-2.1719253,36.5493163,-1.43204969999999,,26.5668338829286,27.338
IRQ,2019,-1.4433306,6.152,0.915,4.63924377653318,11.8236722126954,-1.31640616709339,5.51379057542323,5671.8568632942,3.14043943264693,131.4715934540646,,56.99,115.7333,41.712,22.7407245883586,0.096,40.609902398822,-2.2227253,36.5610771,-1.37408,,27.1255370394852,29.75
IRQ,2020,-1.3692381,-5.62,0.82,-10.1033378593867,14.7009987283311,-1.58049696252586,-12.0367930931152,4295.18945121228,-13.9675322686437,166.60730119735476,,39.16,117.774,72.455,22.3468589955872,3.155,27.4170131896725,-2.1814743,35.1307953,-1.512443,,27.1813272107644,34.45
IRQ,2021,-1.37400869999999,6.088,0.891,-14.9711821230508,12.2142568885482,-1.25770209772783,1.50218070952037,4868.49431080783,-0.74745630947109,168.30067705253205,,68.14,113.1051,54.715,21.4281806177489,5.283,43.4458576871878,-2.1722684,36.5329992,-1.4374976,,26.9831148014689,35.653
IRQ,2022,-1.37334849999999,15.782,0.91,7.23225865465037,7.93319206853994,-0.726653366772653,7.95904804992662,6520.73154560584,5.51097802061808,167.90513914799786,,94.9,120.698,38.974,24.3148601227151,4.313,,-2.2294281,35.5993847,-1.45504109999999,,27.0179929780468,31.791
IRQ,2023,-1.4169702,7.536,0.883,12.0773320986382,7.52940734720434,-1.99474822313262,0.517705525131191,5965.31835077761,-1.72015237086252,180.44987982177733,4.087062146892655,77.58,120.2663,42.078,24.0865197018349,3.966,,-2.2246949,34.6591746,-1.5002727,,27.0725257191358,31.514
IRQ,2024,-1.2050155,1.991,0.862,-0.142832189001794,6.22639916968424,-2.73525447039729,-1.54525198318304,6073.61032342708,-3.6151190083088,221.0156972208821,3.15,76.63,122.893,42.907,28.2290697048236,2.659,,-2.0642762,38.6096174,-1.3581614,,27.0719908591808,31.726
ISL,2010,1.8327409,-6.095,0.455,0.7522252588208,,1.84577695426496,-2.22181847599202,43776.4677400475,-2.08101145067769,119.99545832174232,,79.48,93.0541,133.141,13.8337714379496,2.526,0.0,1.0867054,70.243004,1.6310633,108.819038391113,11.3707945391627,15.857
ISL,2011,1.881645,-4.727,0.452,2.91464320778478,,7.19083904863249,1.37999669140882,48254.953927254,1.07078538162074,153.18591263180687,,94.88,88.7767,138.176,15.3142065291421,5.235,0.0003814338588799,1.2313176,72.9778614,1.6824991,109.70686340332,11.5333409847354,14.151
ISL,2012,1.8243195,-3.579,0.434,3.12742352256399,,6.85345908435807,1.16931174886884,46594.9869146614,0.632418770044652,161.96787185362544,,94.05,91.6361,133.925,15.8900528697338,4.243,0.0003591955292899,1.2316756,73.5464085,1.6910691,113.517669677734,11.8046759329629,13.201
ISL,2013,1.8605171,6.252,0.448,6.22731302372569,,2.90937107233191,3.59695700972851,50173.3360061057,2.62166783315034,136.24820703149317,,97.98,92.7611,121.96,15.0113948829854,4.14,0.0003660941548138,1.2538154,72.9570999,1.6404358,122.033569335938,11.8397375408721,10.415
ISL,2014,1.842095,4.403,0.445,3.76730975154898,,4.24755010057716,1.91381609098249,55140.364935793,0.786303485429585,121.88517901052042,,93.17,95.5876,115.299,17.0733671860941,0.809,0.0003471327872405,1.2726864,73.7579506,1.6211726,120.632568359375,11.8866370952748,9.566
ISL,2015,1.9854027,5.626,0.45,8.41484764809985,,6.47308431453939,3.76859023848581,53505.6964079339,2.69299664107407,111.18462156014614,,48.66,108.1696,97.323,19.1932461301069,2.005,0.0002995919855369,1.2622879,75.3070116,1.6421472,119.807357788086,11.9102348518742,8.578
ISL,2016,1.9714103,8.097,0.441,12.245808565006,,-5.05739639771987,6.21808764217616,62854.0906407932,4.75387973177391,119.36261924864752,,43.29,113.0665,82.471,20.8155538899524,1.9,0.0002523353870072,1.2205951,75.110987,1.6203859,117.122772216797,11.7216788411539,6.317
ISL,2017,1.8691325,4.221,0.464,4.82017793411286,,-27.9324374411863,3.48506703916689,72976.3729990975,1.08598544714937,119.70533874025382,,50.8,112.8101,71.742,21.5754325297001,1.865,0.0002173865852928,1.2503574,77.3623226,1.6658303,115.741142272949,11.5382009967581,7.544
ISL,2018,1.8868085,4.258,0.46,2.20467502934598,,-2.33423231382448,4.66077032612084,75633.8651351915,1.89500633642427,120.1730401916504,,65.23,112.0038,63.247,22.1950214764255,3.725,0.0001965373961622,1.2958486,77.578298,1.7407855,114.649406433105,11.3591408662489,5.902
ISL,2019,1.8260874,6.547,0.442,-4.45943940590435,,-2.22712995709055,1.13821230465001,69296.3144361601,-1.06147502015334,131.4715934540646,,56.99,115.7333,66.528,20.2034835852927,2.009,0.000108843842062,1.556416,78.7787271,1.7467004,112.034339904785,11.1437046186092,8.449
ISL,2020,1.8422993,1.096,0.466,-30.3482216855969,,-3.98671122506617,-6.64587816297836,60127.9393575616,-8.14886569197427,166.60730119735476,,39.16,117.774,77.512,21.046340093825,3.58,0.0001087940988939,1.3289196,78.0059701,1.6866361,110.487319946289,11.1433467693273,9.872
ISL,2021,1.8584301,-2.819,0.48,12.3934927574661,,1.52832650765088,5.1805719742238,70425.4064277273,3.47038534143127,168.30067705253205,,68.14,113.1051,74.915,22.8196745543488,5.127,0.0001069677377933,1.3382488,80.5668088,1.7076168,115.156303405762,12.3725483635043,11.831
ISL,2022,1.6495728,-2.377,0.466,26.0664174474775,,4.74021987239207,8.82069395623492,76350.4550416502,6.11928417467047,167.90513914799786,,94.9,120.698,67.534,24.2511352122354,9.589,,1.2672872,77.337869,1.5968615,112.589393615723,12.0488427715935,8.421
ISL,2023,1.6623764,0.84,0.432,4.68143025864094,,5.96687940296223,5.18615760140189,82138.7892973557,4.18792511132344,180.44987982177733,4.087062146892655,77.58,120.2663,61.991,25.1512117728756,7.75,,1.2058266,76.8631966,1.59027,108.911361694336,10.2814429298707,8.488
ISL,2024,1.828818,-2.53,0.419,-2.32331308843899,,8.51889361391957,-0.970676468918384,86040.5309851288,-1.18666721611689,221.0156972208821,3.15,76.63,122.893,59.077,26.1116569910227,4.733,,1.2056034,75.8432588,1.6278886,,8.4610461643485,8.78
ISR,2010,0.6767019,3.381,0.273,15.2447500497777,,2.91418894955553,5.53434033902194,31439.0887027614,3.62399103334153,119.99545832174232,,79.48,93.0541,68.94,21.5383508792439,2.662,0.173972024779987,-0.756258099999999,71.4950624,0.8139792,97.8008117675781,8.06181158032296,14.22
ISR,2011,0.722372,1.541,0.292,8.43097987390526,,3.22758725723671,5.51879621371651,34522.5215979073,3.58663560932411,153.18591263180687,,94.88,88.7767,67.098,23.4471273552999,2.17,0.280630419352341,-0.8097795,73.7653773,0.8918872,98.0884170532227,7.96000780695213,11.825
ISR,2012,0.7558579,0.379,0.266,-0.641169888842384,,3.42096752579402,2.44716836741318,33321.4300881602,0.573190077448643,161.96787185362544,,94.05,91.6361,66.788,23.914364095377,1.635,0.270058995740021,-0.776944,72.3139966,0.8713317,98.0721435546875,7.83569156606514,11.99
ISR,2013,0.7521332,2.975,0.276,6.03437002229764,,3.96752765564861,4.08570918638205,37034.3161080785,2.16142471851542,136.24820703149317,,97.98,92.7611,65.93,22.3351826403335,1.816,0.262662457508262,-0.8855141,71.9683501,0.8935236,98.7666168212891,7.77113876945306,10.4
ISR,2014,0.7470115,4.213,0.287,1.17455006542801,,1.9201815482971,3.77582843213109,38343.3046626235,1.80280307810176,121.88517901052042,,93.17,95.5876,64.724,22.8773413865491,-0.196,0.240636647906702,-0.592453,71.2524995,0.9289545,98.5257034301758,7.99516482237057,10.429
ISR,2015,0.8495585,5.222,0.273,-1.47108000793828,,3.73553271836246,2.23760317482488,36213.1041481958,0.231915657737829,111.18462156014614,,48.66,108.1696,63.03,22.0950032219134,-0.997,0.225690565978892,-0.6113908,72.2093705,1.0408491,98.464973449707,8.02243569130266,9.202
ISR,2016,1.1108815,3.76,0.255,2.79692711084351,,3.72366398162517,4.45978271860821,37671.5389138798,2.4319477135746,119.36261924864752,,43.29,113.0665,61.565,23.0646486702564,-0.202,0.184759592739644,-0.354649699999999,74.4365979,1.0048923,99.2754516601562,8.15746417215284,8.514
ISR,2017,0.8089617,3.636,0.24,3.98515005913853,,4.71262751632939,4.3469311670646,41138.470964272,2.34341452190721,119.70533874025382,,50.8,112.8101,59.642,23.1765981056332,0.4,0.175795530138224,-0.4501475,74.0285377,0.9942786,98.0842971801758,8.03961985835486,7.151
ISR,2018,0.7398512,3.002,0.223,5.87332989603038,,5.71739368118438,4.00389862187025,42362.6652754196,2.01931484013397,120.1730401916504,,65.23,112.0038,59.948,24.1309941879779,0.797,0.243287805206997,-0.3446955,73.2135495,0.9351938,98.327278137207,7.99762474884661,7.025
ISR,2019,0.8011548,3.205,0.188,3.07325003122978,,4.33363467004394,3.71049632750405,44250.6313628073,1.74945844686911,131.4715934540646,,56.99,115.7333,59.092,23.8648600543139,0.601,0.189655855195189,-0.4361137,74.4454315,0.9491335,97.8852386474609,7.93079155356355,6.525
ISR,2020,0.6932777,4.024,0.131,-3.8430499597208,,5.1047506129271,-2.02161548237589,44575.5719045492,-3.73449084409626,166.60730119735476,,39.16,117.774,71.106,24.6898161307496,-0.694,0.272440677318125,-0.567841399999999,73.032022,0.8873608,98.0958404541016,8.23945336404847,7.645
ISR,2021,0.9249105,3.274,0.155,15.1598899353829,,3.86849852798664,9.38837403354628,52270.9040241956,7.56395048301559,168.30067705253205,,68.14,113.1051,67.8,25.8836407282582,2.805,0.441424749575518,-0.699899199999999,73.3996144,0.8807927,98.8700408935547,8.10576927038061,7.649
ISR,2022,0.8878345,3.329,0.163,9.44015003458833,,4.35725962102686,6.26326343841286,54949.621556429,4.19414564339442,167.90513914799786,,94.9,120.698,60.47,27.2821521718091,5.263,,-0.904996799999999,72.5639326,0.8010265,98.5873031616211,7.92071693020327,6.719
ISR,2023,0.8712956,3.748,0.148,-1.14341991224613,,3.15712318737314,1.82652049482384,52003.7200729997,-1.18723021329285,180.44987982177733,4.087062146892655,77.58,120.2663,61.614,26.1101982037385,2.958,,-1.0423159,71.4874085,0.6642378,99.3012008666992,7.88898496592273,5.873
ISR,2024,0.853319,3.135,0.144,-4.90082997253937,,2.73472411141711,0.871968424377442,54176.6844383302,-0.396212603094554,221.0156972208821,3.15,76.63,122.893,67.878,23.4267177207644,3.238,,-1.03750149999999,72.4302177,0.5997177,98.5473403930664,7.78988383100841,6.163
ITA,2010,0.2007651,-3.223,0.052,11.5518513560055,,0.462974196548407,1.52910573247101,35856.8625485539,1.0811087798198,119.99545832174232,,79.48,93.0541,118.737,20.7969716146664,2.065,0.107793453561972,0.5591006,66.6314985,0.4537097,101.401161193848,17.476650946175,27.91
ITA,2011,0.2491583,-2.742,0.053,4.93285251143175,,1.49396922230512,0.695463154440176,38432.3742820019,0.347491108002188,153.18591263180687,,94.88,88.7767,119.106,20.6773631014391,3.727,0.156005817179348,0.4456142,62.5219473,0.5210134,101.59642791748,17.3180731941436,29.145
ITA,2012,0.1585745,-0.201,0.056,1.83302011782143,,0.0016635941816028,-3.12523877282996,34854.3949441965,-3.38984189684089,161.96787185362544,,94.05,91.6361,125.87,17.9698064515339,2.567,0.169645844218462,0.4718772,62.4679176,0.5461758,100.449836730957,17.2337720322081,35.294
ITA,2013,0.0420703,1.03,0.055,0.247798194830565,,0.907076904789878,-1.81802510749792,35701.6746002376,-2.01397031609169,136.24820703149317,,97.98,92.7611,131.816,17.0062223799047,0.601,0.155477399468545,0.3827968,62.5605715,0.5329679,100.973121643066,17.2282669826308,40.022
ITA,2014,0.0131434,1.754,0.053,2.5405111041124,,0.783743281747353,-0.0013876173045446,36028.3494022349,-0.0164634913490715,121.88517901052042,,93.17,95.5876,134.755,17.0766736026264,0.0,0.138451592682719,0.4893962,60.8298032,0.5543355,101.121726989746,17.1751938901746,42.669
ITA,2015,0.0677760999999999,1.243,0.052,3.98565683154179,,0.720886367724088,0.885667635240807,30639.8829751432,1.03826511770654,111.18462156014614,,48.66,108.1696,134.746,17.2813174853484,0.1,0.0819093188563771,0.394629,64.1201032,0.4617928,101.228088378906,16.9838234817977,40.316
ITA,2016,0.1252339,2.461,0.052,2.33805004552821,,1.35957350873308,1.23622108511661,31391.5692898108,1.42884453159633,119.36261924864752,,43.29,113.0665,134.195,17.7118639941996,0.497,0.0473051811205066,0.3518422,64.8578067,0.4609982,100.742958068848,16.6705581753976,37.758
ITA,2017,0.1948577,2.439,0.053,5.36754514150547,,0.44334154868577,1.60369995294101,32844.115660604,1.79499729937032,119.70533874025382,,50.8,112.8101,133.689,18.1694222906025,0.989,0.0639986448910056,0.2543499,64.8883338,0.4389986,101.01001739502,16.1168398722354,34.726
ITA,2018,0.2476928,2.501,0.053,2.1295915598849,,2.10769610409512,0.826646712344115,34904.1081923834,0.581227670101029,120.1730401916504,,65.23,112.0038,134.138,18.6608716078644,1.175,0.0992013245530201,0.3723628,63.6990094,0.4187181,101.526412963867,15.92131310534,32.185
ITA,2019,0.2828802,3.157,0.056,1.22605710007345,,1.77066894209208,0.429162533780342,33812.788724868,1.13464411867925,131.4715934540646,,56.99,115.7333,133.823,18.3641315277239,0.484,0.0824926231070219,0.3223326,65.9203005,0.529631,101.74178314209,15.7716430125318,29.102
ITA,2020,0.5299614,3.761,0.058,-13.7093790297645,,-0.893869914296462,-8.86822122185345,32091.4866621366,-8.42323993924451,166.60730119735476,,39.16,117.774,154.288,17.8986868297166,-0.289,0.0559705463881882,0.3322841,62.3028255,0.5546368,101.836128234863,15.7352530322676,29.629
ITA,2021,0.5394316,2.1,0.053,14.0855222948471,,1.20474315612308,8.93106210800055,36852.5425414951,9.49416108466208,168.30067705253205,,68.14,113.1051,145.735,22.0011382315208,4.155,0.112009125283042,0.4392226,63.9087126,0.5885,101.834869384766,15.0507731793086,29.665
ITA,2022,0.5738577,-1.725,0.06,9.87202560949538,,2.94181405797187,4.82117669913565,35653.9042103495,5.0334454866795,167.90513914799786,,94.9,120.698,138.279,24.5977298322393,12.338,,0.4124684,64.3443586,0.5739685,101.353858947754,14.668726259662,23.704
ITA,2023,0.571449,0.138,0.062,-0.20338375354612,,1.8137542726883,0.975694840127005,39277.0838783918,1.02611231433292,180.44987982177733,4.087062146892655,77.58,120.2663,134.579,23.0784564391973,0.495,,0.4737389,65.8357262,0.6505552,100.678756713867,14.5459593201289,22.727
ITA,2024,0.5531621,1.13,0.062,0.0468585991778383,,1.13001784266315,0.692676948440536,40385.3413957669,0.746500224061592,221.0156972208821,3.15,76.63,122.893,135.286,22.5774286224244,1.397,,0.3087035,64.9588526,0.6192043,,14.4855032271472,20.246
JAM,2010,-0.2207188,-7.086,0.425,,111.477878300425,1.4052035043033,-1.45714720850386,4809.977380312,-1.87206742708895,119.99545832174232,,79.48,93.0541,141.4,,11.744,1.66861545913939,-0.412128599999999,58.8635723,-0.3988235,89.4939454246108,38.8969207978508,20.451
JAM,2011,-0.0495086999999999,-13.634,0.466,,102.594960387927,1.19599317121359,1.73037627006349,5232.63644918132,1.29087650393585,153.18591263180687,,94.88,88.7767,139.465,,6.008,2.25616145768344,-0.120367599999999,57.9385249,-0.2893569,91.5373916625977,37.000872053748,20.363
JAM,2012,-0.2406003,-9.754,0.412,,97.533634321443,2.79145695894721,-0.613636042132399,5340.83333232158,-1.04151903293869,161.96787185362544,,94.05,91.6361,143.895,,8.002,1.83117834623622,0.0478137,54.8286736,-0.356012799999999,,37.5182050159506,23.401
JAM,2013,-0.2538053,-9.546,0.441,,92.5263767855286,3.81898294324016,0.517686011311724,5124.21301411137,0.111200802511547,136.24820703149317,,97.98,92.7611,138.736,,9.473,1.78135528369404,0.1274496,55.5214632,-0.2763074,85.4017870483818,37.5858508124064,27.228
JAM,2014,-0.2893901,-8.037,0.471,,103.505518206473,4.18835617241287,0.689822359762587,4975.11325459872,0.327176684512608,121.88517901052042,,93.17,95.5876,137.892,,6.357,1.78235182739347,0.0349026,55.7324643,-0.1823274,86.3705618020868,37.5299844581766,26.348
JAM,2015,-0.2392146,-3.039,0.526,,102.233103966178,6.18152374482186,0.92148712399856,5339.30718256806,0.605132259299552,111.18462156014614,,48.66,108.1696,121.878,,3.661,1.26600183802715,0.0607252,56.8719005,-0.1394095,85.3548254033729,37.0118077311931,25.777
JAM,2016,-0.166887999999999,-0.308,0.441,,103.886277698998,6.22844979056863,2.76043761369557,5302.29553353854,2.49050959451111,119.36261924864752,,43.29,113.0665,113.695,,1.725,1.28914557442918,0.0960441,57.1420697,-0.1131152,87.9398248609799,36.5399507982074,24.661
JAM,2017,-0.1631899,-2.694,0.464,,101.365415520473,5.63139063640052,2.29303371291363,5605.43541173019,2.08054717136154,119.70533874025382,,50.8,112.8101,101.225,,5.235,1.52838623760003,0.1291365,56.8258306,-0.0899914,84.2369432325225,35.821887860662,21.686
JAM,2018,-0.174784399999999,-1.501,0.616,,115.828374040562,4.59566903085149,2.51584458612513,5976.90362644337,2.35833186418979,120.1730401916504,,65.23,112.0038,94.386,,2.44,1.72957545790371,0.169434,57.1862171,-0.1409645,83.7616154022844,35.3571841363338,18.064
JAM,2019,-0.0636837,-1.914,0.506,,93.9919706948192,3.90817004443178,1.80943147301357,6030.68896415921,1.69497447065874,131.4715934540646,,56.99,115.7333,94.26,,6.219,0.364234398807819,0.179033,57.0000228,-0.1704977,85.7618499653089,34.1419121881811,15.96
JAM,2020,-0.0800814,-1.13,0.439,,108.469244687444,1.76731178461616,-8.30441923583135,5299.04530804283,-8.54632871499803,166.60730119735476,,39.16,117.774,109.685,,5.18,0.32243252555047,0.1525241,56.416455,-0.103995499999999,81.5337816615681,34.6924267135031,20.087
JAM,2021,-0.0851526,1.017,0.402,,112.623465618435,2.00753132739669,5.70467978309095,5625.67806271236,5.44605052451513,168.30067705253205,,68.14,113.1051,94.204,,7.321,0.457652062306756,0.1423135,57.7302175,-0.0742917999999999,85.8093525179856,34.2417691287041,16.837
JAM,2022,-0.0788141,-0.8,0.407,,94.4321571697853,1.69418617103882,6.43930323656186,6626.47502388538,6.38449296229192,167.90513914799786,,94.9,120.698,77.044,,9.361,,0.4525342,57.55474,-0.0687388999999999,82.8584671020508,33.1067381908205,13.117
JAM,2023,-0.1364542,2.946,0.397,,80.4588971641398,2.29897160435092,2.74634433906714,7542.40084275345,2.72311612642515,180.44987982177733,4.087062146892655,77.58,120.2663,73.355,,6.855,,0.4762874,57.2057484,-0.0768587999999999,85.4353132628153,31.7277710267084,9.992
JAM,2024,-0.0962722999999999,0.998,0.406,,76.0700580586773,1.38581813054415,-0.535039063867487,7753.8006955432,-0.51363387005874,221.0156972208821,3.15,76.63,122.893,69.183,,4.974,,0.476823,56.2960749,-0.0776697,84.4572372436523,31.6625546744655,10.383
JOR,2010,0.0263631,-6.946,0.187,,62.7590806656665,6.22247566973912,2.31483422063046,3718.46571622945,0.137449407888951,119.99545832174232,,79.48,93.0541,59.437,35.0376311945169,5.685,1.66596420639584,-0.407725,56.5556157,0.0570422,87.3644409179688,10.2428656210469,30.059
JOR,2011,0.150624,-10.026,0.186,,59.7339174529003,5.03335872688489,2.73717988632104,3946.85503855525,0.218599818569089,153.18591263180687,,94.88,88.7767,62.069,31.7477038455304,2.913,3.31767245058233,-0.6339348,57.8731176,0.1505452,87.5930404663086,10.0407243602223,30.787
JOR,2012,0.0948384999999999,-14.892,0.174,,58.5598260044692,4.89480688682321,2.42935800100238,4169.50470054618,0.988823291779653,161.96787185362544,,94.05,91.6361,70.521,31.0322030208821,6.002,2.90847924194887,-0.5975891,57.7324192,0.1782421,87.2317581176758,9.8716626665815,28.853
JOR,2013,0.0969314999999999,-10.169,0.175,,67.4266385860852,5.64977168714588,2.60994737548631,4311.21916713038,-2.58592238614169,136.24820703149317,,97.98,92.7611,75.584,26.5997319791875,3.102,1.27909933438596,-0.6862202,56.4334598,0.1297285,87.3027919681245,9.74763100425039,29.536
JOR,2014,0.0942006,-7.083,0.185,,66.2217873926144,5.91204890205889,3.38407809933472,4191.18050084986,-6.02217249989295,121.88517901052042,,93.17,95.5876,75.013,25.8085951940917,1.666,1.19542288638141,-0.609596,56.5123405,0.111905,88.8703034099213,9.69549927759453,27.612
JOR,2015,0.2644497,-8.995,0.196,,67.0927641139484,4.14720229174937,2.49652879315188,4042.75678097555,-5.58980174753611,111.18462156014614,,48.66,108.1696,78.423,24.8350329106344,-1.575,1.39974257822882,-0.6404285,57.5169737,0.1375421,,9.78037807138817,30.914
JOR,2016,0.2009082,-9.656,0.198,,68.4833967118955,3.89285142868971,1.9941808493012,3986.71677010853,-2.71126216102509,119.36261924864752,,43.29,113.0665,77.432,23.4044187563796,0.848,1.12573697471708,-0.538077799999999,56.7208624,0.1691297,,9.85811196840523,35.61
JOR,2017,0.1776447,-10.557,0.206,,72.5857469158017,4.87814133167977,2.47359815449045,4065.61628749384,0.192083988017671,119.70533874025382,,50.8,112.8101,75.657,24.717360352457,3.237,0.869000683008148,-0.444359699999999,56.9697969,0.1933843,88.8758288897009,9.6370695795226,35.438
JOR,2018,0.0742478,-6.831,0.214,,73.9512312696322,2.20177686575576,1.91907091341564,4145.43989673265,-0.302781677584093,120.1730401916504,,65.23,112.0038,74.302,24.3624336974922,3.93,0.719072817629181,-0.322432699999999,56.2049697,0.1458763,89.7929068080636,9.13710909077811,38.941
JOR,2019,0.0894230999999999,-1.737,0.224,,75.2477556467505,1.63970565115643,1.75124077866225,4170.1144003465,-0.247049289948436,131.4715934540646,,56.99,115.7333,78.015,21.4133341743379,0.764,0.0428576620025569,-0.2846298,57.3816928,0.1365134,89.5104774843719,9.27869465995298,37.205
JOR,2020,0.1409154,-5.732,0.215,,87.2903094132487,1.73975978294192,-1.10275188309046,4022.0401356135,-2.86253982856009,166.60730119735476,,39.16,117.774,87.95,21.4585413761158,-0.404,0.0516759121146319,-0.3260056,57.9074299,0.1081792,90.1992992911958,8.42159752885731,42.458
JOR,2021,0.0177108,-8.03,0.221,,90.649566277089,1.34316062049226,3.65564358999147,4183.49998326866,1.77173055809841,168.30067705253205,,68.14,113.1051,98.232,25.1777968181063,2.403,0.0776640966166585,-0.390988399999999,57.8870075,0.0436082,90.0636022467584,8.47314539189343,43.862
JOR,2022,0.0226578,-8.131,0.239,,85.3105835968273,1.97382535440765,2.64743514912058,4332.25159897931,0.915646680170994,167.90513914799786,,94.9,120.698,97.879,,4.356,,-0.311462199999999,58.2017136,0.0764869,90.9912658899133,8.38223999828045,42.028
JOR,2023,0.1060315,-3.577,0.194,,87.8712529400758,3.92718313792336,2.88408339281683,4466.08314208575,1.23863426474166,180.44987982177733,4.087062146892655,77.58,120.2663,96.961,,1.638,,-0.3007473,59.8167875,0.1232268,91.9696843781763,8.18226341011927,38.837
JOR,2024,0.2721934,-5.759,0.206,,90.1349716229773,3.06387579665258,2.48889409603647,4618.09592498567,1.48055685000026,221.0156972208821,3.15,76.63,122.893,95.9,,-0.091,,-0.3501687,59.215868,0.1685335,91.7518621587381,8.01078718828468,39.053
JPN,2010,1.3876183,3.838,0.125,24.8607371001891,,0.12920448958805,4.09791791943181,44968.1562349739,4.07922304856318,119.99545832174232,,79.48,93.0541,205.879,22.5903041279796,-0.256,0.0200968819164694,0.9967916,73.7471124,1.3391975,,9.63133466671252,9.46
JPN,2011,1.5406092,2.084,0.115,-0.119600973346607,,-0.0136482744839263,0.0238095237995424,48760.0789494211,0.209251802844406,153.18591263180687,,94.88,88.7767,219.162,23.5405686895679,-0.303,0.0216769702777793,0.9897212,75.89553,1.387931,,9.39869506833897,8.325
JPN,2012,1.4904141,0.951,0.123,0.145733293176733,,0.008720201501896,1.37475099905274,49145.2804308193,1.53678665868971,161.96787185362544,,94.05,91.6361,226.093,24.0049297197241,-0.246,0.0200901706635674,0.9655197,77.4084383,1.3484037,,9.31931090848193,8.236
JPN,2013,1.4979614,0.882,0.127,0.810553198455821,,0.204293384186424,2.00510017681211,40898.6478964744,2.15237106568597,136.24820703149317,,97.98,92.7611,229.451,24.4176240405457,1.395,0.0232126866090988,1.0478848,76.3028916,1.3734398,101.049438476562,9.12867996445858,6.809
JPN,2014,1.5393479,0.751,0.127,9.34180674824918,,0.403354543401035,0.296205514141889,38475.3952461838,0.429381122519686,121.88517901052042,,93.17,95.5876,233.281,25.0363619892408,2.549,0.0280708839630582,1.2105334,75.3576946,1.4566952,101.036422729492,9.07780809867074,6.299
JPN,2015,1.4505851,3.07,0.135,3.21123475583214,,0.118161987748241,1.56062669680782,34960.6393843385,1.66846511717627,111.18462156014614,,48.66,108.1696,228.278,25.1653478796719,0.194,0.0289687122696025,1.2226375,77.1186037,1.4360203,101.724517822266,8.81954916259362,5.471
JPN,2016,1.4452816,3.953,0.141,1.61828441746155,,0.818481615264516,0.753826745789127,39375.4731620781,0.805362824501671,119.36261924864752,,43.29,113.0665,232.421,24.8355973184149,0.263,0.0251768652546394,1.1198832,78.9740104,1.4336864,101.296928405762,8.42781450699563,5.12
JPN,2017,1.4760635,4.128,0.139,6.61907239511252,,0.381319638034272,1.67533175173359,38834.0529341227,1.75861180168305,119.70533874025382,,50.8,112.8101,231.321,25.2148269758242,0.545,0.0384458694582766,1.169376,76.9203885,1.4892015,100.260749816895,8.31960341437309,4.611
JPN,2018,1.3909549,3.528,0.139,3.75959969988571,,0.501685482403774,0.643391023533141,39751.1330982711,0.771168471505248,120.1730401916504,,65.23,112.0038,232.38,25.6417143090178,0.867,0.0367554022408906,1.1378638,76.3835577,1.4871198,100.482200622559,8.22471239794535,3.668
JPN,2019,1.4335295,3.446,0.142,-1.45849057360248,,0.780785313301259,-0.402169200894946,40415.9567649547,-0.262170828573062,131.4715934540646,,56.99,115.7333,236.381,25.7896961306359,0.509,0.0932286615908601,1.1161393,76.7638524,1.5119949,100.660270690918,8.10869689289236,3.938
JPN,2020,1.4301233,2.967,0.136,-11.6373031068514,,1.23830386396694,-4.16876457146743,40028.7341726762,-3.88641911578898,166.60730119735476,,39.16,117.774,258.369,25.2240172261075,-0.92,0.0969972012044505,1.1325471,76.425199,1.5138826,101.34056854248,8.10915824404449,4.679
JPN,2021,1.4554011,3.894,0.129,11.9065430937605,,0.695100892094565,2.69657404187188,40094.5599795288,3.17001738751661,168.30067705253205,,68.14,113.1051,253.652,25.824730869587,0.504,0.0473044627668744,1.1600529,76.8730443,1.5319019,101.744400024414,8.6508100892387,4.707
JPN,2022,1.4419346,2.108,0.133,5.54585722265935,,1.12971840820326,0.941998775483285,34065.6438962526,1.39102754851621,167.90513914799786,,94.9,120.698,248.309,26.7755742133001,3.861,,1.2758787,77.1114908,1.5084676,101.38200378418,7.88770804842949,4.434
JPN,2023,1.3377896,3.762,0.157,2.96673338465878,,0.474278368651713,1.47503481053384,33836.1756271617,1.97080161121153,180.44987982177733,4.087062146892655,77.58,120.2663,239.971,26.1821637488649,2.91,,1.2674256,76.9093801,1.5084872,101.537071228027,7.8790588899942,4.116
JPN,2024,1.3570132,4.793,0.159,1.12442247767557,,0.401239653950032,0.104309021773304,32487.0778047567,0.541366477991744,221.0156972208821,3.15,76.63,122.893,236.66,26.1778501334799,2.922,,1.1343228,75.8330279,1.5115753,,7.63302185798352,3.93
KAZ,2010,-0.9891057,1.809,0.628,3.09999999999991,92.6005686097178,5.03630628288047,7.30000000329814,8793.07589980782,5.91730119035698,119.99545832174232,,79.48,93.0541,10.683,25.3735490201768,7.592,21.7441441579602,0.4331905,49.1977102,-0.7753761,98.5237492649908,31.0015881211964,5.215
KAZ,2011,-0.8894339,7.303,0.607,0.399999999999977,75.4058752094542,7.14351039762779,7.40000000144188,11287.1464926039,5.95764573473487,153.18591263180687,,94.88,88.7767,10.161,22.9981460184012,7.46,25.7688205419371,-0.4304921,49.9577744,-0.5864784,98.8350532967319,30.3604139051912,4.576
KAZ,2012,-0.912828,1.264,0.592,4.8000000000001,75.5060611702048,6.56164821145973,4.79999999528297,12018.7966527993,3.34601033412712,161.96787185362544,,94.05,91.6361,12.125,25.2296602336096,6.004,21.9826967680593,-0.3923638,49.5739106,-0.643061,99.0180187395814,29.2082049278269,3.94
KAZ,2013,-0.9287508,1.913,0.658,2.6999999999999,71.8109289830663,4.23069709209016,5.99999999671084,13478.459627612,4.48819679131283,136.24820703149317,,97.98,92.7611,12.603,24.5696053585629,4.602,18.2187488150502,-0.4514259,49.5435144,-0.679818399999999,97.6500312583517,28.5690937330718,3.923
KAZ,2014,-0.842471,-1.288,0.657,-2.49999999999994,80.6316289334986,3.3006311188168,4.20000000566705,12427.7094576939,2.6806378826727,121.88517901052042,,93.17,95.5876,14.496,25.7902472414133,7.445,17.2500802611251,0.0295973,52.5249358,-0.5977257,98.522388891969,27.0742881279755,3.838
KAZ,2015,-0.8337886,-5.412,0.563,-4.10000000000001,90.3781219318061,3.56737402233377,1.20000000053288,10196.1226255982,-0.299093532608879,111.18462156014614,,48.66,108.1696,21.882,27.9079156027413,13.701,9.32876500546085,0.0342151,53.7365784,-0.4919324,98.2120601574997,25.617530717533,3.761
KAZ,2016,-0.7865395,-5.073,0.506,-4.49999999999987,134.847682725523,12.5466202801438,1.09999999910173,7475.56688689424,-0.438395201172128,119.36261924864752,,43.29,113.0665,19.677,27.8275828886455,8.449,11.0336820575133,-0.0865605,52.7280623,-0.510937699999999,97.0463003338151,25.5794596029812,3.806
KAZ,2017,-0.7427939,-2.054,0.527,7.99999999999979,109.692413392467,2.85205738000704,4.10000000257358,8943.08416791984,2.49076945691363,119.70533874025382,,50.8,112.8101,19.869,26.3524825267661,7.024,14.897596398127,-0.0563947,56.1767073,-0.4614698,96.5061709309357,25.5396055974042,3.79
KAZ,2018,-0.5048657,-0.984,0.599,9.60000000000005,102.472812128434,0.196995426846668,4.09999999309841,9472.48527327758,2.5560669084423,120.1730401916504,,65.23,112.0038,20.259,25.258212709599,5.37,20.7829646926253,-0.1086366,55.7345603,-0.3704992,96.1156212742477,25.4889217830775,3.776
KAZ,2019,-0.207193,-3.869,0.558,2.00000000000011,107.373342903391,2.05367649290766,4.50000000091883,9457.12614657136,2.99405538115775,131.4715934540646,,56.99,115.7333,19.944,27.6275749485747,5.436,17.9259738525419,-0.221063999999999,56.6406253,-0.430970199999999,96.5371355057456,25.4262260484176,3.766
KAZ,2020,-0.2881195,-6.462,0.546,-11.3000000000001,110.819683629583,4.21199990309163,-2.49999999628,8781.50797787648,-3.86406094514987,166.60730119735476,,39.16,117.774,26.357,28.8069153648376,7.411,12.8406951964892,-0.2842993,55.7125355,-0.4154444,91.9490206290752,25.2248842940699,3.775
KAZ,2021,-0.2698189,-1.359,0.565,2.30000000000008,100.270147736422,2.31675874599247,4.29999999729456,9983.60103576902,2.91864170117744,168.30067705253205,,68.14,113.1051,25.1,26.5334355873452,8.4,26.8423173327291,-0.2325504,55.0715534,-0.4655785,94.310522086739,25.0104340498962,4.216
KAZ,2022,-0.1920096,2.854,0.596,9.59999999999989,84.7932235856559,2.25355434978679,3.19999999970734,11255.3396437881,1.70100297910589,167.90513914799786,,94.9,120.698,23.524,24.9759095791804,20.387,,-0.5795614,53.8525157,-0.440637699999999,94.0433413378673,24.9834881396574,3.822
KAZ,2023,-0.2223164,-3.608,0.514,1.80000000000015,72.9017800635209,2.18549414987511,5.09999999973641,12879.4275257974,3.57238732741942,180.44987982177733,4.087062146892655,77.58,120.2663,22.982,28.157135537565,9.732,,-0.2021045,54.9494054,-0.3777888,95.2393054334066,24.953358583172,3.814
KAZ,2024,-0.0670902999999999,-1.3,0.613,0.30000000000004,62.6029318152699,0.678943746848058,4.99999999996936,14154.6324958076,3.66170013445029,221.0156972208821,3.15,76.63,122.893,24.804,27.2119249591734,8.589,,-0.2827558,55.6049145,-0.3815477,97.198884231219,24.8754953471453,3.816
KEN,2010,-0.854366499999999,-5.22,0.219,14.3523920653442,22.2953111640431,0.392164287395035,8.05847360290906,1091.51873101194,4.96811299885232,119.99545832174232,,79.48,93.0541,36.695,21.2639987992095,4.509,2.67307931109746,-1.3827355,49.3011565,-0.8769138,,60.4144393357643,7.049
KEN,2011,-0.9218464,-8.204,0.204,8.3673469387755,23.9314455090232,3.09471103381268,5.1211061197056,1096.14499807675,2.26952218964762,153.18591263180687,,94.88,88.7767,35.687,21.8858122759467,18.934,2.9431872828815,-1.4963456,46.6165343,-0.866718299999999,,60.3697946616743,6.924
KEN,2012,-0.974947799999999,-7.474,0.205,2.25988700564972,23.5760157767792,2.44725940988928,4.56867961444982,1285.00536171512,1.87670753904403,161.96787185362544,,94.05,91.6361,37.616,22.1933629258823,3.2,2.90888320855534,-1.4931583,46.7845851,-0.7864458,,60.3859276717689,6.945
KEN,2013,-0.9346291,-7.847,0.214,-0.46040515653776,25.277644789086,1.81417037253291,3.7978483925754,1370.87885214659,1.26331129067221,136.24820703149317,,97.98,92.7611,39.756,22.4049681039862,7.149,2.66940200706872,-1.1667366,46.8802939,-0.7406402,,60.3988903080815,7.183
KEN,2014,-0.834178699999999,-9.325,0.181,1.85013876040702,27.916456980179,1.20220842439576,5.02011100232484,1482.81566253497,2.59218353342239,121.88517901052042,,93.17,95.5876,41.281,24.9507189987733,6.019,2.64310943602707,-1.26316649999999,49.7209476,-0.5508657,,60.4059303984054,7.253
KEN,2015,-0.9711807,-6.282,0.218,-2.18528610354224,31.3058278228131,0.883799936312692,4.96772112759767,1489.11959777284,2.65589352795405,111.18462156014614,,48.66,108.1696,45.832,22.1033982020293,8.007,2.70967011611946,-1.2308131,50.2964925,-0.6423593,72.5750860661828,60.4082523896868,7.299
KEN,2016,-0.900809099999999,-5.397,0.222,-6.56918676992218,28.5315668521598,0.627591266355583,4.21351706814744,1554.12610314423,1.93794795580835,119.36261924864752,,43.29,113.0665,50.399,19.3484358309332,6.35,2.65839831359762,-1.17914689999999,51.2815533,-0.612463299999999,74.4698594945796,60.4376479753784,7.333
KEN,2017,-0.8985955,-7.003,0.251,-1.01769659085555,33.4901470475528,1.64083690398642,3.83795817364721,1667.48447230835,1.60475183361922,119.70533874025382,,50.8,112.8101,53.866,20.6634949022773,4.496,2.31435620783369,-1.1322093,51.7319567,-0.5442175,,60.4497082887266,9.097
KEN,2018,-0.8341484,-5.411,0.232,6.77210127618369,34.6140434138868,0.832686217791619,5.64794640709219,1836.45275528993,3.52404781491717,120.1730401916504,,65.23,112.0038,56.449,19.3759862497025,5.711,1.36132463517161,-1.1196296,50.1415335,-0.5107269,,60.4179053081158,10.818
KEN,2019,-0.809611299999999,-5.241,0.207,-3.1576805283577,35.4042862038635,0.468168547481475,5.11415885767801,1960.40808854893,3.07004769448449,131.4715934540646,,56.99,115.7333,59.085,19.3418324204191,7.157,1.22718421158535,-1.07516719999999,49.4435078,-0.559008899999999,,60.4376558126849,12.547
KEN,2020,-0.7505394,-4.748,0.211,9.52115996745069,38.0454096339675,-0.0053684543935162,-0.272766327438816,1927.66459027849,-2.2103217118529,166.60730119735476,,39.16,117.774,67.965,19.6515841707054,5.617,1.26881196888613,-1.0502651,47.605713,-0.5784344,,63.0648966221714,13.619
KEN,2021,-0.710787899999999,-5.228,0.198,16.6057703305248,38.1042168095825,0.382593996518954,7.59048947333467,2061.35622089594,5.5651365159048,168.30067705253205,,68.14,113.1051,68.232,20.3912447822361,5.725,1.22792857770901,-1.11021939999999,48.1628795,-0.445618199999999,80.3774269704216,64.8848849716783,12.232
KEN,2022,-0.751285,-5.025,0.193,20.7531374390286,36.8769031537885,0.691645983068062,4.85998104287999,2109.56288513137,2.86281276489714,167.90513914799786,,94.9,120.698,67.8,19.0540638513609,9.064,,-0.962236,48.6976063,-0.4245656,83.7738192286218,64.564882355435,15.488
KEN,2023,-0.7594497,-3.97,0.186,11.7334329070596,40.4232521954815,0.472521238226254,5.71999241214208,1942.58802756191,3.64425548577437,180.44987982177733,4.087062146892655,77.58,120.2663,73.04,16.5707504717762,6.636,,-0.971652,48.5754393,-0.427558899999999,84.3083880306996,64.2693582037439,15.164
KEN,2024,-0.8018297,-3.71,0.203,7.50078052706147,34.992669732423,0.385110027210407,4.72473994710138,2132.43452097647,2.6946724258593,221.0156972208821,3.15,76.63,122.893,65.59,16.7771560971022,2.988,,-1.3556816,49.6019443,-0.464532,,63.9701600622944,15.477
KGZ,2010,-1.1425793,-6.615,0.282,,91.7410935375773,9.86092233978431,-0.471566596791618,876.954476440354,-1.88093371727501,119.99545832174232,,79.48,93.0541,59.699,27.4015935976563,19.226,9.80889830136341,-0.9344437,47.4095544,-1.1674615,87.7688035961973,34.8917141726324,6.734
KGZ,2011,-1.21088169999999,-7.734,0.286,15.7207250200894,99.1762629048855,11.0646449339785,5.95627429693504,1117.40174350185,4.43705345314649,153.18591263180687,,94.88,88.7767,50.056,25.4729638297404,5.708,10.2034319238732,-0.997080699999999,48.3133988,-0.995306199999999,87.5220892813577,35.8838879005957,7.085
KGZ,2012,-1.1598391,-15.451,0.283,-19.2210758159441,93.7846806920141,3.95036874399421,-0.0881501998439376,1168.62244675446,-1.95288116304553,161.96787185362544,,94.05,91.6361,50.478,34.961073696667,7.495,3.5809218517523,-0.8759479,46.9893202,-0.934599,87.2870662875623,34.9804739799448,7.548
KGZ,2013,-1.1747911,-13.853,0.371,12.3383260014578,98.5990223853721,8.34375023535304,10.9154694528045,1269.66303464348,8.51417444984632,136.24820703149317,,97.98,92.7611,47.125,33.8988355585277,3.97,5.71912349278664,-0.816344899999999,47.9693121,-0.946748399999999,87.7240351123141,39.4497505244087,7.654
KGZ,2014,-1.17187739999999,-17.0,0.355,-6.2212632053414,101.757857315114,4.59301012553734,4.02403863083252,1264.52668823891,1.75718622899099,121.88517901052042,,93.17,95.5876,53.597,36.7567270785188,10.475,4.07203515798825,-0.7066273,46.3233025,-0.819314099999999,89.4164090538588,39.8961257084516,8.129
KGZ,2015,-1.2076555,-15.852,0.439,-5.63341988662269,120.298263428398,17.1312307587207,3.87582544512439,1105.65193844261,1.56807607660568,111.18462156014614,,48.66,108.1696,67.087,34.6714692626578,3.352,4.25309870186703,-0.7293545,46.035769,-0.8379898,88.9591724149373,36.906275052589,8.508
KGZ,2016,-1.19001389999999,-11.625,0.327,-3.83622410855114,123.520841603547,9.08868385870298,4.33585592190116,1103.27489428412,2.04985149948004,119.36261924864752,,43.29,113.0665,59.073,33.9391792937351,-0.503,5.61349048423669,-0.5531495,48.7018205,-0.8007904,90.4864998184447,35.1209541308741,8.925
KGZ,2017,-1.1583682,-6.197,0.389,6.12191438462564,110.883039410088,-1.39184288798722,4.73993722377884,1221.39046807082,2.55837834194257,119.70533874025382,,50.8,112.8101,58.786,32.9020914624365,3.656,8.75574116357044,-0.2975366,50.2306373,-0.7135136,89.9187538995131,33.1980267068851,9.3
KGZ,2018,-1.0445924,-12.054,0.381,-2.71531015123371,101.791028770854,1.74369178553725,3.75791013557165,1283.5203037417,1.54586820248004,120.1730401916504,,65.23,112.0038,54.818,36.0166291525462,0.486,4.67048081477686,-0.323764,49.3391089,-0.692172999999999,91.1445853879787,33.0029969579374,9.559
KGZ,2019,-0.9826685,-11.452,0.407,16.24580338902,98.3979993938565,4.3096066288398,4.60062565707598,1421.99927504102,2.28120088774463,131.4715934540646,,56.99,115.7333,48.848,34.4462636342397,3.056,7.24320231053747,-0.206819199999999,48.2200351,-0.738449599999999,91.6686153595535,31.384617531956,12.821
KGZ,2020,-1.048438,4.516,0.488,-27.1714505995217,108.254915900414,-4.85484703138399,-7.14897757727955,1229.51766602907,-9.03157714073227,166.60730119735476,,39.16,117.774,63.643,25.0304913984711,9.722,6.52758010092793,-0.5068231,47.2196823,-0.729520899999999,92.1655305586517,32.3106470299395,11.862
KGZ,2021,-1.1583724,-7.984,0.464,16.3511542993897,105.027564630253,2.44569276771409,5.50700762671923,1349.99730650542,3.58776993335192,168.30067705253205,,68.14,113.1051,56.201,26.4936655518147,11.195,11.5065410174076,-0.3876484,46.7840457,-0.879262,92.5062000270634,30.8009936926706,11.649
KGZ,2022,-1.2024196,-41.922,0.131,59.1538307166888,82.1427748417892,0.451992680624909,8.96750520041391,1739.72018344174,7.03042869604123,167.90513914799786,,94.9,120.698,46.822,35.6406881799816,14.669,,-0.422477,46.5666966,-0.9265186,,30.6547650737201,10.914
KGZ,2023,-1.1965583,-44.921,0.444,-3.04216706054549,67.8468389010041,1.04737270916902,9.0132928339342,2138.22210211478,7.10119376613466,180.44987982177733,4.087062146892655,77.58,120.2663,41.95,34.4590059457311,7.275,,-0.509667299999999,46.4365303,-0.973899499999999,91.2655243671618,29.9347601469245,8.451
KGZ,2024,-1.1364649,-31.149,0.656,22.8833635036068,69.2449937236268,4.03548948093475,9.04013556120012,2420.18542283831,7.19632406056586,221.0156972208821,3.15,76.63,122.893,36.645,29.7809636564477,6.333,,-0.5045251,46.712967,-0.936093699999999,91.339996215143,29.4902557564957,8.42
KHM,2010,-1.19379,-7.125,0.333,19.9833887273962,29.9079298562711,10.169807189939,5.07691843229247,952.274616324008,3.45435117133705,119.99545832174232,,79.48,93.0541,23.402,22.317490039603,3.143,2.69595952988072,-0.3874276,48.3651274,-1.233226,,57.003354482368,0.964
KHM,2011,-1.3007746,-6.427,0.331,19.1180870324018,30.0346821119454,9.59845134883877,7.28665813879552,1088.98152823081,5.66993084409259,153.18591263180687,,94.88,88.7767,23.795,22.3677149230901,4.908,3.05094914293833,-0.3236001,44.4445494,-1.1516075,,56.6315771694773,0.598
KHM,2012,-1.1374421,-6.799,0.3,14.8187951009155,39.3601562466476,11.1524912445112,7.65025657870362,1192.80263041673,6.04756982656951,161.96787185362544,,94.05,91.6361,24.861,24.6712332656387,2.541,2.30628839011523,-0.377158799999999,46.7162238,-1.0805729,,56.2800241776482,0.678
KHM,2013,-1.1373777,-6.506,0.323,14.6470306416617,40.1421051269754,10.4430587644193,7.8574997554252,1305.6600972686,6.25691498312409,136.24820703149317,,97.98,92.7611,24.397,26.8520095001976,5.205,1.91421458050803,-0.3707293,47.1168211,-1.15471679999999,,55.9055748887973,0.757
KHM,2014,-1.2606479,-6.484,0.325,11.0573051807198,39.412843059426,8.40902020300656,8.00032074618566,1431.56396469993,6.41109251902618,121.88517901052042,,93.17,95.5876,24.174,30.0126716073678,0.966,2.54882052672262,-0.2628078,45.207924,-1.1952691,,55.5505649063301,1.056
KHM,2015,-1.27990079999999,-6.525,0.311,8.62482697495832,40.7230142466134,7.54029662001984,7.20703472529512,1547.32010444393,5.652931676093,111.18462156014614,,48.66,108.1696,23.264,29.8714938168298,2.757,1.81768657277543,-0.1585169,44.8845957,-1.2627563,,55.1735387706775,0.744
KHM,2016,-1.3323199,-6.391,0.289,8.70586418490906,39.453958463476,9.32318507305764,7.90550116130704,1675.19555711109,6.34300627617029,119.36261924864752,,43.29,113.0665,21.79,30.3850325759008,3.786,1.84795765204296,-0.0778582999999999,45.916045,-1.2323005,,54.7909197696648,1.137
KHM,2017,-1.33048529999999,-5.975,0.289,6.88352792108134,40.5247372404151,9.49760203098743,8.07503915535979,1826.35391688754,6.59196495590379,119.70533874025382,,50.8,112.8101,22.641,30.6334526919382,2.167,1.93735308627642,-0.153852799999999,45.336909,-1.18795879999999,48.9424458707368,54.4251241530486,0.382
KHM,2018,-1.4286146,-8.725,0.287,6.8929419329597,42.5790223236554,9.69240300027112,8.77622376224463,2036.67377566578,7.43177030242717,120.1730401916504,,65.23,112.0038,21.089,30.7394192448512,1.595,0.878243793336486,-0.1054427,45.5449009,-1.2191229,50.199099715459,54.0217305096052,0.38
KHM,2019,-1.33890439999999,-7.993,0.259,12.3444528821985,43.8420604692945,9.98500044202808,7.93695013588524,2225.87705485686,6.58272364852731,131.4715934540646,,56.99,115.7333,20.835,31.3945541935104,2.908,0.714485690319546,-0.1935314,44.6235266,-1.1306816,49.7344518908574,53.6343183294795,0.378
KHM,2020,-1.1175106,-2.493,0.239,-12.2130815606546,52.1880996073284,10.410239809326,-3.55572193406549,2081.73914242939,-4.96368199399319,166.60730119735476,,39.16,117.774,25.227,31.351227539335,2.876,0.939357675669705,-0.2401873,43.8788806,-1.1462953,51.8196983337402,53.7591195524134,0.474
KHM,2021,-1.0917539,-29.584,0.212,6.1422568614574,56.7989386581107,9.4684591111041,3.08984284148661,2167.40324198499,1.57862051550094,168.30067705253205,,68.14,113.1051,25.942,30.3788112661952,4.167,0.835283715830679,-0.1486895,44.0035363,-1.14770479999999,54.2809323078227,53.347560114545,0.83
KHM,2022,-1.1129555,-19.008,0.207,21.3394679976063,58.4582111650594,8.94830125779534,5.12990110773977,2325.03050040841,3.74000920039251,167.90513914799786,,94.9,120.698,25.043,34.5945264318735,2.405,,-0.0739156,43.9068717,-1.1151898,55.1346812645406,53.0609368327681,0.687
KHM,2023,-1.1216382,1.281,0.191,-0.367779562977617,54.4507094975883,9.35096701989758,5.00733043811898,2429.74853452838,3.66847775428445,180.44987982177733,4.087062146892655,77.58,120.2663,25.732,33.2944796211269,2.718,,0.1346422,44.197569,-1.099508,56.7864734981041,52.8614074933367,0.703
KHM,2024,-1.2328592,-1.693,0.195,14.4415893114104,46.1114046291379,9.48089832015712,5.97510939607335,2627.87969756224,4.68384949204055,221.0156972208821,3.15,76.63,122.893,26.622,32.1861316004857,3.05,,0.1284232,44.9051569,-1.0562612,58.7893230437643,52.5935263291712,0.704
KIR,2010,0.0684729,0.117,0.629,-20.801300856819,,-3.99041060819927,1.2259519892488,1522.10068744154,-0.857158610176697,119.99545832174232,,79.48,93.0541,9.43,15.9162980407214,-1.923,0.0626677431300746,1.5510465,36.3912031,0.3552405,,,
KIR,2011,0.2356682,-8.823,0.782,5.32235001114512,,-0.177954446979993,3.26372719532225,1771.12926848792,1.45038004681834,153.18591263180687,,94.88,88.7767,8.802,19.4615117555565,-0.828,0.0736138842102225,1.5457577,36.4169862,0.3589525,,,
KIR,2012,0.145384,1.748,0.819,18.4794939782685,,-1.15262125678328,5.80365974645258,1843.55336349889,4.26113729441184,161.96787185362544,,94.05,91.6361,8.135,27.7264974164279,-3.83,0.0589178981070894,1.5451994,36.2540879,0.3571933,,,
KIR,2013,0.1455969,-5.007,0.902,-8.5040530310156,,0.415473344082877,7.73092188699647,1772.08718317132,6.26028947416073,136.24820703149317,,97.98,92.7611,8.86,31.3770647490551,0.832,0.0557002717308784,1.5434936,36.244961,0.3746723,,,
KIR,2014,0.2820761,27.943,0.802,9.03573985390638,,1.31418451065811,1.26366268044595,1736.70535682101,-0.0428972459236832,121.88517901052042,,93.17,95.5876,8.975,28.6593494162683,3.116,0.0889050775265575,1.281381,44.3432133,0.3242202,,,
KIR,2015,0.2843015,29.311,0.929,35.1881262969005,,-0.427973964466896,11.2653312371772,1639.85274740652,9.84707092632536,111.18462156014614,,48.66,108.1696,18.795,37.7690621840532,0.542,0.0732783582600832,0.9559309,44.401331,0.3256281,,,
KIR,2016,0.2512942,9.302,0.88,20.1339592695574,,0.875179449056022,7.08802960050427,1742.66799324117,5.58490333887225,119.36261924864752,,43.29,113.0665,21.231,29.9666237865772,0.839,0.0826063804854857,0.951395,44.1608704,0.3258601,,,
KIR,2017,0.2500111,31.618,0.84,-24.5203482149974,,0.352123235920718,3.74913001948165,1853.05122713319,2.19903908915526,119.70533874025382,,50.8,112.8101,20.159,27.0208391705472,2.499,0.0929519614955758,0.9519508,44.1752493,0.3831903,,,
KIR,2018,0.2521934,32.64,0.882,-16.3390612669863,,-0.490061067482829,3.47943880004293,1912.73809378187,1.94611498374204,120.1730401916504,,65.23,112.0038,18.983,18.9694356249226,-1.134,0.0420866204186192,0.95586,44.1811604,0.2855611,,,
KIR,2019,0.3505035,39.996,0.841,72.8508332152316,,-0.257289445431518,3.26425930432951,1750.9977188915,1.73347401094057,131.4715934540646,,56.99,115.7333,18.959,15.9071844882885,-0.906,0.0427412418710569,1.0992501,46.8991928,0.5835214,,,
KIR,2020,0.3514103,32.163,0.646,-33.6215418255278,,1.18792048651839,-1.46805538131593,1751.78249168214,-3.16991324997066,166.60730119735476,,39.16,117.774,20.978,14.6977990367426,2.769,0.0569939081063946,1.1749608,46.1996341,1.1590995,,,
KIR,2021,0.3344081,7.094,0.779,-62.2890370783735,,0.36155661211342,8.47973787138213,2222.04819501897,6.55480705923502,168.30067705253205,,68.14,113.1051,17.347,17.7759009396976,2.534,0.043500143330191,1.1647191,46.1870422,1.0695661,87.142166928373,,
KIR,2022,0.3338154,-12.021,0.824,106.050278514259,,1.58130645815643,4.56632593100372,2069.7671726925,2.88966132985202,167.90513914799786,,94.9,120.698,16.316,20.1578427026361,16.207,,1.2429196,46.444886,0.7720439,88.6853008111105,,
KIR,2023,0.3317797,-1.772,0.802,-18.815505947538,,1.77076659064425,2.65201087489879,2177.70125812262,1.05564933854352,180.44987982177733,4.087062146892655,77.58,120.2663,11.416,25.8459739509243,-2.109,,1.2433279,45.4038713,0.73465,94.7441990494828,,
KIR,2024,0.3745658,-2.025,0.809,,,2.62220169231084,5.26689747917099,2288.63471423684,3.71119049431697,221.0156972208821,3.15,76.63,122.893,9.916,,2.916,,1.2381638,46.9544291,0.78601,90.2786712646484,,
KNA,2010,1.3318853,,0.343,,,15.7969193594166,-0.0541942065330545,16622.9457908577,0.0951505914335229,119.99545832174232,,79.48,93.0541,134.901,,4.291,0.0,1.0581227,75.1502389,0.9578966,109.923469543457,,
KNA,2011,1.3295291,,0.316,,,10.5862643242429,1.61660730423688,17832.4572919975,1.52991480984264,153.18591263180687,,94.88,88.7767,127.074,,2.037,0.0,0.9304755,75.1671664,0.9662649,109.116302490234,,
KNA,2012,1.3246331,,0.332,,,13.793834368349,-0.737636737448398,17532.0559008608,-1.04787778946711,161.96787185362544,,94.05,91.6361,121.359,,0.506,0.0,0.9299172,74.9822008,0.9630767,92.2169189453125,,
KNA,2013,1.3250051,,0.314,,,16.4870548666494,5.72728087234704,18580.1301949935,5.64641698929439,136.24820703149317,,97.98,92.7611,91.499,,0.613,0.0,0.9282114,74.9547853,1.0227841,121.377906799316,,
KNA,2014,-0.0834636,0.697,0.309,,,16.4538142918271,7.57696602328922,20219.3954237956,7.53127511202617,121.88517901052042,,93.17,95.5876,69.336,,-0.546,0.0,0.6712051,57.1544045,0.1616381,113.12451171875,,
KNA,2015,0.429142,-8.108,0.332,,,13.4009221512864,0.694135527876625,20328.8003530109,0.69841246781877,111.18462156014614,,48.66,108.1696,62.191,,-2.396,0.0,0.663933,63.6710041,0.8033892,115.485420227051,,
KNA,2016,0.4304457,-12.075,0.309,,,12.0592980087624,3.93270319273282,21387.5415511103,3.95919692482656,119.36261924864752,,43.29,113.0665,57.366,,0.028,0.0,0.6608669,63.6918334,0.8055131,116.914031982422,,
KNA,2017,0.4660328,-10.24,0.288,,,4.54372053093376,0.220941147299996,22464.9899633959,0.274193507101955,119.70533874025382,,50.8,112.8101,53.33,,0.756,0.0,0.6612426,62.5606173,0.8522822,119.603784742756,,
KNA,2018,0.4031973,-5.847,0.289,,,3.72038789959679,2.00352549800972,22901.3816403197,2.09466207201663,120.1730401916504,,65.23,112.0038,53.911,,-0.749,0.0,0.6638851,62.5007726,0.7421991,116.923551171393,,
KNA,2019,0.324202,-4.788,0.272,,,5.63784923158187,2.93824658056356,23595.4923231291,3.06102179372833,131.4715934540646,,56.99,115.7333,54.281,,-0.837,0.0,0.6646782,62.401941,0.633226,118.920614998431,,
KNA,2020,0.3247512,-10.838,0.291,,,0.321150763222841,-15.3018891740649,18859.0190361046,-15.1537081395497,166.60730119735476,,39.16,117.774,67.963,,-1.179,0.0,0.9164728,62.3601136,0.6337014,111.195206559445,,
KNA,2021,0.352033,-3.353,0.29,,,2.23512681815828,0.367606879216311,18361.1449697886,0.597261391032816,168.30067705253205,,68.14,113.1051,69.092,,1.931,0.0,0.9147636,62.5899363,0.5899268,123.94677734375,,
KNA,2022,0.3109783,-11.38,0.257,,,4.1869384420309,10.4804941546807,21011.5744209816,10.6082200037537,167.90513914799786,,94.9,120.698,60.2,,3.855,,0.9177056,63.2881529,0.571593,119.88360814743,,
KNA,2023,0.3519798,-11.593,0.528,,,2.82603990513145,3.02127526129283,22576.9248439166,2.91331421745427,180.44987982177733,4.087062146892655,77.58,120.2663,55.929,,1.589,,0.918184,62.6831675,0.5632841,137.513208876365,,
KNA,2024,0.3480989,-15.098,0.316,,,3.74957950139418,0.312226855858171,23960.6534357084,0.130203089601792,221.0156972208821,3.15,76.63,122.893,52.191,,1.041,,0.9121334,62.4326905,0.5904494,,,
KOR,2010,0.4243376,2.343,0.154,13.0714789035734,,0.796207328344812,6.98166138853071,24071.2620526362,6.44997750684229,119.99545832174232,,79.48,93.0541,28.275,32.7792421992313,3.034,0.0746400306743559,0.5807388,67.51989,0.9000647,97.2930603027344,21.2438611318192,8.54
KOR,2011,0.582102,1.273,0.152,15.5563434967986,,0.747683727442323,3.6880320602952,26175.2398553363,2.89375816160189,153.18591263180687,,94.88,88.7767,31.7,33.2613430738444,4.158,0.0914175988735794,0.5406915,69.5499605,0.9101943,97.5294189453125,20.8616078825624,8.298
KOR,2012,0.5254345,3.654,0.147,6.03604960637362,,0.711120351080011,2.54766550568242,26600.5477433903,2.00997301929048,161.96787185362544,,94.05,91.6361,33.536,31.2149587741292,1.426,0.100818097512262,0.4992315,69.5122447,1.0189309,97.3674163818359,20.764974606777,7.738
KOR,2013,0.584669,5.385,0.148,3.98284994643797,,0.889863368558993,3.2913959543442,28449.3591104972,2.82226288554209,136.24820703149317,,97.98,92.7611,36.004,29.8990183063853,1.143,0.0723717153476114,0.5061279,70.9195396,0.9929714,97.8287506103516,20.3675133447186,8.943
KOR,2014,0.5041579,5.335,0.148,2.11141466591884,,0.595893048504325,3.21468019683108,30667.0912467447,2.5683693516693,121.88517901052042,,93.17,95.5876,37.876,29.7893883422049,0.833,0.0640735784174601,0.5969209,70.5357957,1.0706201,98.5806732177734,19.8406926363261,8.594
KOR,2015,0.3449721,6.829,0.148,-0.0042644666023221,,0.266636382581676,2.92029267301234,30171.7906545222,2.37903405951899,111.18462156014614,,48.66,108.1696,38.843,29.3122032932439,1.132,0.0367480142308671,0.667684,70.5731613,1.0105606,98.5931930541992,19.7124816263033,9.899
KOR,2016,0.3532288,6.202,0.144,2.45130191909182,,0.766507046338007,3.17152748983935,30832.0628072516,2.76290075939411,119.36261924864752,,43.29,113.0665,39.144,29.9823963274728,1.338,0.0331101931364819,0.5156398,70.2540535,1.0280786,98.7179565429688,19.5126643893658,10.145
KOR,2017,0.427734,4.399,0.178,2.49116104875502,,1.04741749331971,3.433191763972,33296.9845439195,3.14298545917306,119.70533874025382,,50.8,112.8101,38.011,31.9652912711332,1.407,0.0386022741681957,0.6254761,69.9923819,1.011855,99.105583190918,19.3896373849128,9.781
KOR,2018,0.5413024,4.246,0.198,3.79724008434626,,0.66781363782051,3.17611568177327,35363.9508228687,2.72979572830845,120.1730401916504,,65.23,112.0038,37.854,31.2486531343572,1.32,0.0471215171527114,0.8705137,69.9547702,1.1100736,99.3186569213867,18.9655592570695,10.12
KOR,2019,0.6133176,3.408,0.172,-0.167012692385953,,0.550202642546341,2.31380210595475,33826.9443301597,1.95849636720857,131.4715934540646,,56.99,115.7333,39.73,31.1955884616555,0.738,0.121453005220381,0.8544821,69.246572,1.1105361,98.3813018798828,18.9689051686772,9.827
KOR,2020,0.7558651,4.351,0.185,-1.66417127000533,,0.502554290313687,-0.700242317542106,33645.7719545073,-0.837051834035137,166.60730119735476,,39.16,117.774,45.915,31.5248657192138,0.613,0.113270922936166,0.8679972,69.1882871,1.1479729,97.0888214111328,19.3280514310827,10.143
KOR,2021,0.7614152,4.388,0.191,10.790924272145,,1.13577953855347,4.61296795454287,37518.4635305697,4.747751556973,168.30067705253205,,68.14,113.1051,47.988,32.4929253527445,3.698,0.049812574781783,0.9005342,70.4449476,1.1681575,98.0692291259766,19.1130541438887,8.055
KOR,2022,0.8217095,1.435,0.192,3.91615644763415,,1.39186469730544,2.72756456708991,34822.4048404971,2.92034561376229,167.90513914799786,,94.9,120.698,49.798,33.3254869272348,5.017,,0.855673,70.9067427,1.1662138,97.8181304931641,18.5907853606545,6.638
KOR,2023,0.8788564,1.785,0.171,3.41135879473531,,1.00819007911736,1.58301467403629,35674.095995632,1.50434142529414,180.44987982177733,4.087062146892655,77.58,120.2663,50.697,31.8912200894147,3.176,,0.932168,70.6287777,1.1844569,96.2983932495117,18.1874620593958,5.405
KOR,2024,0.8495586,5.297,0.2,6.8334636674342,,0.685857996519477,2.00361101838986,36238.639908315,1.92783227201599,221.0156972208821,3.15,76.63,122.893,52.488,29.9738499299961,1.934,,0.6393495,70.8498709,1.1174546,96.2539901733398,17.8505357530481,6.434
KWT,2010,0.1131822,32.044,0.63,,,1.13036730425536,-2.37054804425912,39212.252220155,-7.27588260300011,119.99545832174232,,79.48,93.0541,6.161,17.6584741694241,,48.8263605663801,0.576776,61.9364018,0.3381151,99.4166345928894,0.962369973428855,8.584
KWT,2011,-0.0793826,42.937,0.629,14.2620371797778,,2.11573865053541,9.62863419534361,49169.6063813095,2.99936488052495,153.18591263180687,,94.88,88.7767,4.641,13.5481349757935,,59.0696960166924,0.326635,59.3690826,0.3070359,98.1417694091797,0.721842039081634,10.297
KWT,2012,-0.1357484,45.458,0.644,7.68718196826654,,1.65046109668041,6.62587485078971,52155.2225833921,0.0983286715542846,161.96787185362544,,94.05,91.6361,3.602,12.8349439592807,,58.1449073185752,0.0971713999999999,57.2397468,0.3272807,98.6952312050305,0.589700862755826,11.994
KWT,2013,-0.123960599999999,40.302,0.658,-2.9973542341466,,0.823130244872496,1.14946552780648,49651.0439275077,-3.77371634598551,136.24820703149317,,97.98,92.7611,3.092,14.3514402143401,2.605,56.3426547447197,0.1094954,56.7460541,0.2919927,95.5615386962891,0.562162798186077,13.635
KWT,2014,-0.2717863,33.438,0.651,0.363671768204028,,0.298681408941651,0.500914669444924,44368.7813457751,-3.83157244878866,121.88517901052042,,93.17,95.5876,3.429,16.2902579989347,3.027,53.9714223132032,0.0855674,53.8367206,0.0157648,93.0660018920898,0.595639722872997,15.464
KWT,2015,-0.241923499999999,3.501,0.609,-0.867932693921773,,0.248414926379679,0.592770817217982,29882.2126495698,-3.83270102171981,111.18462156014614,,48.66,108.1696,4.604,25.4281227135199,3.223,37.3135995019662,-0.1466244,54.4608698,7.06e-05,95.3934020996094,0.595306298647134,16.18
KWT,2016,-0.338747099999999,-4.626,0.605,2.46125029127691,,0.266918369047007,2.92607584256388,27323.6890735517,-1.43152053599024,119.36261924864752,,43.29,113.0665,9.884,29.9591125059994,2.388,32.3641255908565,-0.0213093,54.0923611,-0.0688786,,1.14905616602664,15.143
KWT,2017,-0.3931383,7.962,0.626,-4.75472038132413,,0.0936402094114043,-4.71222270495362,29047.6536135703,-8.16879129164303,119.70533874025382,,50.8,112.8101,19.619,27.730838747062,1.166,36.7579336114171,0.0018547,54.3801596,-0.0541277,,1.21925097180796,15.255
KWT,2018,-0.2747578,14.344,0.666,-0.321929082258507,,-0.0154187787915342,2.74333045031415,32067.9623756889,-1.26570110779524,120.1730401916504,,65.23,112.0038,14.262,25.5469562847273,0.443,45.1522896110691,0.2360921,55.1557034,-0.0177652,,1.32173232965099,15.224
KWT,2019,-0.1345999,12.678,0.608,-8.4963668103579,,0.366059041832984,2.26381706595791,31707.8737443551,-0.471027490632153,131.4715934540646,,56.99,115.7333,10.517,23.0019978533703,1.412,39.8386703389064,0.2460837,56.5339237,0.0662246,,1.53157544343525,15.223
KWT,2020,-0.1551226,4.364,0.646,-2.88976472799068,,-0.502546857177858,-4.81731593381585,25236.0755848941,-3.90774915473197,166.60730119735476,,39.16,117.774,10.23,18.6506487501557,2.959,29.2848672951013,0.1554026,57.0016031,0.146885,,2.12463046922691,19.059
KWT,2021,-0.0606404,25.18,0.649,-3.18391434174956,,-0.183575378772919,1.67213054307859,34018.6342592913,2.59077518987651,168.30067705253205,,68.14,113.1051,7.192,14.4676047488909,4.311,,0.1542148,57.4519876,0.1194986,,2.05834426577761,17.755
KWT,2022,0.0771437,34.313,0.648,15.2856100009125,,0.409943823254394,6.75866711966617,39981.7691035833,1.43711284054184,167.90513914799786,,94.9,120.698,2.944,16.549312161773,3.16,,0.1041664,58.7492469,0.2236666,,1.92644210721402,15.19
KWT,2023,0.1660086,31.403,0.571,2.38876378703752,,1.27859898143139,-1.6672059801285,34075.849012909,-7.01146413379739,180.44987982177733,4.087062146892655,77.58,120.2663,3.166,17.7221661206743,3.456,,0.2906988,59.9489567,0.1910577,,2.16885021564415,15.091
KWT,2024,0.2183455,29.463,0.297,,,0.383567812220823,-2.56011099967517,32717.7186631255,-3.43244663969313,221.0156972208821,3.15,76.63,122.893,3.036,,2.786,,0.2939367,61.2267699,0.2308269,,2.33989460920506,15.145
LAO,2010,-1.1900658,-16.482,,15.7070000023315,95.0325837576076,3.90935018167503,8.52690551739717,1125.91610151261,6.94116593325336,119.99545832174232,,79.48,93.0541,49.315,27.4624877401915,5.758,14.8104375708519,-0.2200354,39.9046119,-0.946446799999999,47.3594398498535,82.3803129414813,1.578
LAO,2011,-1.1502894,-15.264,,22.4240000003858,84.2580581799268,3.43702755895922,8.03865268023725,1361.54704394913,6.48536557882839,153.18591263180687,,94.88,88.7767,43.005,28.0678025249814,7.696,15.2722808030825,-0.072408,40.2369962,-0.957751799999999,46.3030907447649,81.8062795070503,2.022
LAO,2012,-1.14478789999999,-7.337,,6.71099999958371,75.2648139935419,6.06067602678934,8.02609843461283,1563.5650771337,6.49513527103458,161.96787185362544,,94.05,91.6361,46.103,32.504255276611,4.733,12.1203041098296,-0.0728091,41.499112,-0.8974981,49.0350189208984,81.2324442154023,2.468
LAO,2013,-1.076746,-7.834,,19.3620000000884,70.3766803245105,5.68624628337024,8.02630022699017,1812.51774424651,6.51642199042166,136.24820703149317,,97.98,92.7611,49.493,30.6473220372757,6.65,12.5380892460783,-0.0505462999999999,42.1066886,-0.8536497,52.6759359354755,80.8366103077468,2.937
LAO,2014,-1.02596969999999,-14.507,,7.03399999750505,74.2873303911514,6.53385086120159,7.61196343979319,1981.03910900473,6.13842534644749,121.88517901052042,,93.17,95.5876,53.534,29.8013514004447,2.399,8.12984913076319,0.3772453,43.1023069,-0.779778,58.0247383117676,80.4325885617527,3.414
LAO,2015,-0.9998267,-15.727,,6.6520000024298,83.3437474242682,7.47075777292731,7.27006584373785,2121.01339097363,5.71702901311374,111.18462156014614,,48.66,108.1696,53.052,31.556651604237,0.897,5.52476230566431,0.4046383,43.8329116,-0.7713994,62.2967936554274,79.9914931027485,3.899
LAO,2016,-0.947724799999999,-8.708,,10.4579999987358,88.8346384248363,5.87774436155716,7.02283625501138,2303.22156035363,5.36288912313843,119.36261924864752,,43.29,113.0665,54.474,29.0076540961796,2.487,4.35259193269181,0.3452009,44.3694664,-0.7516558,64.7630026961054,79.4815493339898,4.836
LAO,2017,-1.00885769999999,-7.387,,,93.2218114749206,9.87799160512334,6.8925308726989,2432.43059478511,5.2271106715724,119.70533874025382,,50.8,112.8101,57.198,,0.148,4.97088233452954,0.2776591,44.0489139,-0.822191799999999,66.0411073482017,78.9678261860315,5.779
LAO,2018,-1.1101203,-9.095,,,91.9320039908858,7.4856486219066,6.24796000755872,2545.1075420815,4.60986171989208,120.1730401916504,,65.23,112.0038,60.588,,1.485,3.8787583779558,0.2651475,42.3607158,-0.8579945,66.1528570578416,78.5131930524803,5.128
LAO,2019,-1.1050142,-7.03,,,107.830507207668,4.03149139231071,5.4577350924848,2589.32081035237,3.86091278109465,131.4715934540646,,56.99,115.7333,69.129,,6.284,3.10453941803438,0.3582008,43.4969157,-0.944245599999999,64.986385458831,78.1073781518287,4.472
LAO,2020,-1.0608703,-1.645,,,114.458438862839,5.09807193491087,0.503031829018681,2583.77730696131,-0.986715601107164,166.60730119735476,,39.16,117.774,75.972,,3.226,2.81746694955522,0.5456553,42.6288804,-0.875201399999999,62.4493058083911,77.8490784865733,4.237
LAO,2021,-1.0773186,2.329,,,105.390103058838,5.69344695957329,2.52835100486102,2526.05105018529,1.06109059992194,168.30067705253205,,68.14,113.1051,92.858,,5.268,5.38276112647354,0.583086,43.1593285,-0.7575675,59.8530595325837,77.3729365768897,3.326
LAO,2022,-0.9974286,-3.034,,,129.23155614525,4.69509225789707,2.70742652643155,2046.40440255621,1.2697005231296,167.90513914799786,,94.9,120.698,130.728,,39.266,,0.7033051,41.9482001,-0.8397916,56.8782044614964,77.1092946471943,2.184
LAO,2023,-0.9646387,2.701,,,122.953016783805,11.2425630959408,3.74568140158232,2066.94979776957,2.31116087572821,180.44987982177733,4.087062146892655,77.58,120.2663,115.601,,24.369,,0.7378068,42.7186671,-0.8447129,54.4330611689851,76.9069957462894,2.176
LAO,2024,-0.979896099999999,3.347,,,115.404417712173,5.98958863567394,4.13019264436937,2123.97909415109,2.725327025989,221.0156972208821,3.15,76.63,122.893,96.446,,16.877,,0.5576599,44.8317236,-0.742416699999999,51.8523602531839,76.6380615308234,2.178
LBN,2010,-0.9593813,-18.146,0.109,9.86471105204095,126.083961601732,11.1327936305686,7.97513555844932,7625.81051551165,6.92562408092621,119.99545832174232,,79.48,93.0541,136.829,24.9372585130013,4.568,0.0018807991655535,-1.43369559999999,55.053645,-0.6539495,70.562435785543,20.5157567584326,16.079
LBN,2011,-0.8636085,-13.834,0.135,2.60592868914824,125.151296416081,7.85693989450406,0.86733987855277,7834.96257108993,-0.215990101752055,153.18591263180687,,94.88,88.7767,134.386,26.8463657489038,3.119,0.0019349819850085,-1.4563703,50.4381545,-0.4793095,73.8286148513332,20.3343688825391,17.134
LBN,2012,-0.938608999999999,-23.438,0.186,-14.914913538806,127.212482591364,7.06847166156729,2.56479133680038,8406.98405608118,-0.172272058447192,161.96787185362544,,94.05,91.6361,131.051,24.7872978801239,10.081,0.001904777259377,-1.5792359,49.1526166,-0.5196035,72.2122774625477,20.2387828708149,18.192
LBN,2013,-0.970074999999999,-25.511,0.111,3.38754830927486,133.127238280872,5.67636791033718,3.8278734986016,8162.37929361396,-5.35004515636365,136.24820703149317,,97.98,92.7611,135.403,27.6124294369186,1.12,0.0015553293883068,-1.6105378,50.3070136,-0.6166728,71.2231189680025,20.2205943588872,19.112
LBN,2014,-1.1059903,-26.23,0.09,-7.05963344822764,135.672761134402,5.95175528625723,2.48406010500743,7577.6413302369,-7.26145145442744,121.88517901052042,,93.17,95.5876,138.401,24.9671951418081,-0.7,0.0022937612324339,-1.49478389999999,47.8945903,-0.6947778,59.2622758017054,20.2943851526622,19.772
LBN,2015,-1.0047914,-17.108,0.096,9.92328210940869,138.063603594415,4.32469174487594,0.462320792597581,7714.1099998804,-1.48529943559267,111.18462156014614,,48.66,108.1696,140.841,22.2227792570986,-3.424,0.0022882837514628,-1.3952938,49.1455683,-0.8084504,58.1075064918095,20.4292245062864,20.591
LBN,2016,-1.069034,-20.477,0.123,-1.42303373248494,138.137224788322,5.02174040562454,1.55454940856943,8089.012088155,3.95420458700914,119.36261924864752,,43.29,113.0665,146.403,23.1425713718061,3.128,0.0013728364357897,-1.3333648,48.306893,-0.8515653,59.4640916311345,20.5304636355844,21.37
LBN,2017,-1.0714014,-22.881,0.119,3.92332267520659,140.460273460979,4.756779140202,0.903028464073813,8608.21084982387,3.57185811074811,119.70533874025382,,50.8,112.8101,149.979,21.787935227326,5.056,0.0019955562575097,-1.3393518,49.2262754,-0.821323599999999,63.1400703776303,20.5514882740481,22.039
LBN,2018,-1.2208803,-24.348,0.118,-4.6857088305039,148.119523422157,4.84140308956364,-1.88470575631651,9174.53666204759,1.00112836973221,120.1730401916504,,65.23,112.0038,155.081,22.4871034019622,3.946,0.0010675072128695,-1.2146005,47.442952,-0.7717368,64.2435656996928,20.5103592437456,22.668
LBN,2019,-1.2286796,-21.752,0.214,-0.907659375494234,146.775884819801,3.69413245000342,-6.91492472851026,8905.88005497437,-3.87037166908469,131.4715934540646,,56.99,115.7333,172.1,12.3224742609761,6.944,0.0013134050460189,-1.3398887,46.0123721,-0.8604448,65.2767643910733,20.3169002811764,23.28
LBN,2020,-1.23052269999999,-11.125,0.236,-53.7436260462892,224.448215097537,5.06712986613403,-21.3998996914321,5561.19166950397,-20.1290983815185,166.60730119735476,,39.16,117.774,148.709,8.09817736631194,145.887,0.0022371878422748,-1.3492491,43.5775187,-0.918424399999999,65.89697761206,20.121702438661,26.576
LBN,2021,-1.2586741,-23.034,0.149,13.0836594164967,315.096531734783,2.5929006838647,-7.00123862514116,4045.37391066234,-7.25697163046323,168.30067705253205,,68.14,113.1051,360.851,5.35948434334897,224.437,0.0027640383924288,-1.3231817,41.902832,-1.0028379,67.5143617766569,19.3154853281372,25.203
LBN,2022,-1.21762979999999,-29.355,0.134,0.299990552060507,332.863673499917,2.50966160641735,-0.621678970663112,3654.35845534878,-1.07782192621244,167.90513914799786,,94.9,120.698,246.473,1.22517144706489,121.999,,-1.34257539999999,39.9852449,-1.0323318,64.5017084327233,19.4660658327121,22.9
LBN,2023,-1.2554109,-23.903,0.12,-1.12999339148837,331.649550570327,3.26435467389127,-0.760584470257314,3477.72489842684,-1.25912842069158,180.44987982177733,4.087062146892655,77.58,120.2663,192.083,1.89754409912655,192.256,,-1.2764099,40.4704085,-1.0665045,62.8279212477627,19.3941428386248,22.744
LBN,2024,-1.3041344,-18.206,0.131,,,,,,,221.0156972208821,3.15,76.63,122.893,164.127,,18.116,,-1.3896806,39.7399015,-1.0853525,63.7923011779785,,
LBR,2010,-0.412423,1.069,0.453,,23.0315492154157,103.337387099033,6.09982524004147,492.252808033724,3.07117998186455,119.99545832174232,,79.48,93.0541,25.397,,6.618,18.3646624868945,-0.393152599999999,38.1813082,-0.894351399999999,,78.4788827868288,3.151
LBR,2011,-0.5668276,-2.478,0.42,,19.7309626197103,86.9894467611897,8.20076822497064,568.087865520004,4.04086635073222,153.18591263180687,,94.88,88.7767,22.519,,11.449,23.2729658968842,-0.473186999999999,36.2952261,-0.897125899999999,43.64794921875,78.2650683856638,2.768
LBR,2012,-0.4732171,-20.875,0.391,,19.257770781185,82.7471577822006,7.99381444555367,638.368751462083,4.24345556941776,161.96787185362544,,94.05,91.6361,20.504,,7.709,26.7116015359801,-0.3877254,38.151005,-0.8335786,,78.0126477738854,2.366
LBR,2013,-0.664203,-8.813,0.42,,18.4677287994045,62.9068538615833,8.68728781639683,710.744570927863,6.3241100027268,136.24820703149317,,97.98,92.7611,20.612,,8.494,28.3711783328734,-0.364639999999999,38.2649236,-0.848839799999999,,77.7646450659639,1.954
LBR,2014,-0.7936808,-34.313,0.54,,23.5656809979216,15.558740639735,0.701393100287518,706.714490064507,-1.37370786861489,121.88517901052042,,93.17,95.5876,24.332,,7.661,26.1806367790867,-0.510413,41.8272159,-0.7733006,36.7695617675781,77.5488319890524,1.554
LBR,2015,-0.734354699999999,-28.498,0.649,,28.4136467346258,7.21023781604438,-0.0185649695590939,692.590082351257,-2.06002320038729,111.18462156014614,,48.66,108.1696,24.771,,8.039,19.4462580281234,-0.5851773,42.4035793,-0.7924952,36.3728485107422,77.457249033694,1.923
LBR,2016,-0.8475684,-22.961,0.342,,30.4733641631046,9.1719033259717,-1.5549586174878,714.613063145659,-3.54590251888713,119.36261924864752,,43.29,113.0665,28.608,,12.518,20.1143619477823,-0.453136899999999,41.2178445,-0.8082285,,77.3158930253096,2.305
LBR,2017,-0.852785,-22.278,0.429,,36.2106821833637,7.30948578439651,2.45515592012239,699.269095727404,0.48341831127135,119.70533874025382,,50.8,112.8101,31.839,,13.894,21.3240563239483,-0.2701752,41.2966227,-0.791767,,77.1983576048261,2.301
LBR,2018,-0.9857106,-21.324,0.374,,38.7612158305833,3.77268493884788,1.15757512207355,692.203127129794,-0.802290167584516,120.1730401916504,,65.23,112.0038,37.13,,28.525,14.0250297312743,-0.0185577,41.2373742,-0.831029799999999,,77.0695398684804,2.298
LBR,2019,-0.9910994,-19.634,0.427,,42.699944211321,2.61121194879185,-2.46729763532686,658.164180770507,-4.38160849244818,131.4715934540646,,56.99,115.7333,48.55,,20.251,14.2604895547102,-0.2571938,40.113916,-0.870665599999999,,77.0088146681194,2.302
LBR,2020,-0.9167423,-16.401,0.408,,50.5491696677525,-2.96003538007919,-2.98249127649473,616.787867006715,-4.97470394166794,166.60730119735476,,39.16,117.774,58.67,,13.122,17.4661654481066,-0.220102599999999,39.7193435,-0.855358499999999,37.7416801452637,78.306367667894,2.91
LBR,2021,-0.9896145,-17.766,0.416,,56.0896971198786,-1.11842850292887,4.98671283481617,667.96610514319,2.7936852774608,168.30067705253205,,68.14,113.1051,53.28,,5.459,21.9156000871056,-0.2103506,39.9473682,-0.8429491,,77.7844948154024,2.82
LBR,2022,-1.0479173,-19.007,0.379,,51.2373491161268,3.09332516183889,4.80810517290655,744.617175237387,2.585058275666,167.90513914799786,,94.9,120.698,54.308,,9.185,,-0.2807974,39.6123296,-0.858746399999999,,77.6401208449059,2.232
LBR,2023,-1.01213,-26.278,0.46,,51.1452722006315,7.11347042965831,4.68375688761311,799.194470229642,2.40186206516404,180.44987982177733,4.087062146892655,77.58,120.2663,58.808,,10.015,,-0.174047999999999,40.5889165,-0.8997457,,77.3953609348577,2.215
LBR,2024,-1.0473848,-21.074,0.438,,50.457044003161,9.86626133953545,4.02185464964835,851.497723870206,1.8018710155725,221.0156972208821,3.15,76.63,122.893,56.474,,10.69,,-0.228549,41.5860693,-0.868004,,77.1302819830475,2.218
LBY,2010,-1.2258396,19.339,0.765,310.214442821417,,2.36664960687642,5.0272476723775,11600.9068649472,2.90736772244718,119.99545832174232,,79.48,93.0541,,19.8007992326027,3.325,55.9661611105459,-0.4787846,35.1597674,-1.1938263,,17.9787982161012,49.563
LBY,2011,-1.250864,6.587,0.74,-71.376986244933,,,-50.3385151384986,7593.8391525702,-49.1278565212286,153.18591263180687,,94.88,88.7767,,8.44242069649716,26.646,37.5617320657366,-1.6341249,32.0070084,-1.19040979999999,,18.7037346502475,50.372
LBY,2012,-1.1136811,25.757,0.795,211.505808728935,,1.53985903839829,86.8267484395784,14975.8902795144,91.7813702690939,161.96787185362544,,94.05,91.6361,,15.2187654168722,-3.674,59.1030408512754,-1.5745603,33.6144442,-1.0379947,,19.4928836079021,49.879
LBY,2013,-1.2916518,0.013,0.753,-26.2596610492482,,0.931638601844643,-17.9979615745681,11951.7134126011,-19.6276937990081,136.24820703149317,,97.98,92.7611,,21.6855173162296,1.704,47.7413993201726,-1.9032456,30.0227807,-1.39483849999999,,20.5020852518986,50.576
LBY,2014,-1.475239,-33.112,0.707,-53.791726740934,,,-23.0428058282215,8926.42074591474,-24.5110536856449,121.88517901052042,,93.17,95.5876,,26.2237211424,7.138,31.016947831293,-2.26526939999999,24.1701832,-1.59536189999999,,21.6886550115968,50.68
LBY,2015,-1.59599119999999,-18.894,0.62,-2.11034370864505,,,-0.842656252118843,7458.48917756374,-2.43005265175647,111.18462156014614,,48.66,108.1696,,17.382012837146,16.9,16.3921988648858,-2.2100778,22.9864024,-1.75455909999999,,22.6743828248344,51.538
LBY,2016,-1.59775319999999,-9.425,0.653,-5.93451564585347,,,-1.4909411172622,7525.80299308216,-2.98083261952721,119.36261924864752,,43.29,113.0665,,13.8004674607543,23.983,12.2468654255016,-2.2576529,21.6812779,-1.6960655,,23.4123031200955,51.378
LBY,2017,-1.6097899,6.573,0.786,132.632341827378,,,32.4918021862688,9965.83236729757,30.3950611263495,119.70533874025382,,50.8,112.8101,,13.7077561764599,27.979,22.1587604827104,-2.29431519999999,23.6671553,-1.6097257,,23.5633298163491,50.471
LBY,2018,-1.51601339999999,14.702,0.849,26.0286784105916,,,7.9413678529104,11196.5854810844,6.20327204937865,120.1730401916504,,65.23,112.0038,,15.1337630488594,-1.191,31.6168598912657,-2.28391459999999,22.3305226,-1.5684814,,23.4569511242814,50.136
LBY,2019,-1.5465395,6.7,0.832,4.69948058306851,,,-11.1960828853386,9963.19489084483,-12.4989174222368,131.4715934540646,,56.99,115.7333,,13.7553442934446,0.214,34.4990280272661,-2.25895969999999,22.6625726,-1.6213786,,23.3878823300215,50.569
LBY,2020,-1.5214215,-10.212,0.677,-66.3359320343469,,,-29.4552967282824,6650.33810585348,-30.4001717408883,166.60730119735476,,39.16,117.774,,9.44983047721509,2.817,11.4789831280341,-2.2231779,23.4844244,-1.6334673,,23.1740550354812,53.562
LBY,2021,-1.5502152,16.135,0.83,126.096490412832,,1.71219284038518,28.2996823429147,4935.82787349801,26.6853936559494,168.30067705253205,,68.14,113.1051,,12.160907547063,3.702,61.0347089411103,-2.2069296,24.8684407,-1.56279409999999,,22.5949759711415,52.086
LBY,2022,-1.5332986,23.175,0.793,-19.9494100763124,,1.62326033379453,-8.29981811198795,5986.63694851258,-9.42490206992071,167.90513914799786,,94.9,120.698,,10.5201970194858,4.106,,-2.00397249999999,24.8486681,-1.7431898,,22.5060832638279,50.841
LBY,2023,-1.5426693,18.27,0.851,7.10175118780711,,1.80500147243983,10.2000497852517,6026.51518708812,8.96534736140164,180.44987982177733,4.087062146892655,77.58,120.2663,,16.880425672487,1.818,,-2.0418754,26.1306575,-1.66847289999999,,22.2704702682594,49.864
LBY,2024,-1.5315957,6.933,0.859,-6.90267922782975,,,1.89995052025442,6569.16408678648,0.859500182813605,221.0156972208821,3.15,76.63,122.893,,14.2709346991037,2.29,,-1.8964767,27.4345991,-1.6980126,,22.0321130096543,50.586
LCA,2010,1.3516835,-12.666,0.256,,40.5310581379449,11.7530170243607,0.330018546071486,8673.68720340529,-0.278750187807233,119.99545832174232,,79.48,93.0541,52.23,,4.226,0.0213939960854132,0.8287007,65.3906583,0.9489256,97.0315628051758,22.8934839367242,35.32
LCA,2011,1.350032,-14.304,0.342,,29.4366681321022,6.19533348387191,4.32694280532142,9128.99442011613,3.78344996295867,153.18591263180687,,94.88,88.7767,54.941,,4.784,0.0171733829693113,0.8234119,66.2016342,0.8850425,96.6020889282227,22.8574224757431,39.547
LCA,2012,1.1696019,-10.025,0.386,,27.7283173611782,7.38092558879021,-0.108756148262358,9260.30006551714,-0.563683330885993,161.96787185362544,,94.05,91.6361,60.18,,5.009,0.0164637996812387,0.8228537,63.8654973,0.8356167,93.3481292724609,22.8243506275589,40.816
LCA,2013,1.1698184,-6.531,0.414,,30.6756885750178,7.56598774359971,-1.81877603735991,9577.21733754358,-2.26163327907432,136.24820703149317,,97.98,92.7611,61.236,,-0.746,0.0211912988549864,0.8211478,63.855943,0.8324142,91.4860382080078,22.8238463018443,48.479
LCA,2014,0.3501512,-2.429,0.543,,32.6811091783269,3.84517869828728,1.32809022110105,10044.8218377677,0.880621538906311,121.88517901052042,,93.17,95.5876,61.854,,3.67,0.0254436551499196,0.7556725,61.5571401,0.6873869,90.7485504150391,22.7244582043343,47.855
LCA,2015,0.5702666,-0.477,0.445,,31.9758602206883,8.42203722655325,0.101917836412952,10334.9860823918,-0.337052867572226,111.18462156014614,,48.66,108.1696,60.551,,-2.604,0.0186627705111545,0.7434287,59.9269903,0.7997066,90.9497604370117,22.6849473836711,46.991
LCA,2016,0.5712704,-6.338,0.451,,30.9277967295805,8.64914217402882,3.42787214525211,10638.1269396653,2.9915396739198,119.36261924864752,,43.29,113.0665,60.214,,-2.834,0.0242375524260307,0.9130972,59.9376502,0.7954143,89.6722183227539,22.6425537392199,45.88
LCA,2017,0.5017334,-1.908,0.23,,33.0566560930955,4.500439600106,3.37982617272246,11333.1123822102,2.97179882236796,119.70533874025382,,50.8,112.8101,59.919,,1.979,0.0188680203388547,0.8668533,59.4324648,0.7355229,88.9026336669922,22.6460793218287,44.995
LCA,2018,0.4535507,1.472,0.225,,31.4243884410508,2.20879100094065,2.88677902171601,11642.6984727769,2.49445186760282,120.1730401916504,,65.23,112.0038,60.282,,2.17,0.0120179605482605,0.8694958,59.5005216,0.6660386,88.7150192260742,23.0193092465413,41.613
LCA,2019,0.4745651,3.326,0.3,,32.4288194290613,3.60370334233035,-0.700322396299441,11794.0597229805,-1.06027192026241,131.4715934540646,,56.99,115.7333,62.114,,-0.703,0.0105301058741755,0.8702889,60.3250058,0.6668234,88.3461303710938,24.7723678535487,35.883
LCA,2020,0.37834,-18.939,0.243,,50.1298285485496,6.61223231489807,-24.3614732129122,8411.07474936367,-24.6114092144696,166.60730119735476,,39.16,117.774,94.982,,-0.367,0.0193601689591786,0.8698532,59.3500292,0.5946847,88.7376327514648,23.6990843340377,51.641
LCA,2021,0.370132,-11.296,0.258,,49.4979622938264,3.76096784623319,11.598783583643,10459.1321248092,11.4287492509851,168.30067705253205,,68.14,113.1051,81.868,,4.148,0.0134294898917373,0.868144,58.0111523,0.6252576,,22.8372013246605,45.012
LCA,2022,0.3713679,-3.562,0.278,,42.4693356100406,2.47761444857422,20.3884431828414,13103.8243147472,20.2140364685689,167.90513914799786,,94.9,120.698,73.432,,6.901,,1.0438207,58.0212097,0.5318302,87.6844863891602,24.1074788334902,30.854
LCA,2023,0.3771938,-1.567,0.266,,48.6881101506005,8.35645076926594,2.20988276526516,13554.7684784933,1.9225537588581,180.44987982177733,4.087062146892655,77.58,120.2663,74.846,,2.072,,1.044299,58.2468924,0.5120691,88.6818771362305,23.9216658403569,30.261
LCA,2024,0.4492828,-1.364,0.262,,51.3109697332727,7.32073642166254,3.89175024218898,14181.6303351598,3.62644896169468,221.0156972208821,3.15,76.63,122.893,73.97,,-2.307,,1.0382485,57.7308058,0.5032686,87.8672424011515,22.1015889095654,21.294
LKA,2010,-0.2614436,-1.833,0.208,,37.3743097647659,0.814446069624814,8.01596737055139,2808.36244503709,7.38142864801097,119.99545832174232,,79.48,93.0541,68.731,,6.772,0.181247741101714,-0.779023999999999,53.6739375,-0.2305758,92.3497085571289,42.526501914354,18.684
LKA,2011,-0.2480769,-6.814,0.198,,38.4422070940857,1.41088360121529,8.6694830119314,3224.95745150496,7.99726895717046,153.18591263180687,,94.88,88.7767,69.428,,4.867,0.161869001521806,-0.7674257,55.1947692,-0.2864777,94.108642578125,42.0517276431325,16.758
LKA,2012,-0.3066483,-5.655,0.199,,51.6165842309571,1.3359173422599,8.63218137662685,3327.77613691283,7.80902906849383,161.96787185362544,,94.05,91.6361,67.504,,9.283,0.137234670569948,-0.9606693,54.9761742,-0.1436392,94.6744689941406,40.7389748808513,16.795
LKA,2013,-0.3103438,-3.3,0.206,,52.2481960961188,1.21148000445532,4.05174633027869,3739.43181100202,7.00602738719888,136.24820703149317,,97.98,92.7611,69.457,,4.633,0.111206626762233,-0.8585581,53.6578916,-0.3561281,95.1442636196356,40.6740563470328,17.939
LKA,2014,-0.4501459,-2.409,0.204,,52.3589316985507,1.08277813761066,6.3779788972687,3972.04375736464,5.38986888056003,121.88517901052042,,93.17,95.5876,69.561,,1.353,0.106716230120525,-0.553597999999999,54.7627017,-0.3605151,93.4926277980089,40.2110680638108,18.781
LKA,2015,-0.3413605,-2.212,0.205,,52.8797914705966,0.798746315198801,4.20595547449241,4057.7158346231,3.25185230562724,111.18462156014614,,48.66,108.1696,76.334,34.2757988098221,4.612,0.116815682766825,-0.0885947,55.3461181,-0.110513199999999,94.4516928962286,40.7502738937489,19.231
LKA,2016,-0.2510246,-1.981,0.205,4.87418056263667,54.3824177664107,1.01937184461335,5.05362488994436,4149.19190775593,3.86979649875681,119.36261924864752,,43.29,113.0665,75.0,36.453044458329,4.408,0.120808775080832,-0.1436337,54.1602129,-0.1066651,93.9037221276375,39.4440853841471,20.07
LKA,2017,-0.307832799999999,-2.447,0.197,7.65944003535321,55.1482519976375,1.45462805347273,6.46068127065753,4398.88828068715,5.24982935111058,119.70533874025382,,50.8,112.8101,72.26,39.7266305226638,7.111,0.0888765377568958,-0.179121299999999,53.0174742,-0.111659899999999,94.0418660922689,39.3105155240346,17.391
LKA,2018,-0.2047049,-2.963,0.189,5.37505812370217,57.4892865658485,1.70888696252001,2.31008425545845,4358.56095906047,1.28556702964238,120.1730401916504,,65.23,112.0038,83.585,38.0567747750533,2.801,0.064834147164453,-0.2597255,51.869403,-0.0575940999999999,95.9107331693991,39.437097009348,20.496
LKA,2019,-0.1639347,-2.071,0.19,1.70417988260294,64.8548435072259,0.835367459152173,-0.220483886831275,4081.94772722003,-0.829146715022418,131.4715934540646,,56.99,115.7333,82.594,34.1087160599303,4.339,0.0722571812304566,-0.173798099999999,51.9292761,-0.0781005999999999,,39.52341503082,20.425
LKA,2020,-0.2760375,-1.406,0.182,-29.5587964560666,69.3131980107832,0.514700552667608,-4.62451503749502,3847.60137695639,-5.12926234602416,166.60730119735476,,39.16,117.774,96.881,32.8711231474519,4.126,0.0850400982115445,-0.1154138,53.092032,-0.1909487,,40.0119462879215,25.449
LKA,2021,-0.3367364,-3.707,0.177,10.1165335866693,67.8564357341891,0.66882570941316,4.2074764951157,3996.96240014909,3.09278196860629,168.30067705253205,,68.14,113.1051,102.669,36.7330983742473,9.907,0.0832444969793704,-0.510938,52.2929256,-0.2315397,89.8339685558794,39.9962974738114,25.371
LKA,2022,-0.3533578,-0.989,0.184,9.77636323578707,81.2809065665702,1.19249322228342,-7.34919301306745,3342.63650253855,-7.45361888091261,167.90513914799786,,94.9,120.698,115.942,27.2717494247654,58.648,,-0.7621199,47.6567352,-0.3299184,88.1918156520303,39.0627287490868,21.732
LKA,2023,-0.3868314,2.937,0.177,13.2135140307507,74.5886504230503,0.851705946554554,-2.3298481898334,3798.89016573011,-1.69162602435424,180.44987982177733,4.087062146892655,77.58,120.2663,110.376,24.5850342832275,2.965,,-0.670013,48.8697814,-0.31553,87.9534065332114,39.2992566916584,20.342
LKA,2024,-0.384770899999999,1.764,0.178,12.4967553710168,58.8897020425324,0.769118881748846,5.00871930957159,4515.56787322732,5.58848090094126,221.0156972208821,3.15,76.63,122.893,99.434,26.9589666223169,-1.535,,-0.350302399999999,50.1437699,-0.2577461,,39.3451301107437,19.062
LSO,2010,0.1788739,-13.353,0.293,0.49265690021636,27.4384612861811,0.425490583298807,5.26967078056286,1119.47557793042,4.45925951436652,119.99545832174232,,79.48,93.0541,33.81,31.3011900430751,3.612,3.93439968984273,0.5816165,45.7217616,-0.2581736,54.2426986694336,34.5150775962915,22.992
LSO,2011,0.2006484,-18.158,0.29,11.8681828003498,26.3385185030518,2.37160157638289,4.61641394528752,1280.73390931581,3.69398595274109,153.18591263180687,,94.88,88.7767,36.171,25.3316425094885,7.182,3.88951380908295,0.6423581,45.4394926,-0.2534609,56.9506416320801,34.1543629250373,23.196
LSO,2012,0.1451542,-12.577,0.27,-2.23167045247348,31.2593634380508,2.28650169667391,6.33408374679448,1217.93071228944,5.27066659627468,161.96787185362544,,94.05,91.6361,39.846,35.7205960501896,4.969,4.7058759222187,0.2654833,46.7516275,-0.1994631,59.0772018432617,33.9053726261812,22.917
LSO,2013,0.2476871,-9.265,0.269,-8.2912763729276,34.0219300417939,2.13033827559342,1.79252555575545,1151.03735837227,0.696148188602265,136.24820703149317,,97.98,92.7611,41.192,32.6667455053055,5.504,5.10158145699247,0.3249377,48.6655525,-0.1984955,57.7590713500977,33.7568131594901,23.291
LSO,2014,0.1248333,-8.062,0.308,-10.0356355875612,33.5371164978444,3.86963158626918,1.71054990545476,1173.5377928819,0.557309193389017,121.88517901052042,,93.17,95.5876,41.507,34.0968182808394,2.012,5.59052228450031,-0.172191999999999,47.8737546,-0.1499856,58.2575629391492,33.4842031154986,23.636
LSO,2015,0.0497097,-6.781,0.301,18.4960302706843,36.0951584026764,4.79809498524625,3.12406678044546,1121.19851342518,1.92251059472272,111.18462156014614,,48.66,108.1696,45.812,30.4366347369568,7.481,6.21135692867531,-0.208938699999999,48.0087233,-0.1298453,59.3985096286536,33.282295832175,23.997
LSO,2016,0.0206204,-10.192,0.259,12.2877794807702,56.5717759737007,3.74733138412509,3.60890731687714,992.491840678465,2.35363981271321,119.36261924864752,,43.29,113.0665,41.45,28.7760063691053,4.443,7.27012601835192,-0.2746129,47.8989132,-0.1871002,56.8386993408203,33.1775928988104,24.045
LSO,2017,0.0469636,-6.962,0.333,1.99895367740423,57.4106195232648,1.82806623182623,-3.13817493733471,1069.36673247542,-4.33655999292874,119.70533874025382,,50.8,112.8101,40.992,22.2056129829322,4.835,6.29773888103094,-0.2021614,48.2880273,-0.2496806,59.3586515505342,33.1925326872443,24.478
LSO,2018,0.0206214,-6.955,0.375,5.26713578910307,48.0945365684483,1.59898721077784,-1.48063315848241,1170.65569702819,-2.67593907523207,120.1730401916504,,65.23,112.0038,48.191,21.4472792170962,5.235,3.60958084633478,-0.1397918,46.7109104,-0.337208299999999,,33.1139510740031,24.887
LSO,2019,-0.0282232,-6.335,0.342,-15.2054790557424,55.5086365768084,1.49464849213428,-1.41799383085205,1082.05706777516,-2.56925986092637,131.4715934540646,,56.99,115.7333,58.219,26.7945041312681,3.985,3.73425482845294,-0.287980099999999,46.1748162,-0.341573299999999,,33.2170203084905,25.318
LSO,2020,-0.009674,-5.687,0.36,-15.3754028773894,71.1626094449749,1.36347415769606,-8.15595785459911,918.582574704447,-9.23727005298078,166.60730119735476,,39.16,117.774,54.69,26.2646701221778,6.453,4.55548495060365,-0.1451933,43.6446308,-0.369226499999999,,33.2531587441907,28.218
LSO,2021,-0.1543581,-9.051,0.325,8.05020748132283,65.1532610232936,-0.512915958026648,2.26670961833291,1066.58645143823,1.09935782526551,168.30067705253205,,68.14,113.1051,57.959,28.4701352359002,7.204,4.31788190525398,-0.1334002,44.5698376,-0.401743299999999,,32.6479634745311,27.188
LSO,2022,-0.1463735,-13.96,0.351,-5.54542819412816,63.9955181858327,-0.332065069453934,2.38778020186284,1030.12582947757,1.28745564005285,167.90513914799786,,94.9,120.698,64.552,27.3770081483323,6.842,,-0.128161,45.7363817,-0.4650393,,32.7384486087002,25.057
LSO,2023,-0.3006103,-0.261,0.374,-15.5940480697826,68.921116233095,-1.21096656797415,1.82662476743647,916.282976983803,0.709359727084816,180.44987982177733,4.087062146892655,77.58,120.2663,61.511,27.2206687179899,7.435,,-0.1357263,45.9612585,-0.442253499999999,,32.8582414269078,24.738
LSO,2024,-0.302427,0.475,0.362,,65.3503315479921,-0.5534084172031,2.85452253179545,971.90771824829,1.71259070592455,221.0156972208821,3.15,76.63,122.893,59.752,,4.283,,-0.2588663,47.215987,-0.406586499999999,,32.7617441449283,24.743
LTU,2010,0.48572,0.22,0.188,16.3817317005499,,3.00969561169119,0.427199566550769,11829.122609457,2.5553360476174,119.99545832174232,,79.48,93.0541,36.705,17.8578010235461,3.624,0.524773473420892,0.7159839,69.6708973,0.5982483,105.068267822266,10.0821146311119,35.744
LTU,2011,0.4310611,-3.703,0.207,14.5468670565869,,4.35509015104087,6.32363664821298,14261.8433787325,8.75223892258067,153.18591263180687,,94.88,88.7767,37.463,22.3672029077554,3.475,0.55272441723569,0.6843003,69.2748438,0.5466728,106.008163452148,9.80029981369405,32.587
LTU,2012,0.5599732,-1.579,0.2,10.8475302526645,,1.5855600934776,4.38290584355157,14288.1853493139,5.74397608423232,161.96787185362544,,94.05,91.6361,39.902,20.2704080461532,2.916,0.50334215016971,0.7176973,70.6802729,0.5849095,106.17350769043,10.2187725297579,26.684
LTU,2013,0.5798078,1.693,0.187,7.26975657268045,,1.66003716547754,4.04691318575325,15636.5252586048,5.026825169489,136.24820703149317,,97.98,92.7611,38.852,20.4182900930827,0.53,0.451433196719953,0.9839797,70.8791332,0.586968,108.811836242676,10.8448059396959,21.896
LTU,2014,0.5991275,3.596,0.142,-1.82267322645454,,0.739699359398686,3.7725437958099,16446.1647181663,4.62035286553186,121.88517901052042,,93.17,95.5876,40.713,20.3004773754029,-0.189,0.435666728185002,0.936572,70.7978978,0.7406313,107.746429443359,11.1412111964228,19.258
LTU,2015,0.6814439,-2.506,0.133,2.42251174032285,,2.49622116332616,2.83280643343234,14269.8039878287,3.75632420325671,111.18462156014614,,48.66,108.1696,42.57,22.5552269115381,-0.249,0.355871871770943,0.9444776,73.6232894,0.8491406,106.955902099609,11.2762522858636,16.302
LTU,2016,0.7346677,-1.008,0.112,4.92767799771097,,2.7403147410033,2.67192215053329,14934.2702840428,3.87744054624235,119.36261924864752,,43.29,113.0665,39.973,20.2876398712687,1.96,0.3377588483904,0.9545715,71.8786754,0.9019135,106.39778137207,11.299634553426,14.455
LTU,2017,0.6761875,1.027,0.113,13.531160616336,,2.89745572307538,4.61224310312809,16800.1510246099,5.88872606993294,119.70533874025382,,50.8,112.8101,39.336,20.480115803004,3.806,0.408008846501474,0.8922634,71.8329698,0.8591134,107.223350524902,10.9920620873967,13.266
LTU,2018,0.4531588,0.356,0.115,6.84003514227605,,2.39550085067309,4.91836780106811,19247.2315367967,5.79066548228593,120.1730401916504,,65.23,112.0038,33.341,22.4066386338902,1.758,0.378395633092732,0.9070273,71.6369926,0.7490782,106.866737365723,10.6357604721446,11.117
LTU,2019,0.7581204,3.756,0.103,10.0413862143742,,6.23035300556357,4.67735183530451,19608.7943945553,4.97938353929399,131.4715934540646,,56.99,115.7333,35.586,19.5803862338798,2.73,0.334182488318804,0.9825192,70.2497084,1.0578671,106.835861206055,10.5992015089048,11.85
LTU,2020,0.8813828,7.208,0.077,0.0680541736618068,,7.94344900363669,0.0428158336981426,20428.6478157394,0.068446214406265,166.60730119735476,,39.16,117.774,45.889,16.5198227850463,-0.072,0.310782585398606,1.1506312,68.9997445,1.1400782,106.810821533203,10.7466488142524,19.556
LTU,2021,0.9249581,1.449,0.089,16.5849057692038,,3.74064234382321,6.38001606179873,23870.4594851722,6.45535837727842,168.30067705253205,,68.14,113.1051,43.297,21.8350067084027,10.702,0.28612663033099,1.0111257,73.3293086,1.2107283,105.67610168457,10.5519255843768,14.304
LTU,2022,0.855068,-6.099,0.108,12.3878747843508,,3.40588108209325,2.53752574011534,25085.784063499,1.695285500032,167.90513914799786,,94.9,120.698,38.063,28.0753061012226,19.98,,0.963939,73.5563003,1.228331,106.918357849121,10.813924750714,11.873
LTU,2023,0.8884764,1.099,0.109,-3.39657855022986,,4.80150438624708,0.342262716277261,27786.0057829276,-1.05357687282228,180.44987982177733,4.087062146892655,77.58,120.2663,37.34,21.9341715222081,1.601,,0.9517926,73.9915679,1.3288838,105.428817749023,10.7859209223594,13.712
LTU,2024,0.9927892,2.473,0.1,2.08055140438358,,5.53816765536591,2.77263124530285,29384.0189598663,2.17864980259621,221.0156972208821,3.15,76.63,122.893,38.223,20.4124317092532,1.864,,0.9394441,75.2330168,1.3742358,104.860809326172,10.5410465982626,13.688
LUX,2010,2.0803607,5.778,0.136,10.1563252826096,,69.6063943388728,3.76041454320028,110885.991378721,1.88354824324517,119.99545832174232,,79.48,93.0541,19.09,18.0831934936242,3.081,0.072919743736028,1.4878051,82.0021453,1.7383685,100.080001831055,5.27216706607326,13.917
LUX,2011,2.2289765,5.64,0.133,4.38815006626825,,14.3333707152268,1.04429855323325,119025.057203467,-1.17679800508684,153.18591263180687,,94.88,88.7767,18.503,19.2687977063888,3.376,0.111627780528827,1.3788317,83.8666016,1.7584094,100.420967102051,5.53245023950749,18.048
LUX,2012,2.169911,4.991,0.125,1.6189231562564,,4.7244838569188,1.64990212764553,112584.676270958,-0.762183314011807,161.96787185362544,,94.05,91.6361,20.849,18.7523048822473,2.433,0.124315483837715,1.3639242,82.4953744,1.7782538,100.609519958496,5.76189850118328,16.578
LUX,2013,2.1532216,3.935,0.116,6.31616890295092,,35.7329034711934,3.17178989968683,120000.140729859,0.814651722760445,136.24820703149317,,97.98,92.7611,22.407,18.1453726914237,1.503,0.0654807999878363,1.316509,82.855264,1.7641968,103.469413757324,5.88704447407324,16.289
LUX,2014,2.1721389,4.095,0.109,6.51614129619563,,29.1553936951999,2.62308679154881,123678.702143275,0.232565199204004,121.88517901052042,,93.17,95.5876,21.863,19.0935867595733,-1.0,0.0511247766010698,1.4310289,79.8651414,1.7507788,104.596977233887,5.62017542834208,24.278
LUX,2015,2.2241466,5.604,0.102,5.13941193664402,,75.6300240002581,2.26978423302835,105462.012584423,-0.11547655084216,111.18462156014614,,48.66,108.1696,21.133,18.9584857711264,0.808,0.0121647269251085,1.4125194,81.2300601,1.8141125,104.379188537598,7.39337029075687,17.5
LUX,2016,2.1912929,7.401,0.101,5.30880657555389,,28.257554145971,4.97819011520116,106899.293549552,2.73979148676671,119.36261924864752,,43.29,113.0665,19.598,17.9319132619894,1.553,0.0100663139177463,1.3457296,81.9918812,1.7993709,106.08519744873,7.56192039575572,21.98
LUX,2017,2.1475168,6.443,0.099,-0.226858160991469,,-41.6509945601316,1.31718713754285,110193.213797228,-1.11611347517193,119.70533874025382,,50.8,112.8101,21.802,18.8897175502242,1.569,0.0096095712694907,1.2715421,80.7165679,1.7990451,106.78434753418,6.66762781812611,15.473
LUX,2018,2.2100505,8.313,0.105,3.52805836112509,,-117.233947530512,1.61129561338169,116926.759593905,-0.329840314332458,120.1730401916504,,65.23,112.0038,20.87,16.9949135422123,1.953,0.0131614123128893,1.3055181,82.2170892,1.8614373,106.983123779297,6.02911621979314,14.18
LUX,2019,2.2590117,8.528,0.105,6.03821535500512,,234.310617307358,2.74931929072659,112696.649059674,0.752174049392224,131.4715934540646,,56.99,115.7333,22.339,18.653116084379,1.954,0.0088735676250666,1.3055593,82.2048932,1.8431648,106.946510314941,6.88675186895153,16.975
LUX,2020,2.2067723,4.918,0.097,1.9021400020742,,-4.55819523596748,-0.510051634039826,116860.02817236,-2.15417448261604,166.60730119735476,,39.16,117.774,24.533,17.9294900539992,-0.159,0.0066635976651569,1.2105167,83.2642169,1.796841,107.078948974609,6.53890844180995,23.182
LUX,2021,1.9638476,6.416,0.108,11.341861233142,,28.7187121123012,6.9297342584233,134965.815442152,5.31843087794495,168.30067705253205,,68.14,113.1051,24.185,18.6878759943301,5.636,0.0047513675751151,1.1450494,84.1266802,1.7333366,106.482757568359,7.80256458668681,18.666
LUX,2022,1.9674109,9.514,0.117,1.47019153946071,,-391.555119009248,-1.0974168968152,123719.658915996,-3.07197647023996,167.90513914799786,,94.9,120.698,24.902,17.0331766630247,6.372,,1.0244114,84.3104046,1.7477473,107.83975982666,7.20906507779544,17.599
LUX,2023,2.0124074,11.234,0.107,0.553097217415655,,-10.4511316835125,0.0994399943552651,133230.619178899,-1.90230848156084,180.44987982177733,4.087062146892655,77.58,120.2663,25.024,16.4259109763361,3.258,,1.0156548,83.8412822,1.7286548,107.744010925293,6.85390678809214,18.848
LUX,2024,2.0157595,13.776,0.109,-12.1793304728796,,113.622225285264,0.35861253942069,137781.681659123,-1.2100374075406,221.0156972208821,3.15,76.63,122.893,25.981,15.8427821306684,1.646,,1.0730532,83.8609523,1.7617682,108.577438354492,6.92763547369256,21.689
LVA,2010,0.3436554,1.733,0.093,13.6160697461879,,2.0239348136408,-3.66125859554762,11188.4191700977,-1.63514379125596,119.99545832174232,,79.48,93.0541,48.182,20.9313394628785,2.401,1.28308782693054,0.5895207,70.6324824,0.639395,102.822158813477,9.64290489270024,36.24
LVA,2011,0.3903534,-3.52,0.12,12.4608445541877,,5.71773309105869,3.03634482668815,12902.574053337,4.92957999064132,153.18591263180687,,94.88,88.7767,46.808,26.7745639280943,3.879,1.3327725371957,0.3810125,71.0675481,0.5528728,105.565788269043,9.51540669944868,31.069
LVA,2012,0.3863394,-3.871,0.113,9.48502020935815,,3.98573894005036,7.30524057200897,13329.3499931271,8.64449958601972,161.96787185362544,,94.05,91.6361,44.371,28.639673212023,1.59,1.43134807722777,0.4809516,69.5293835,0.5723849,106.344802856445,9.36791400868291,28.564
LVA,2013,0.4288743,-2.892,0.113,0.659294478650494,,3.39352198804719,2.09609028156248,14484.4715282132,3.19545170389934,136.24820703149317,,97.98,92.7611,41.774,25.298238178176,-0.404,1.14413699673137,0.6227437,69.841656,0.5642618,114.776809692383,9.3640979317219,23.237
LVA,2014,0.5065843,-1.466,0.107,6.56065275841704,,3.45179531513632,2.0949597710559,15185.814581236,3.06097381676449,121.88517901052042,,93.17,95.5876,43.079,24.6659431197334,0.274,1.13104352407128,0.720197,70.9172906,0.6743999,113.706932067871,9.37021185486191,19.595
LVA,2015,0.6009075,-0.105,0.101,3.05524396623076,,3.08543258338884,3.78336712084972,13321.9753140616,4.63645212679371,111.18462156014614,,48.66,108.1696,38.279,24.149732505911,0.404,1.00340965640665,0.7167386,70.727338,0.6625807,112.356651306152,9.43594790452318,16.316
LVA,2016,0.590799,1.78,0.089,3.89264631963555,,1.23693505180815,2.55168601974034,13838.5266823272,3.49318640044002,119.36261924864752,,43.29,113.0665,41.734,21.7559480147378,2.105,0.983550850681886,0.6434248,70.4109065,0.6455907,111.296806335449,9.44947126233352,17.271
LVA,2017,0.6379966,1.472,0.082,6.4554249972423,,4.04880019492543,3.39894872623931,15132.4958333982,4.31935869681359,119.70533874025382,,50.8,112.8101,40.33,22.7120380081921,2.16,1.20722108099256,0.6631827,70.5790204,0.6323351,110.723251342773,8.75514997497208,16.971
LVA,2018,0.5446798,-0.394,0.086,4.36305693258801,,1.32076900628522,4.30971286294503,17252.1710428626,5.12560422080688,120.1730401916504,,65.23,112.0038,38.304,23.8742877736126,2.549,1.07351315071964,0.6632555,70.9122043,0.6152447,109.155700683594,8.6919196523536,12.192
LVA,2019,0.6990995,-0.172,0.078,-0.57016848392081,,3.37100266711483,0.675372771884227,17294.9751600969,1.37774612596324,131.4715934540646,,56.99,115.7333,37.911,23.3384745378809,2.137,1.18938805075522,0.6780506,70.6816435,0.828729,107.602462768555,8.40307390600415,12.415
LVA,2020,0.7605048,3.039,0.081,-0.297624800226373,,2.81413557812427,-3.46922750780554,17564.2321549354,-2.78996380720736,166.60730119735476,,39.16,117.774,44.037,22.1554259223647,-0.489,1.27458711674516,0.726286,70.3285876,0.9229434,105.956283569336,8.84689747678932,14.868
LVA,2021,0.8423495,-4.067,0.085,9.09254440454899,,9.77936027100744,6.94254173062592,20261.8887788916,7.8481957927218,168.30067705253205,,68.14,113.1051,45.874,25.7228281732445,7.883,1.16511975350878,0.8069842,72.2555429,0.9839815,105.814010620117,8.42417458793317,14.785
LVA,2022,0.8238921,-5.468,0.083,11.4199534118506,,3.20337891789771,1.90853419029801,20221.103686109,2.18545852350196,167.90513914799786,,94.9,120.698,44.429,24.6702240089291,20.702,,0.7798656,69.9885637,1.0087817,104.764526367188,8.24992650399551,15.27
LVA,2023,0.7759204,-3.901,0.072,-7.02144254066724,,3.94830779361871,-0.941606068823631,22710.2637544197,-1.16914941176928,180.44987982177733,4.087062146892655,77.58,120.2663,44.647,24.6916298440452,0.854,,0.8394628,70.594866,1.0727082,102.126243591309,8.27463018952545,12.323
LVA,2024,0.8251336,-2.107,0.074,0.107749357570015,,3.46583040049498,-0.0461080109713521,23409.0845154775,0.89583858235207,221.0156972208821,3.15,76.63,122.893,47.363,20.8942490906585,3.365,,0.6201402,72.2084716,1.0913835,101.252647399902,8.70699661804667,13.614
MAC,2010,0.3400104,38.92,0.284,39.7101261146115,,12.8496394988665,25.1031075246958,52596.2250160214,24.6371741633376,119.99545832174232,,79.48,93.0541,0.0,13.2455224408891,3.926,0.0009053361108603,0.3473009,77.4769604,0.7136715,91.1610379698531,4.83813003503938,5.416
MAC,2011,0.3390125,40.383,0.331,25.7516143672431,,4.76089394778049,21.6223064381087,67046.7284292101,18.8340221202044,153.18591263180687,,94.88,88.7767,0.0,13.7719909836121,6.8,0.000918692177244,0.3423726,77.483556,0.7170747,94.9301234316026,4.36636641803671,5.754
MAC,2012,0.0415248,38.834,0.193,10.5285144305639,,8.25528889419514,9.21747479596735,76058.0224963659,5.6980527343963,161.96787185362544,,94.05,91.6361,0.0,14.6458075564532,5.823,0.0006377731448666,0.3418523,77.4114963,0.6059678,97.4283454689247,4.10716284275322,5.479
MAC,2013,0.0416824,39.335,0.172,13.1395250179333,,7.32083901346214,10.7816711590297,87107.8313063626,6.28976356008269,136.24820703149317,,97.98,92.7611,0.0,14.0629589797994,5.734,0.0005215709086089,0.7532928,77.4008159,0.6030696,98.6075581395349,3.54565740682288,4.128
MAC,2014,0.5684691,32.706,0.394,-4.43612713216346,,4.41326860101837,-2.03874227961819,88355.3181764446,-6.73432773895128,121.88517901052042,,93.17,95.5876,0.0,19.7863412477179,5.581,0.0007077545799929,1.1417297,81.7417638,0.8482195,101.75873015873,3.19505151107174,3.886
MAC,2015,0.5701164,23.342,0.161,-26.5634623387432,,1.08257865214181,-21.7540078753246,69902.9605741233,-24.3342148018188,111.18462156014614,,48.66,108.1696,0.0,25.3975906300422,3.731,0.0006767019414542,1.1400764,81.8097749,0.9044154,100.96644295302,3.35428933105689,4.338
MAC,2016,0.8357614,26.524,0.185,-1.94903810970179,,4.13475853837245,-0.701510212552961,68911.6755919628,-2.16245351057516,119.36261924864752,,43.29,113.0665,0.0,21.8986528399403,1.443,0.0007663392910052,1.3130313,80.3707621,0.9046282,99.4636678200692,3.23331807392785,4.98
MAC,2017,0.5704941,30.765,0.185,16.7902906208719,,3.38191416637271,9.91855844513513,77570.9876166977,10.6136017665803,119.70533874025382,,50.8,112.8101,0.0,19.6168290048652,2.047,0.0008165772439153,1.3135357,80.3875887,0.9041075,97.4219858156028,3.39733465599833,5.1
MAC,2018,0.5721095,32.878,0.239,9.87894503182606,,3.12603183085927,6.35917030567686,83588.2875009014,4.66426775869004,120.1730401916504,,65.23,112.0038,0.0,17.2841449919479,2.939,0.0003784953720108,1.1477542,78.939594,0.9595261,92.7108013937282,3.03737182290907,5.053
MAC,2019,0.574335,33.542,0.207,-2.38665695602158,,11.7748789603391,-2.4609094006739,81882.6964523869,-4.36234107753577,131.4715934540646,,56.99,115.7333,0.0,14.1724783202989,2.563,0.0003453027487693,1.1488191,78.9583526,0.9063774,90.6689895470383,3.27505503124763,4.936
MAC,2020,0.5748942,14.805,0.205,-65.5067320849031,,-24.5780080658474,-54.4020925789353,36883.6652578543,-55.2935602758164,166.60730119735476,,39.16,117.774,0.0,26.1685250836783,-0.863,0.0009236191197855,1.0596983,77.4714987,0.8569176,88.5771812080537,3.48984544641717,7.591
MAC,2021,0.5738053,8.734,0.216,83.2276013880184,,18.372810695022,22.4622020023362,44884.8961602393,22.9825542159725,168.30067705253205,,68.14,113.1051,0.0,23.0842314294918,0.994,0.000724556273813,0.9688675,77.4586529,0.7814373,88.5480769230769,3.23630816704073,6.393
MAC,2022,0.5734313,13.904,0.201,-24.9699654602793,,13.3808225043823,-18.956941494497,36806.891255461,-18.3347299128809,167.90513914799786,,94.9,120.698,0.0,23.2050134288272,0.771,,0.9728177,77.4244163,0.7797993,90.2211838006231,3.89088704582968,6.949
MAC,2023,0.5721468,31.395,0.239,89.0339977205126,,2.50808598999395,75.3084184293413,67216.3631112124,74.9210250474262,180.44987982177733,4.087062146892655,77.58,120.2663,0.0,15.2974689049317,1.42,,0.9734599,77.4280642,0.7793536,92.5810397553517,3.86057008291223,6.557
MAC,2024,0.5733844,31.72,0.239,6.81105627547748,,3.82364491952989,7.84960207010525,72004.7437020733,6.56231424335874,221.0156972208821,3.15,76.63,122.893,0.0,14.0846664654392,0.228,,1.053872,76.4915715,0.8520978,94.6616766467066,3.62885003443735,6.692
MAR,2010,-0.3011276,-4.042,0.157,17.8512302274972,27.462969464641,1.2299824583835,3.49955709403216,3067.9853515625,2.07976488720576,119.99545832174232,,79.48,93.0541,45.276,31.4907166374774,2.22,5.52351711568337,-0.440469399999999,55.2356472,-0.3848819,63.0757983249551,41.7007890027538,17.621
MAR,2011,-0.5058263,-7.279,0.167,5.61073593075898,27.6980798517634,2.29046840496639,5.52464523319847,3301.98876953125,4.06561020586629,153.18591263180687,,94.88,88.7767,48.555,32.9462436922694,0.869,7.44006663292583,-0.5060194,53.6693701,-0.381967699999999,66.0255284774218,40.7791687699686,17.931
MAR,2012,-0.5029325,-8.789,0.162,2.65315376157231,32.3240509195629,2.65758712641507,3.06234368502997,3164.17724609375,1.66384638357194,161.96787185362544,,94.05,91.6361,52.282,32.1793544302158,2.583,6.48582252084039,-0.5760215,54.7754734,-0.3317303,68.7358726261435,39.955119066174,18.642
MAR,2013,-0.4173212,-6.806,0.155,-0.0195839762325676,34.502888034062,2.9038626404404,4.12221286860944,3379.7431640625,2.7578648778037,136.24820703149317,,97.98,92.7611,57.076,32.0046200923723,0.42,4.55138703939471,-0.6954656,55.1742285,-0.4333613,,39.0275988920488,19.162
MAR,2014,-0.4165717,-5.514,0.159,9.00930287373185,37.1250189916679,2.95925435484489,2.7192440802029,3435.40698242188,1.43852495314533,121.88517901052042,,93.17,95.5876,58.564,30.7742542343433,1.672,3.52679771804417,-0.4094598,55.6529669,-0.372493199999999,,38.1162743161859,19.97
MAR,2015,-0.352055199999999,-1.961,0.166,4.32534556347923,41.0525743321797,2.94611108390154,4.34458297635238,3146.24780273438,3.10634719191513,111.18462156014614,,48.66,108.1696,58.394,30.1771882324678,0.617,2.61402225287558,-0.4546654,55.7858174,-0.3687701,,37.7308709836669,20.826
MAR,2016,-0.3146541,-3.75,0.174,6.80848709053355,43.4727961452493,1.93000540251056,0.52118550608968,3140.85546875,-0.693616602037565,119.36261924864752,,43.29,113.0665,60.084,31.9579912798641,1.736,2.89821223160529,-0.4710854,55.0823048,-0.2935249,,37.6413382987147,22.265
MAR,2017,-0.3911459,-3.163,0.176,10.84078760489,44.0032096192297,2.26092196120538,5.05789816173446,3296.52661132813,3.78371209116371,119.70533874025382,,50.8,112.8101,60.261,31.658071451264,1.606,3.29989896331367,-0.5065227,54.9333658,-0.3713857,78.2157249451868,37.3106230229215,22.167
MAR,2018,-0.475142299999999,-4.883,0.183,3.81565916566902,40.4114034285646,2.78337936840164,3.06564133025955,3501.69799804688,1.91410663270995,120.1730401916504,,65.23,112.0038,60.458,32.1395672992051,0.198,2.41389789515822,-0.426450799999999,53.0365229,-0.3248223,78.470919593794,37.0295163984512,22.431
MAR,2019,-0.425659399999999,-3.421,0.182,5.12700587609709,43.5343377341004,1.33479789567415,2.89097476137077,3508.09765625,1.81642055572905,131.4715934540646,,56.99,115.7333,60.27,30.594933523466,1.085,0.321780512925498,-0.390399499999999,55.2917619,-0.3198643,79.3440512967066,36.6992487642516,22.475
MAR,2020,-0.408551999999999,-1.166,0.18,-14.9872965124978,54.9196081945346,1.16907334587558,-7.17820744246774,3268.0302734375,-8.13866950405836,166.60730119735476,,39.16,117.774,72.245,28.7769734233308,-0.293,0.296128236742874,-0.409449199999999,55.88522,-0.314662899999999,80.3087996541375,36.9063063440001,26.795
MAR,2021,-0.4783966,-2.344,0.189,7.92131589642544,46.8983264543197,1.59422321445366,8.15473889823681,3785.93627929688,7.0606299574828,168.30067705253205,,68.14,113.1051,69.351,30.6763551818437,3.229,0.391702933228196,-0.4686437,53.6781453,-0.4447944,80.740396321068,36.4337371052087,25.053
MAR,2022,-0.4879114,-3.557,0.212,20.7433602195014,50.35106931617,1.74814323662076,1.81269242194809,3463.1376953125,0.779078150413596,167.90513914799786,,94.9,120.698,71.532,30.4603014984939,8.341,,-0.492008,53.5824427,-0.4491939,84.4553724029251,36.3768248449945,22.713
MAR,2023,-0.5521901,-0.618,0.199,7.90463572631705,48.9147951964991,0.725864122672683,3.65564411017931,3813.72607421875,2.58793464682357,180.44987982177733,4.087062146892655,77.58,120.2663,69.475,28.9983598724931,3.412,,-0.534977199999999,54.1161129,-0.3934002,87.7346312462207,36.1537678510381,21.974
MAR,2024,-0.5186913,-1.45,0.191,8.03697031022483,44.7188367863758,1.02047789871899,3.79336515978963,4153.1943359375,2.77494467917541,221.0156972208821,3.15,76.63,122.893,70.028,30.0743550064848,0.677,,-0.4408003,54.4419236,-0.3678036,89.9834863018408,35.8835491444583,22.372
MDA,2010,-0.6878966,-6.901,0.153,13.7271975899974,63.1599967281012,4.25879212676733,7.10000010705836,2436.79935102421,7.20697461136707,119.99545832174232,,79.48,93.0541,25.475,23.8517865932859,8.081,0.13247898619691,-0.0745102,51.6917648,-0.3350164,87.9811349895035,55.3041868946859,5.686
MDA,2011,-0.6534376,-10.121,0.129,29.8286745358642,58.0188297176791,4.43147611475958,5.81816614684824,2941.36224066021,5.87938512338968,153.18591263180687,,94.88,88.7767,24.201,24.0486714251096,7.779,0.168687807572078,0.1492997,51.7466241,-0.2783037,87.7193726926085,55.1207245426558,4.865
MDA,2012,-0.7197195,-7.391,0.137,-0.112053006576005,55.8879563823311,2.88432657387508,-0.589733954762579,3044.8084324815,-0.576700868382531,161.96787185362544,,94.05,91.6361,31.333,24.1985192443336,3.954,0.168529747001159,0.1385944,50.3367064,-0.360517,88.1958686665424,56.684292369242,3.452
MDA,2013,-0.8114962,-5.163,0.145,12.650124224974,59.7056085801724,2.54698521289676,9.0438656074181,3321.04397795719,9.0730755766005,136.24820703149317,,97.98,92.7611,29.974,24.9382002000225,5.177,0.282675631947635,0.1501042,51.2556188,-0.4252199,88.3360494330142,57.3751819907049,2.953
MDA,2014,-0.969687699999999,-6.044,0.145,0.935586230703905,57.2270719133865,3.67896919655633,4.99962585407656,3289.95758568777,5.06366581042911,121.88517901052042,,93.17,95.5876,35.363,23.7825706600568,4.68,0.305194557556724,-0.0788413999999999,52.71254,-0.364908299999999,104.382597025321,59.1520634391167,2.298
MDA,2015,-1.03857019999999,-5.951,0.162,2.57078322101418,73.9000579215744,2.89663554883048,-0.338235622387202,2749.55137054338,0.429158887977096,111.18462156014614,,48.66,108.1696,42.096,24.0620907895527,13.528,0.329718543865743,-0.1714471,51.7200335,-0.419315799999999,105.06970563726,60.5100846814372,3.341
MDA,2016,-1.099628,-3.614,0.161,9.31714160455188,73.7875330771683,1.09561343852844,4.64601436259409,2847.08794770479,5.87017576429136,119.36261924864752,,43.29,113.0665,39.678,21.9868853235417,2.279,0.268595627765572,-0.1842961,51.2102318,-0.424311899999999,106.047154912204,61.5590591627244,3.02
MDA,2017,-0.937231199999999,-5.837,0.171,11.0936141460983,69.1928004139998,1.5715119911375,4.17561205106279,3453.26727720294,5.99041199822246,119.70533874025382,,50.8,112.8101,34.86,21.9389542125047,7.334,0.260534449680804,-0.181840299999999,52.9342436,-0.4332048,94.3536367146469,60.1455658753858,3.925
MDA,2018,-0.871319899999999,-10.77,0.196,4.13653370202165,61.8063335086727,2.75177990255296,4.07559546585034,4156.44981956646,5.92036718190722,120.1730401916504,,65.23,112.0038,31.8,26.5918106703471,0.9,0.262039473546905,-0.2383059,51.9299653,-0.4034988,95.915919225487,59.6244661995789,3.208
MDA,2019,-0.7732817,-9.421,0.204,8.17699207577161,59.1926642474052,4.44218297010915,3.5523140853476,4405.33418162155,5.22280984962049,131.4715934540646,,56.99,115.7333,28.792,25.1036618823408,7.5,0.249756859922812,-0.1474608,53.0763189,-0.3747443,95.6507638474012,59.2519024696919,3.256
MDA,2020,-0.7308378,-7.69,0.195,-14.8662964944982,66.675737691051,1.35047634241375,-8.27597831976949,4375.7788930524,-7.26326976771907,166.60730119735476,,39.16,117.774,36.633,23.8644443526077,0.39,0.245939852669041,-0.149089399999999,52.4677786,-0.377801599999999,96.1733374702658,59.1271275629698,4.053
MDA,2021,-0.550342,-12.408,0.174,17.5279544469256,64.9616495706485,2.8200678267721,13.9299997889786,5274.60582195352,15.6557976122015,168.30067705253205,,68.14,113.1051,33.639,26.8561258664432,13.94,0.235942049452034,-0.0451684,53.5023002,-0.2519381,96.5853430388789,58.7779623301966,1.797
MDA,2022,-0.421512599999999,-15.852,0.191,29.6833635894192,66.8632643722402,4.03446735088075,-4.6000000255323,5744.29618434435,-2.06640428713339,167.90513914799786,,94.9,120.698,35.038,27.3104295249444,30.24,,-0.2465629,54.1757478,-0.1948034,97.6136725974109,58.5846798598757,2.905
MDA,2023,-0.266050299999999,-11.31,0.175,4.83038741171407,62.8005085116462,2.15951089914844,1.2000000493378,6799.58594644576,4.11813611077881,180.44987982177733,4.087062146892655,77.58,120.2663,34.943,20.084591001224,4.2,,-0.2678685,54.002893,-0.1938657,97.8896863952854,58.4945696961615,4.031
MDA,2024,-0.2915803,-16.093,0.177,-5.02278241364699,57.1465378506246,2.51844626798863,0.103059364371205,7576.19589413326,2.41476213011262,221.0156972208821,3.15,76.63,122.893,38.132,21.1312285971513,6.97,,-0.3449915,54.1256767,-0.161332199999999,99.3439166347193,58.544726880019,4.496
MDG,2010,-0.3902245,-8.949,0.18,5.68499151275574,28.1124879975055,9.13867133828111,0.619239744622121,450.009391645726,-2.26580252727942,119.99545832174232,,79.48,93.0541,32.341,27.0273897313715,10.195,5.80844502636667,-1.1657418,43.1448046,-0.8509099,,86.1912662024353,4.78
MDG,2011,-0.4045495,-6.728,0.242,6.44566604851913,25.2856982129885,7.05979214971634,1.57842705366555,506.163691559309,-1.26548226968092,153.18591263180687,,94.88,88.7767,29.947,23.3511667280009,6.903,5.89544167157359,-0.8035247,43.1472397,-0.8607739,34.1198081970215,86.1541324397767,3.217
MDG,2012,-0.612370899999999,-7.463,0.227,-4.96150485334971,26.7087091899864,7.03680533355538,3.01114811621208,493.511162904211,0.20064094160324,161.96787185362544,,94.05,91.6361,30.435,20.1689187861962,5.778,6.69129717051904,-0.6903891,42.9812439,-0.8274005,35.3920151133501,86.1079263289671,1.01
MDG,2013,-0.7119532,-6.505,0.223,10.5823818838455,24.5044769963674,4.55464531104897,2.30037622800727,515.301589361832,-0.444341802421619,136.24820703149317,,97.98,92.7611,36.243,16.5129132506109,6.258,6.77436297702956,-0.6021042,41.0577378,-1.0194324,,85.9525757711906,1.782
MDG,2014,-0.783836699999999,-0.269,0.266,39.3554370853056,24.2440491437094,2.97751123297568,3.33920311195367,505.684922503435,0.605710119846222,121.88517901052042,,93.17,95.5876,37.848,16.4906896468032,6.026,7.17890334828133,-0.5624437,40.7715701,-0.914848,35.8148702330413,85.7593623933675,2.538
MDG,2015,-0.784991,-1.626,0.294,-0.641908174348885,27.4767144034678,2.89727727453157,3.13229807490305,445.320069480568,0.445748708056158,111.18462156014614,,48.66,108.1696,44.062,15.9918879278761,7.563,8.60993537983163,-0.526357699999999,41.0146834,-0.7873387,36.1207695007324,85.5683421479978,3.305
MDG,2016,-0.794875999999999,0.482,0.301,-0.980121656932596,26.0181703262019,4.56460803171494,3.99314606199499,453.970714522463,1.31063593376801,119.36261924864752,,43.29,113.0665,40.281,16.3659933895724,5.952,8.77277190379424,-0.4661162,42.2488365,-0.7441264,36.0765113830566,85.4387187628213,3.583
MDG,2017,-0.922522,-0.422,0.343,45.3959708490785,26.3828294698937,3.52797151000056,3.93330759462793,491.866848718929,1.26236994297058,119.70533874025382,,50.8,112.8101,40.13,15.8063768976943,10.598,7.63973631390415,-0.535016199999999,42.3403233,-0.7899503,34.7709486382629,85.2841308345373,3.878
MDG,2018,-0.9185574,0.716,0.333,2.44929777879361,27.8398702733725,4.44792798727992,3.19435651744398,500.45718552916,0.542519018708518,120.1730401916504,,65.23,112.0038,42.896,20.7029752410218,6.943,5.16989441363436,-0.7625617,40.8233981,-0.7923835,34.6266095687665,85.1290872848545,4.183
MDG,2019,-0.925669499999999,-2.289,0.287,10.9121909979713,29.6324583649625,3.36279830994653,4.41123212909589,499.818837622534,1.73013722889858,131.4715934540646,,56.99,115.7333,41.253,22.6840481290776,3.975,4.7078522848274,-0.529453,41.4643155,-0.8395324,32.8161749019587,84.9378549105182,4.485
MDG,2020,-0.8463989,-5.375,0.28,-36.6357270681283,38.2191601869722,2.74657132352467,-7.13767162064489,450.771615201509,-9.49182579621846,166.60730119735476,,39.16,117.774,52.084,17.7153251099228,4.569,5.65950524677075,-0.574674,41.1240676,-0.858634599999999,,85.5948004297467,5.874
MDG,2021,-0.9473613,-4.928,0.273,25.9494837443508,37.9205140933986,2.49072338064723,4.65068343174309,483.469463351195,2.05115869903585,168.30067705253205,,68.14,113.1051,49.538,16.3892313120054,6.158,5.5311886434036,-0.4612648,41.157451,-0.893154,34.1320359801924,85.0753472754052,6.056
MDG,2022,-0.9659728,-5.361,0.309,26.5122334315842,39.6850024837053,3.05272592480357,4.15609778386296,503.51453347296,1.6026818003365,167.90513914799786,,94.9,120.698,49.972,22.1619767688281,10.823,,-0.525026099999999,41.7518806,-0.9669241,,84.9434806513982,5.584
MDG,2023,-0.9853603,-4.055,0.273,2.36898635334772,41.4145410926583,3.27357918889341,4.20304615840668,508.718427705591,1.66887506096856,180.44987982177733,4.087062146892655,77.58,120.2663,52.697,19.9083555489204,7.451,,-0.840940199999999,41.4563036,-0.955411599999999,,84.7910373194925,5.43
MDG,2024,-1.00991649999999,-5.352,0.292,1.77714206102235,39.2117046150763,3.47985819890072,4.19999999988647,544.987501003384,1.69312025320663,221.0156972208821,3.15,76.63,122.893,50.408,22.224338487768,8.599,,-0.4805584,43.0564862,-0.8827065,,84.6148496361166,5.46
MDV,2010,-0.555744799999999,-7.322,0.525,,40.1281147350981,8.36376433060736,6.7854678229144,7173.59601844692,3.08074681818198,119.99545832174232,,79.48,93.0541,52.748,,6.927,0.0089659443934931,-0.1410869,52.1334087,-0.203502,70.0468136514648,27.3620643197921,23.344
MDV,2011,-0.542532799999999,-14.819,0.716,,35.5158602200661,15.2659407539778,8.84342600490342,7424.520410971,5.0911686527859,153.18591263180687,,94.88,88.7767,51.863,,16.654,0.0090711343084652,-0.2839227,50.9979816,-0.481858199999999,72.8434927609116,25.6831895753897,22.11
MDV,2012,-0.7108251,-6.645,0.767,,35.923424043945,7.89895747225905,2.38928797963442,7461.29703686309,-1.08988000428648,161.96787185362544,,94.05,91.6361,57.123,,5.43,0.0075357798063129,-0.3264349,50.8578841,-0.531052299999999,71.9760042609256,23.9912600145667,20.815
MDV,2013,-0.763904599999999,-4.303,0.801,,34.9521788047807,10.9503892160384,6.97496226412528,8236.08177944126,3.43150186988382,136.24820703149317,,97.98,92.7611,55.949,,3.064,0.0053091845265809,-0.0388545999999999,50.5161852,-0.774328,68.3872693233485,22.2344764577284,19.636
MDV,2014,-0.5760219,-3.656,0.756,,32.944864777841,9.01659145068896,7.86068643108074,8939.07416571472,4.32797689766733,121.88517901052042,,93.17,95.5876,55.065,27.8611798197388,1.173,0.0051749615676244,0.4805132,50.7148893,-0.5612798,72.9110894145066,20.436927847229,18.374
MDV,2015,-0.587453,-7.451,0.712,-3.05402914569423,26.4416895520383,7.21577938190819,3.86813536494475,9644.90655028145,0.341527920426657,111.18462156014614,,48.66,108.1696,54.844,31.9049232315583,1.158,0.0058691981993841,0.0821002,50.0148811,-0.6506457,73.441380211737,20.1674391657011,16.833
MDV,2016,-0.764795,-23.474,0.622,4.84672664905483,28.0382666399164,10.3547618700189,6.37528306716864,9947.80744731739,2.73896015037067,119.36261924864752,,43.29,113.0665,61.88,39.7662853405846,1.825,0.0066332699905883,0.079118,51.2605521,-0.623651,70.014084045724,19.8911419190872,15.126
MDV,2017,-0.8676893,-20.695,0.6,4.99128192963892,33.0008165324018,9.50514529202919,7.07442863215275,10509.628805812,3.57472677178792,119.70533874025382,,50.8,112.8101,63.752,42.8197158524795,2.234,0.005250919040168,-0.0431782999999999,51.2770443,-0.6815256,69.7419183184781,19.4950474649353,14.589
MDV,2018,-0.892958399999999,-27.837,0.453,9.6605902758637,47.2562178051555,10.6517647807373,8.5689555834747,11423.2838427029,5.16982903680598,120.1730401916504,,65.23,112.0038,70.653,48.970177770723,0.54,0.0025839646267691,-0.135999999999999,51.283826,-0.6259826,68.5727820261217,19.1009356736014,14.024
MDV,2019,-0.520747899999999,-26.07,0.653,3.96813342178544,51.7745443328391,16.7834728448357,6.92305989050099,11740.2724029785,3.71535274800274,131.4715934540646,,56.99,115.7333,77.203,43.161162875967,1.716,0.002748905294044,-0.0811059,51.3022107,-0.483730999999999,68.0857601310983,18.7276410499547,13.496
MDV,2020,-0.1711344,-35.072,0.675,-49.2377801804978,107.470713789041,11.8706880719155,-32.9088287752921,7393.8886543933,-34.8311671109222,166.60730119735476,,39.16,117.774,155.665,35.5119966004124,-2.044,0.0050240698343818,0.2036825,49.3515888,-0.3114817,69.8982015609094,18.328602414832,16.149
MDV,2021,-0.1632074,-8.651,0.602,129.265423794469,86.9049861911727,12.238665987932,37.507870124321,10176.143882547,33.7685588624398,168.30067705253205,,68.14,113.1051,123.372,25.1856622862565,0.16,0.0037018224234721,0.4430279,50.7650566,-0.1352825,,17.9129992937975,15.319
MDV,2022,-0.265023299999999,-16.273,0.477,18.0652424494464,73.0396211302368,11.8454662775286,13.8260895184139,11786.0191492983,12.0990628027296,167.90513914799786,,94.9,120.698,111.623,32.9897963177697,3.349,,0.2721525,49.30544,0.1059573,73.5234576648616,17.7230533543386,14.27
MDV,2023,-0.2664677,-21.288,0.53,4.34427926406731,68.5591205715148,11.5818458756845,4.94286301229583,12587.6126038651,4.56618167112615,180.44987982177733,4.087062146892655,77.58,120.2663,122.953,33.0509347055178,1.9,,0.0832571999999999,49.3090154,0.096589,79.3565296847573,17.4796859290093,14.124
MDV,2024,-0.335953799999999,-17.927,0.401,5.17684115104255,75.5586486708217,11.416720004027,3.49440422654285,13379.3513577224,3.14046759606626,221.0156972208821,3.15,76.63,122.893,133.951,30.7946843948579,4.288,,-0.0544563,51.1509754,0.0443492,,17.207119489017,14.809
MEX,2010,-0.383217,-0.34,0.148,23.0800779106657,28.5700387934223,2.76223720216686,4.9713345832195,9728.80078377082,3.47084287436401,119.99545832174232,,79.48,93.0541,40.155,23.3314894102504,4.402,4.9517973655552,-0.8229063,56.6929012,-0.5089477,87.2729263305664,27.1323174816299,9.704
MEX,2011,-0.4247504,-0.858,0.154,9.28677959846944,29.0507246273433,1.9442261568419,3.44404505794418,10664.4944032313,1.99026327799889,153.18591263180687,,94.88,88.7767,41.167,24.2517581318792,3.819,7.12685649981166,-0.7251572,57.5867828,-0.617978399999999,88.3800888061523,27.0383943361546,9.765
MEX,2012,-0.4579567,-1.41,0.146,7.91768222458853,35.2377254920235,1.45258915052409,3.55321075993527,10744.1335242686,2.1573183045698,161.96787185362544,,94.05,91.6361,40.815,24.3777390617044,3.568,6.64761771453207,-0.8010179,59.3810799,-0.5948829,90.6936187744141,26.5915706565839,9.357
MEX,2013,-0.5312775,-2.394,0.141,2.70170612292293,39.111064663244,3.83670268161454,0.852101559410627,11216.8008505428,-0.447810738278491,136.24820703149317,,97.98,92.7611,44.066,22.6807316074935,3.974,5.63992841356242,-0.804453299999999,59.3770062,-0.6475514,93.2623062133789,26.6149635386733,9.398
MEX,2014,-0.7528978,-1.821,0.132,7.57223004125309,40.8517099366641,2.08415748550878,2.50376350288664,11391.3773497683,1.27091420531951,121.88517901052042,,93.17,95.5876,47.093,22.2932759800089,4.081,4.74356172979305,-0.959658599999999,58.1486191,-0.5831095,97.3196868896484,26.1286776395464,9.418
MEX,2015,-0.840903899999999,-2.599,0.124,7.02945548063579,45.4803129174973,2.98783786595647,2.70232342550646,10021.2386118827,1.60971010585429,111.18462156014614,,48.66,108.1696,50.973,23.7361297440288,2.131,2.18360553071428,-0.892263399999999,57.7420193,-0.6829719,100.982269287109,25.8734166652499,8.516
MEX,2016,-0.8211672,-2.273,0.127,3.06730776042174,50.2965927131738,3.49768027047347,1.77249323845399,9097.92397674769,0.790955216102532,119.36261924864752,,43.29,113.0665,55.003,24.3433923355958,3.36,1.97524669608099,-0.833912099999999,57.4026104,-0.667592499999999,102.871368408203,25.368150093206,7.621
MEX,2017,-0.9481326,-1.797,0.133,3.19751891288757,49.85860000761,2.78307493352174,1.87172853327193,9649.27816772402,0.923425358691205,119.70533874025382,,50.8,112.8101,52.521,23.8923507095274,6.773,2.36148896456378,-1.0455954,57.4505902,-0.7300047,105.11018371582,25.01057468159,6.849
MEX,2018,-0.9427494,-2.064,0.139,6.5271205162929,49.1902287834628,3.01417850463095,1.97208209405635,10084.7937562021,1.01136621686764,120.1730401916504,,65.23,112.0038,52.202,23.47749306333,4.831,2.8911069990433,-0.927316799999999,54.8126908,-0.8062687,105.964653015137,24.9522096359473,6.815
MEX,2019,-0.8896518,-0.297,0.138,1.1642629972374,48.7169187460769,2.29651449578107,-0.392690505066824,10369.5553585271,-1.33462176883367,131.4715934540646,,56.99,115.7333,51.869,22.1485426373991,2.829,2.09126302062882,-0.8974274,54.2041143,-0.8760117,105.515609741211,25.2923719558328,7.16
MEX,2020,-0.853792,2.397,0.13,-7.01863272636623,56.8349663684666,2.81400875194225,-8.35403458167995,8841.27075039868,-9.10287154605422,166.60730119735476,,39.16,117.774,58.456,20.2366593506907,3.15,1.55983378352436,-0.7772933,52.9751437,-0.986665199999999,102.58154296875,25.6061584665131,8.053
MEX,2021,-0.8733867,-0.347,0.128,7.08564607665582,46.8965782589805,2.70530313509815,6.0484834621255,10314.0506722115,5.34306679586261,168.30067705253205,,68.14,113.1051,56.695,21.7074939343756,7.355,3.64307338835023,-0.736204699999999,51.8459998,-1.0248188,98.3202514648438,26.9162365538204,7.626
MEX,2022,-0.8757541,-1.207,0.143,9.50646019095787,40.8971913213688,2.67267286258385,3.70975709163623,11405.7940473759,2.93163505458958,167.90513914799786,,94.9,120.698,53.82,22.7701948909454,7.817,,-0.5890439,52.3971353,-1.0822517,98.3576583862305,26.7121637679536,6.465
MEX,2023,-0.9321625,-0.313,0.127,-7.23454215030102,34.0722892134803,1.70618868173612,3.35354140652768,13860.9597809326,2.45603364564664,180.44987982177733,4.087062146892655,77.58,120.2663,52.771,23.8945184286558,4.661,,-0.5984727,52.086238,-1.0777054,102.055458068848,26.1101792283655,5.844
MEX,2024,-0.9408772,-0.323,0.133,3.32671324478105,32.8920519832698,2.44966474077028,1.42742769080466,14185.7812248529,0.558373546635821,221.0156972208821,3.15,76.63,122.893,58.425,24.1235135559623,4.212,,-0.7154541,51.7749322,-1.15386449999999,103.093322753906,25.3176786585274,5.76
MHL,2010,-0.4162416,-18.107,0.831,35.489288593657,,-5.80799077083683,5.53918680023571,3095.45768964722,5.48848970412462,119.99545832174232,,79.48,93.0541,38.83,42.5252017380509,5.235,0.0,1.3502698,38.2012906,1.0194161,,,
MHL,2011,-0.1709639,-0.621,0.705,16.7145051897928,,-2.5425891687052,-0.502512562814076,3319.39815439151,-0.239905288671963,153.18591263180687,,94.88,88.7767,35.918,23.0809053975624,6.323,0.0,1.5682717,38.2447945,0.6288064,,,
MHL,2012,-0.1763141,-4.085,0.791,-5.2547226752623,,11.8283407902975,-1.29068462401796,3514.26515490383,-0.35386854623583,161.96787185362544,,94.05,91.6361,37.556,12.9106253458771,2.906,0.0,1.5672321,38.144135,0.6261616,,,
MHL,2013,-0.0429856,-8.997,0.737,-0.82057871537549,,17.4614535003172,3.80898237635019,3677.90690791421,5.32061452634225,136.24820703149317,,97.98,92.7611,33.353,24.3244098712446,0.768,0.0,1.5640556,37.7139174,0.6588507,,,
MHL,2014,-0.114215299999999,-0.484,0.822,12.0475374392867,,4.86434681611556,-1.25958378970427,3735.23977829545,0.495281427303354,121.88517901052042,,93.17,95.5876,34.943,20.4606989247312,1.289,0.0,1.5750282,37.6806744,0.6618356,,,
MHL,2015,0.81403,11.415,0.753,-0.871233558409116,,-2.9361124111434,1.88574597892401,3764.34426229508,3.96521735177255,111.18462156014614,,48.66,108.1696,33.875,17.3935220468155,-3.842,0.0,1.1425008,42.0173199,0.6868748,83.1655992680695,,
MHL,2016,0.7744119,9.919,0.668,-11.6880288509454,,-1.51429506881848,2.5040827436037,4229.80988911945,4.84812588584671,119.36261924864752,,43.29,113.0665,29.214,20.8306243805748,-0.776,0.0,0.8824277,42.3768641,0.6872034,84.9683299860961,,
MHL,2017,0.7728719,-0.907,0.651,-2.95637538541276,,2.73069605974974,3.55815188528943,4592.83457628576,6.18444127953049,119.70533874025382,,50.8,112.8101,26.532,22.6604117922321,1.036,0.0,1.1385207,42.396181,0.6863992,,,
MHL,2018,0.3468948,-2.03,0.761,6.00716707967347,,4.43275061931595,5.48717948717949,4858.12079054875,8.38496134170197,120.1730401916504,,65.23,112.0038,24.687,22.6444090909091,0.676,0.0,1.14243,42.267789,0.5808532,,,
MHL,2019,0.3505035,-31.172,0.76,11.9095182695681,,2.21765571320359,10.4521147301896,5292.33985502306,13.6597363046024,131.4715934540646,,56.99,115.7333,25.127,53.1513954486904,-1.658,0.0,1.1508696,42.2893233,0.8478418,92.6458959354737,,
MHL,2020,-0.0245517,14.907,0.774,-4.7168441256986,,1.25933048526425,-2.77288732394366,5661.96787336674,0.18904949035759,166.60730119735476,,39.16,117.774,21.669,20.6942928039702,1.541,0.0,1.0394581,40.7874298,0.7858463,92.9692504804612,,
MHL,2021,-0.0263173999999999,22.695,0.826,22.2399032677719,,0.191172042544106,2.15938183019058,6315.31279603534,5.46615805932551,168.30067705253205,,68.14,113.1051,20.056,19.6887541898137,1.753,0.0,1.004613,40.772682,0.7827543,94.7273914462945,,
MHL,2022,-0.0269237999999999,10.047,0.856,-18.8763421446807,,-3.02876781452366,-0.700563926576777,6455.66062185762,2.4956900977942,167.90513914799786,,94.9,120.698,19.808,26.439423792135,5.676,,1.2819745,40.3920908,0.836255,91.7037811279297,,
MHL,2023,-0.0290067,16.819,0.752,-2.39387012896658,,3.46876306926163,-5.00791779654826,6793.24495895856,-1.94973398748974,180.44987982177733,4.087062146892655,77.58,120.2663,18.669,19.2966214781479,6.133,,1.2823827,40.3962797,0.8357983,89.551989301237,,
MHL,2024,0.3907327,16.861,0.871,18.7413087150424,,4.60476895318283,2.50192717852873,7726.33668877794,5.99345708321974,221.0156972208821,3.15,76.63,122.893,16.679,20.7436397274432,5.988,,1.2772187,44.0188015,0.8357246,85.7558637219654,,
MKD,2010,-0.3133081,-2.029,0.15,23.680162195328,55.1658818503309,3.20438209801498,3.35875085773812,4833.36586759968,4.02171749784563,119.99545832174232,,79.48,93.0541,24.273,24.4680948373642,3.032,1.48054751512056,-0.453181499999999,53.0986497,-0.4166187,85.4283828735352,22.1168877953291,55.198
MKD,2011,-0.3397578,-2.509,0.171,16.1373816388304,58.0429260072242,4.83981702288781,2.33988604520331,5416.86672931659,2.81001401364465,153.18591263180687,,94.88,88.7767,27.728,26.9131339592319,2.784,1.31901217415565,-0.679646499999999,53.4840259,-0.3870299,,21.9425813123438,55.109
MKD,2012,-0.127850599999999,-3.164,0.17,1.95193522026595,67.5560932297406,3.46744163927686,-0.456183223607937,5049.8265386157,-0.0653472343038857,161.96787185362544,,94.05,91.6361,33.662,28.9271763841244,4.755,1.17381157835713,-0.399539,58.1657248,-0.1897024,85.8300170898438,22.0059153241328,53.713
MKD,2013,-0.0923630999999999,-1.646,0.182,6.09405835382699,60.1124927734005,3.72036775399161,2.92525766450484,5626.26115664893,3.30559670350297,136.24820703149317,,97.98,92.7611,34.04,28.8080479626054,1.376,1.1286016514686,-0.4044213,57.1554486,-0.2010497,83.8025588989258,23.4328595213876,51.588
MKD,2014,-0.145443799999999,-0.356,0.193,16.4794157542596,60.0036675912529,0.535807905351314,3.62912351276373,5925.38592218015,3.90792755780767,121.88517901052042,,93.17,95.5876,38.036,30.2952252615938,-0.588,1.18602847424584,0.2261526,59.2820953,-0.1921359,83.6949768066406,22.7689940950514,53.073
MKD,2015,-0.3062159,-1.752,0.2,8.47558398930785,67.6327026199251,2.94702779153329,3.85586514041738,5262.68671928674,4.13429050530651,111.18462156014614,,48.66,108.1696,37.998,30.4035752494839,-0.318,0.935040215942746,-0.2204312,59.1290211,-0.2782059,84.9836273193359,21.7458833814632,47.478
MKD,2016,-0.295904899999999,-2.615,0.212,9.08123190933263,71.8679514884869,5.14755489783813,2.84820519363306,5598.48622617967,3.1782257470099,119.36261924864752,,43.29,113.0665,39.721,32.5096882119049,-0.292,0.866322047138143,-0.3424451,59.1857383,-0.3194317,,19.4408796034363,48.48
MKD,2017,-0.2620741,-0.78,0.21,8.34679478927458,77.6192228036134,3.36726558000357,1.08177273813243,5955.2973863451,1.48936718625188,119.70533874025382,,50.8,112.8101,39.383,32.2729434757145,2.435,0.804308286542463,-0.249481799999999,60.2667493,-0.3143012,84.6865386962891,18.6452765096335,46.759
MKD,2018,-0.340857199999999,0.208,0.215,12.8051327847427,70.8671055226992,5.11494867914756,2.88059670964267,6713.98925398989,3.40375411089484,120.1730401916504,,65.23,112.0038,40.425,32.3288110664903,0.84,0.424659195176793,-0.1184433,61.1530795,-0.2267515,83.3533935546875,18.3217048097391,45.495
MKD,2019,-0.460025199999999,-2.972,0.223,8.87670264778933,73.878913843162,4.35892493383855,3.91041953840173,6718.85826635458,4.61869501137757,131.4715934540646,,56.99,115.7333,40.448,34.2601160992835,0.434,0.146172211539348,0.0391432,57.903711,-0.2862328,82.5312805175781,16.6952890178874,35.353
MKD,2020,-0.456976999999999,-2.93,0.221,-10.9319169784707,85.5780954490782,0.0622421869397704,-4.68845000956652,6659.59651070776,-3.65436823824773,166.60730119735476,,39.16,117.774,50.846,29.9173738943342,2.25,0.144963330218282,0.0891281999999999,59.6470523,-0.1729781,82.4416732788086,13.7737918709469,35.622
MKD,2021,-0.3856405,-2.78,0.247,14.278456708804,81.2137403910336,4.97315294989199,4.51067949038222,7620.80296977508,5.59213007924724,168.30067705253205,,68.14,113.1051,52.75,32.2207980039619,4.868,0.136921063560563,0.0908151,58.3934483,-0.117091,84.1619567871094,12.6611227235597,36.097
MKD,2022,-0.332673,-6.051,0.276,10.6003329562282,87.2903420648887,6.13067578989693,2.75888415332967,7606.2375253797,3.06193588427661,167.90513914799786,,94.9,120.698,50.449,36.0166355424196,18.747,,0.3218511,58.3733697,-0.1802257,91.4516372680664,12.154234727462,32.595
MKD,2023,-0.3541776,0.381,0.28,-2.98882309892889,83.6825253285971,4.04601094449743,2.554965253403,8674.35846327485,2.77356173391705,180.44987982177733,4.087062146892655,77.58,120.2663,50.827,29.6278058870411,3.625,,0.2173102,58.0409902,-0.2738806,90.0724868774414,9.93863251143773,29.685
MKD,2024,-0.3292214,-2.306,0.241,-3.95728679113732,81.1537085602971,6.23445070666485,2.99373536567732,9291.85661671864,3.18889944421623,221.0156972208821,3.15,76.63,122.893,54.834,30.5962109009491,4.3,,0.1558087,59.0627717,-0.224929699999999,,12.579395192586,28.656
MLI,2010,-0.5808838,-10.719,0.644,1.44513666561174,19.0859485309254,2.92612695500016,5.57678859838062,797.151541135109,2.20222024869554,119.99545832174232,,79.48,93.0541,25.289,23.0142230994493,1.833,7.66975245102324,-0.130322,46.7005502,-0.4185293,36.7189206176726,82.0318641392634,2.147
MLI,2011,-0.5360999,-5.057,0.59,-0.391520306139199,19.3256703955007,3.60372353519049,2.93537897086446,938.292902583696,-0.338811373050731,153.18591263180687,,94.88,88.7767,23.965,24.1469415013802,5.259,8.91011559605289,-0.7719954,47.4398056,-0.4621075,38.7492137225876,81.9149855991476,2.176
MLI,2012,-0.666150799999999,-2.193,0.655,12.5730531275084,21.2743322221424,2.68901249459022,-1.07239924132972,872.506092465564,-3.91930567411303,161.96787185362544,,94.05,91.6361,25.39,20.6933650621448,2.4,12.1110881558093,-1.9634653,46.5682579,-0.749730799999999,,81.77548455167,2.231
MLI,2013,-0.599550199999999,-2.887,0.642,3.88942343359213,22.7159140936048,1.95552894419919,3.29068742019345,901.920957644831,0.317423676118025,136.24820703149317,,97.98,92.7611,26.382,24.1390637301209,0.0,8.51315574828752,-1.6463052,44.914675,-0.822118999999999,39.2758121397099,81.6865392471941,2.28
MLI,2014,-0.6426253,-4.708,0.673,1.8738329073893,21.2679303567274,0.844265987943503,6.50263878409685,947.915033288325,3.18909645758293,121.88517901052042,,93.17,95.5876,26.907,26.625081854981,1.147,7.24892090404468,-1.59000419999999,44.6400283,-0.7038046,41.2349114693214,81.6420290685752,2.243
MLI,2015,-0.6307364,-5.323,0.701,15.9060898444037,24.5106089686809,1.7680955706499,6.23887890197454,838.11986940103,2.96620762317433,111.18462156014614,,48.66,108.1696,30.661,24.8949550301917,0.965,7.42711000514874,-1.5535933,46.8026875,-0.7521911,38.9892238642006,81.6734143772091,2.171
MLI,2016,-0.6456428,-7.242,0.733,1.50132243895527,23.5063008450627,2.129006916198,6.00506308559498,872.468587171653,2.70047363998611,119.36261924864752,,43.29,113.0665,37.221,27.3161677115008,-0.758,8.99083015150657,-1.5338819,46.0076297,-0.7584401,40.0999948578594,80.2390654902896,2.134
MLI,2017,-0.706974099999999,-7.285,0.611,2.27991137295005,24.2588970103253,3.0627942747803,5.37554769639952,924.057531692284,2.06891771144161,119.70533874025382,,50.8,112.8101,38.226,25.5449834134051,1.747,7.81614668872422,-1.71864139999999,45.9465801,-0.7545362,38.5485805738327,79.6571039576017,2.234
MLI,2018,-0.744831199999999,-4.899,0.732,14.4586345673254,23.1419238102101,2.29426079238045,4.86784999991505,996.379292136901,1.64097526491582,120.1730401916504,,65.23,112.0038,37.524,24.4943978534371,0.78,7.74269774600288,-1.87828559999999,45.1636568,-0.7515531,37.9832691019192,80.4414156362995,2.335
MLI,2019,-0.7719638,-7.457,0.794,7.86910809194148,25.264051034063,4.19531107984596,4.99999911608818,971.949318638092,1.87829272937594,131.4715934540646,,56.99,115.7333,40.725,26.5074433150938,-3.32,7.85842877214771,-2.05500729999999,44.5173834,-0.8086867,,82.2494960767689,4.669
MLI,2020,-0.7753949,-2.174,0.81,-12.6370395205503,29.1259873468337,2.5936673302322,-1.16910834828603,953.242943290974,-4.1067984565496,166.60730119735476,,39.16,117.774,47.334,20.6517365321331,0.721,9.46967710138959,-2.0594968,43.35893,-0.8335984,,84.98949427918,6.733
MLI,2021,-0.896400299999999,-7.605,0.859,0.80813941648519,28.7701638225669,2.78245724174957,3.10094124444834,1027.27345365357,-0.0065243104385217,168.30067705253205,,68.14,113.1051,51.561,23.8157419439418,8.847,18.4178821970492,-2.3319481,44.300427,-0.882688199999999,,80.596929894387,4.433
MLI,2022,-0.8528176,-7.654,0.842,10.6859192972747,28.8716429810643,3.17422530916772,3.70319027595568,976.914116406452,0.628812173551424,167.90513914799786,,94.9,120.698,50.342,22.1819624772823,7.763,,-2.4680844,43.6526916,-1.0213887,,76.5924519695763,3.205
MLI,2023,-0.849355899999999,-7.602,0.823,1.80000000000004,27.3071265527304,2.83131972701562,4.72541109080376,1043.9533853528,1.65672929216636,180.44987982177733,4.087062146892655,77.58,120.2663,51.881,21.5452284920776,-0.508,,-2.5578431,43.1271705,-1.0366418,38.9389470920545,76.4497311446465,3.861
MLI,2024,-0.9808589,-6.112,0.82,-1.60000000000005,24.9435630803084,3.43740692659041,4.99226917482922,1094.61949265799,1.94925730152001,221.0156972208821,3.15,76.63,122.893,51.83,19.5164229348668,4.653,,-2.49096199999999,42.8404382,-1.0943496,,76.2906027068025,3.841
MLT,2010,0.9659229,-4.479,0.428,17.6633451005733,,101.626395981622,6.19735041110465,21946.6069636029,5.6770062472165,119.99545832174232,,79.48,93.0541,65.033,21.8643920190938,4.044,0.0,1.2175773,75.9553526,1.4095187,105.11385345459,10.6509505973408,13.245
MLT,2011,0.9455787,-0.195,0.438,9.0605763861642,,79.7489301790045,0.99220191192282,23516.9691234302,0.565202297816086,153.18591263180687,,94.88,88.7767,68.938,17.5046053160408,1.476,0.0,1.0020842,74.0436483,1.2204987,94.1126708984375,10.6003854894853,13.341
MLT,2012,0.9075464,1.631,0.436,7.52720866009527,,34.5864895796676,4.10167392241412,22878.3130866521,3.16977820606121,161.96787185362544,,94.05,91.6361,65.611,19.2733853410524,2.75,0.0,1.0126603,74.3025314,1.2523387,95.5169982910156,10.6279548361978,13.846
MLT,2013,0.9129264,2.505,0.412,2.36349476638755,,4.72416455228897,6.29233375866998,25415.5566867731,5.09582251827085,136.24820703149317,,97.98,92.7611,64.945,17.098762790557,1.01,0.0,0.9719428,73.9212873,1.2109839,96.430793762207,10.661491985336,12.729
MLT,2014,0.8102062,8.315,0.37,6.09185762113236,,1.31122389873341,7.63136360845897,27424.5765646694,5.47839368855718,121.88517901052042,,93.17,95.5876,60.745,15.9078613410928,0.381,0.0,1.0486158,68.6348396,1.0293544,95.6191711425781,10.5960641271383,11.696
MLT,2015,0.8513513,2.639,0.351,24.0402302816078,,32.1027329494724,9.62070315764963,25529.6813337717,6.97062722408066,111.18462156014614,,48.66,108.1696,55.048,23.454925599466,1.253,0.0,0.9507103,70.5022862,1.0918616,93.432373046875,10.5392059256899,11.653
MLT,2016,0.7852018,-0.551,0.326,8.06774474594198,,23.0840199415211,4.07800355932196,26459.0770929988,1.72282096153398,119.36261924864752,,43.29,113.0665,53.149,21.9401763037172,0.963,0.0,0.9368787,71.6693303,1.0417449,92.2248611450195,10.5104064840035,10.713
MLT,2017,0.7943079,18.929,0.335,15.9924897591294,,299.824941003907,12.9713424962459,30317.2443175543,9.92374326439017,119.70533874025382,,50.8,112.8101,45.558,19.1594160464417,1.336,0.0,1.082828,74.6820596,1.1123707,99.5694808959961,10.4634553882641,10.589
MLT,2018,0.7416132,13.341,0.302,13.1905932974828,,452.221039544093,7.18921479603796,33382.2677499267,3.46851614170217,120.1730401916504,,65.23,112.0038,41.443,19.6534112858541,1.239,0.0,1.1121321,74.5172246,1.058595,100.396072387695,10.3026300291103,9.355
MLT,2019,0.4163584,17.897,0.285,7.19272888463129,,198.199590428716,4.08505582134097,32421.9179752262,-0.0478838227421505,131.4715934540646,,56.99,115.7333,39.249,20.9696312129439,1.283,0.0,0.9193493,67.9086729,1.018577,100.816368103027,10.3853008537984,10.07
MLT,2020,0.611326,16.01,0.247,3.78740589414267,,191.921781350293,-3.45728276294712,31823.4363934505,-5.62564990910049,166.60730119735476,,39.16,117.774,48.596,20.1169020286086,0.164,0.0,0.9914658,72.0560912,0.9438011,100.112777709961,10.5842764207216,11.536
MLT,2021,0.4667226,9.377,0.253,4.55628912516599,,433.392526462574,13.4117042939322,38096.8360735119,12.829488461795,168.30067705253205,,68.14,113.1051,49.602,23.068727489021,2.625,0.0,0.9318346,66.2346186,0.8666429,101.402908325195,10.2641120107123,9.871
MLT,2022,0.4469911,-0.755,0.29,11.6798001217414,,115.053872398938,2.48309993837792,35638.8869457406,-0.0182292034453724,167.90513914799786,,94.9,120.698,49.315,26.3781498400487,7.289,,0.9316852,63.7587752,0.8543614,101.95467376709,10.2810008403896,9.064
MLT,2023,0.3219728,6.403,0.332,4.85042076691767,,108.806291988427,10.6215185022616,40905.8059585057,6.29189585161325,180.44987982177733,4.087062146892655,77.58,120.2663,47.661,19.838129805231,3.699,,0.9382841,63.200202,0.7940278,103.027229309082,10.261356435023,9.323
MLT,2024,0.2667936,6.083,0.294,6.1954053885039,,170.537958922807,6.79990300224401,43898.5781808597,3.77715973676817,221.0156972208821,3.15,76.63,122.893,48.584,18.9710906304144,1.843,,0.8049169,62.6165553,0.72718,,10.2682472933653,9.119
MMR,2010,-1.1870224,4.766,0.39,,20.170486209262,1.81897202342465,9.6344394520444,1010.53417343401,8.82058943535873,119.99545832174232,,79.48,93.0541,58.845,,6.5,7.98804207462158,-1.0884224,28.4452065,-1.4706145,50.8663902282715,65.2948478098803,1.504
MMR,2011,-1.1856058,-1.904,0.374,,18.0535304149224,4.20127651183029,5.59148237823661,1213.62898703376,4.74658078594661,153.18591263180687,,94.88,88.7767,54.028,,3.017,7.3614633514873,-1.084601,29.7002283,-1.38043009999999,,64.8273974913864,1.533
MMR,2012,-1.3191853,-1.835,0.356,,19.1699328228031,2.22540068514517,7.33267044704149,1202.6658960055,6.43324807639843,161.96787185362544,,94.05,91.6361,51.911,,4.116,5.95623957618071,-1.05965779999999,27.0559383,-1.43519509999999,,64.4436589419547,1.555
MMR,2013,-1.149632,-1.197,0.323,,16.9906663206016,3.74085607932619,8.42600102501767,1199.09561597055,7.50873881521075,136.24820703149317,,97.98,92.7611,48.52,,6.934,5.85283366421301,-1.2724274,31.8617284,-1.26471579999999,,64.0888560084288,1.57
MMR,2014,-1.0510924,-4.186,0.423,,16.0697456201098,3.31904421353417,8.16990745558277,1293.00042319714,7.27568618509038,121.88517901052042,,93.17,95.5876,37.308,,3.598,7.88242876018736,-1.1507422,33.8613821,-1.2517405,57.1178512573242,63.7347654032358,1.575
MMR,2015,-1.0035195,-5.603,0.378,,17.7737905538591,6.85124098701507,6.99284029026121,1166.73305547935,6.13960007817474,111.18462156014614,,48.66,108.1696,38.402,,8.447,6.61317909325215,-1.123947,37.3547328,-1.24813,,63.4197974763633,1.588
MMR,2016,-0.854276199999999,-4.684,0.276,,16.4019689211179,5.17880132620963,5.86247291518572,1229.19713491328,5.02652118853597,119.36261924864752,,43.29,113.0665,35.701,,6.997,6.8108721648708,-1.01961219999999,40.9491673,-1.045056,67.7588500976562,63.1710927817521,2.551
MMR,2017,-0.7617201,-6.055,0.234,,16.8609916662603,7.27335555300642,6.13610824360305,1272.82241815234,5.31957403505668,119.70533874025382,,50.8,112.8101,41.878,,5.419,7.82010371696471,-1.24136,41.5672335,-1.09124359999999,72.3457412719727,62.9396632462135,3.586
MMR,2018,-0.7679218,-1.303,0.232,,16.2637631750898,2.60563229837277,6.26886221471075,1298.21310327675,5.50179746363222,120.1730401916504,,65.23,112.0038,38.749,,7.921,6.70278022169487,-1.29787299999999,41.9833546,-1.1735375,77.0191497802734,61.8662706505316,1.843
MMR,2019,-0.7649935,-2.238,0.241,,15.3935737924956,2.31211211146102,6.57911006765414,1425.98954241668,5.83309474734135,131.4715934540646,,56.99,115.7333,38.295,,6.612,5.88188183004994,-1.3625611,41.4523781,-1.18669769999999,,63.0863742673827,1.313
MMR,2020,-0.6277817,-0.452,0.218,,17.2950651539903,2.41393222802876,-9.04834717984643,1490.21683599469,-9.69306034482335,166.60730119735476,,39.16,117.774,48.719,,2.644,4.66301426840348,-1.5318775,43.3709289,-1.1631619,,63.2020972622548,4.955
MMR,2021,-0.9391159,-2.4,0.196,,21.0676114738987,3.11492561747141,-12.0163724829177,1242.7213439951,-12.627100008178,168.30067705253205,,68.14,113.1051,59.243,,17.299,8.6785038087485,-2.09394989999999,36.9317165,-1.5648147,,62.636150327052,12.818
MMR,2022,-1.136637,-3.351,0.215,,20.5015111684972,1.98946076043536,4.0374934360085,1158.05005055976,3.32202841461704,167.90513914799786,,94.9,120.698,55.648,,28.555,,-2.2412758,34.9853355,-1.65875779999999,,62.7382656719031,10.148
MMR,2023,-1.11163979999999,-2.2,0.206,,18.5621659533207,2.27715131661601,0.958446625126115,1233.19666209269,0.255328677987336,180.44987982177733,4.087062146892655,77.58,120.2663,57.936,,25.331,,-2.2086828,32.07131,-1.7242442,,62.8150740990455,10.069
MMR,2024,-1.2527062,-1.189,0.218,,15.2759866470065,1.47879223317634,-0.97204641363362,1359.05001560107,-1.63760945284048,221.0156972208821,3.15,76.63,122.893,61.295,,28.0,,-2.0903985,32.4717779,-1.811602,,62.8809350494971,9.967
MNE,2010,-0.560026599999999,-20.31,0.371,5.54292162778378,109.450559999765,18.328887946631,2.77559782547836,6678.63930800758,2.58744435496348,119.99545832174232,,79.48,93.0541,45.007,22.2701240129796,0.422,1.13777818472308,0.5091882,54.1122899,-0.1052593,98.99609375,13.5646639896962,36.707
MNE,2011,-0.559879,-14.777,0.389,15.1332710945358,120.599424500904,12.3507061996589,3.40978812497193,7265.51668681954,3.25692677248162,153.18591263180687,,94.88,88.7767,48.572,19.1045005763001,3.691,1.44368759270254,0.502446,53.9991126,-0.1620815,93.1708908081055,13.6885117874976,37.039
MNE,2012,-0.337634999999999,-15.28,0.339,-3.40047907781501,148.578405687495,15.1805596099333,-2.48732882965353,6552.48071710904,-2.65570357284696,161.96787185362544,,94.05,91.6361,56.87,20.0742817028936,5.052,0.935069599243676,0.6136633,55.2207511,-0.0747745,92.6130599975586,13.5308399754752,44.038
MNE,2013,-0.342360799999999,-11.391,0.302,2.44696171229324,162.271066149197,10.0960454055249,3.38612548540247,7102.77882895852,3.1920026066844,136.24820703149317,,97.98,92.7611,58.654,18.8466986569303,0.335,0.672962195676965,0.5891056,55.8367276,-0.0539604,,13.3341155075822,41.825
MNE,2014,-0.156991599999999,-12.41,0.234,-1.43473187964432,145.213666098796,10.8522476721182,2.37030892464516,7342.17339453427,2.18041940678877,121.88517901052042,,93.17,95.5876,63.36,19.4950094143958,-0.334,0.781260837765096,0.3043294,58.4871369,-0.0473708,,15.8009763459264,36.008
MNE,2015,-0.1544911,-10.991,0.223,6.1391806472467,161.075640491041,17.4489052276704,2.52306333975571,6421.00307345999,2.37419874424694,111.18462156014614,,48.66,108.1696,68.76,19.7357949684861,1.42,0.731313641257514,0.2272366,58.9818375,-0.0128937999999999,91.863410949707,17.5176662438848,37.722
MNE,2016,-0.1624556,-16.235,0.213,2.00963956842055,142.171899905147,5.20261621395497,3.4393056210999,6968.01539365317,3.32318817615919,119.36261924864752,,43.29,113.0665,66.39,24.9598939884942,1.01,0.837536371542947,0.2828464,59.130461,-0.0365595,90.5575180053711,17.9513212165164,36.061
MNE,2017,-0.1096413,-16.085,0.207,1.78384628840973,147.132283550519,11.6708961729682,3.21668504736274,7674.2813940676,3.11297073146422,119.70533874025382,,50.8,112.8101,66.207,28.6467194795715,1.921,1.33941998042343,0.0506422,60.2614201,-0.0822842999999999,90.6022262573242,18.4448843583726,31.846
MNE,2018,-0.0848879999999999,-17.001,0.218,6.91410172342127,145.516425086107,8.93818094782242,4.73292113433965,8673.59128084795,4.65668340285264,120.1730401916504,,65.23,112.0038,71.885,31.3513275722887,1.623,0.837441665171651,0.131692,59.477049,0.0650279,91.4442672729492,18.2673176204542,29.61
MNE,2019,-0.0626438,-14.276,0.198,5.81220538791054,150.5755948108,7.61542118173081,4.39391565821528,8749.02375172644,4.34144828521134,131.4715934540646,,56.99,115.7333,78.793,30.9122493495261,1.042,0.616491593549262,0.1956009,59.50513,0.0784686,91.84033203125,17.1951615346331,25.305
MNE,2020,-0.0359882,-26.052,0.199,-47.1935725628894,217.163003315186,11.2394405744141,-14.9926187023533,7538.53635992191,-14.970505034482,166.60730119735476,,39.16,117.774,107.348,30.0875172767022,-0.899,0.723002993565649,0.0295754,58.7502941,0.1134367,92.3578720092773,18.0487234115164,36.216
MNE,2021,0.0383454,-9.201,0.218,79.1363795467572,161.103035512735,11.9123394477171,13.0462607426359,9317.15520065156,13.3242405343679,168.30067705253205,,68.14,113.1051,85.627,25.4685729632185,4.622,0.637197671980386,-0.0332398999999999,58.3479115,0.0178112,93.1638412475586,16.0786040344538,37.399
MNE,2022,-0.0127453999999999,-12.931,0.313,19.3384573045455,138.582570450991,13.9582230042507,7.73954689516201,10024.5435616209,7.99214069071184,167.90513914799786,,94.9,120.698,70.552,27.5825933417284,17.223,,0.0236518,58.9512661,-0.0546103999999999,92.1609725952148,15.6930575971075,29.795
MNE,2023,-0.0680776999999999,-11.363,0.302,9.03393621755122,113.95522100629,6.87914947745747,6.47836283518564,12259.8775034436,6.48895040768953,180.44987982177733,4.087062146892655,77.58,120.2663,60.468,25.4474865908397,4.251,,0.262079,57.9733103,0.1276478,93.8724975585938,14.9459877422762,23.335
MNE,2024,-0.0594344,-17.433,0.198,-3.95232322213246,108.635519944661,7.24824965709432,3.16409886329913,13263.3281277699,3.16476067540844,221.0156972208821,3.15,76.63,122.893,62.642,25.880193688808,2.121,,0.3318563,56.8707823,0.1813833,,14.6934480892311,23.952
MNG,2010,-0.6280549,-12.324,0.52,,89.6927669740165,23.5263365544641,6.3651616786311,2625.21881402433,4.52004039651671,119.99545832174232,,79.48,93.0541,30.975,42.0869542882428,9.513,35.907762365776,0.6671331,50.4810954,-0.322234099999999,91.1776885986328,51.6938950988822,14.559
MNG,2011,-0.5822872,-43.345,0.556,18.2354991998968,100.810671243824,43.9121127615061,17.2907775869555,3736.04201455077,15.2830434931644,153.18591263180687,,94.88,88.7767,32.653,58.1507247959228,10.505,42.2166543859938,0.5645353,49.9876391,-0.236366,,50.7207540195897,10.274
MNG,2012,-0.6058663,-43.825,0.56,8.30489696635554,140.031588117475,34.7559826095308,12.3198198494032,4328.89001905655,10.2081460867694,161.96787185362544,,94.05,91.6361,43.692,55.8986192180437,14.26,22.2729540576189,0.604855,48.8168919,-0.2337148,,47.4458075294625,8.366
MNG,2013,-0.5605354,-37.608,0.373,12.8394587843417,169.849941329761,16.3700755246398,11.6489161878925,4340.14310544449,9.36487841658389,136.24820703149317,,97.98,92.7611,49.423,53.2757084028233,12.0,18.6702255850788,0.643466,47.4393861,-0.2558773,,45.6974158951049,10.581
MNG,2014,-0.5593028,-15.821,0.468,53.1665151271844,201.7487171776,2.7625883357052,7.88522548204762,4126.23975800524,5.5513088464518,121.88517901052042,,93.17,95.5876,43.963,35.1752976434075,11.571,16.08653421855,0.887271,49.980102,-0.246084299999999,,44.7802015506778,11.961
MNG,2015,-0.586661299999999,-8.162,0.497,0.121671372839671,226.396329174487,0.811709460633853,2.37983580731722,3838.92126989984,0.223539088154311,111.18462156014614,,48.66,108.1696,50.547,24.5138485191018,2.049,9.87899879376714,0.7608377,50.0615109,-0.2154153,,45.7324390393422,12.738
MNG,2016,-0.6103892,-6.273,0.398,15.5161626202982,257.495492491549,-37.1726532341221,1.48978448679577,3619.90026383792,-0.547071462431205,119.36261924864752,,43.29,113.0665,78.678,22.6294099437432,1.255,10.050012393618,0.7157785,54.4257295,-0.1441468,,42.770038480005,20.14
MNG,2017,-0.5320484,-10.064,0.432,3.69153031287195,301.213847625128,13.0160280600797,5.63687638694772,3645.96708669551,3.6220070103727,119.70533874025382,,50.8,112.8101,86.898,27.4062542965908,6.32,17.0883999734036,0.716039,54.2972082,-0.1693798,,45.0654424807444,17.435
MNG,2018,-0.573848799999999,-16.709,0.455,6.07062184523477,264.705286108799,14.8088797144773,7.74488062024881,4107.64288528468,5.75427016552706,120.1730401916504,,65.23,112.0038,76.539,39.3779275132102,8.159,19.8676151919941,0.7490657,55.278976,-0.179897299999999,91.2949725153641,43.379279883151,16.46
MNG,2019,-0.6152153,-15.216,0.456,11.9770203286065,263.625221019326,17.1989395200126,5.60224422064255,4347.54610314873,3.67988421239794,131.4715934540646,,56.99,115.7333,66.837,35.591845156927,5.28,14.7739570464507,0.7382926,53.8159244,-0.2038322,88.7463471502002,43.0872230340125,21.128
MNG,2020,-0.6207183,-5.067,0.413,-5.2646294005022,270.758627164147,12.9130799939653,-4.55775197583431,4001.25193077703,-6.26542378289111,166.60730119735476,,39.16,117.774,83.392,22.3835976647751,2.559,13.4736928829141,0.7498288,52.7452878,-0.1742243,95.3826370696027,42.5677512191222,14.889
MNG,2021,-0.6644684,-13.793,0.426,-14.6346655791823,267.816579054365,14.217731942267,1.63676957736662,4517.61578018785,-0.0614212834574062,168.30067705253205,,68.14,113.1051,67.728,36.7190295728399,13.872,33.1372162654312,0.7338327,52.8374907,-0.1731689,98.3276220923038,40.75670403291,16.508
MNG,2022,-0.662165,-13.434,0.527,32.2734825144826,217.358336876823,14.6053065112102,5.0327096366527,4993.51487463495,3.50307766866899,167.90513914799786,,94.9,120.698,64.489,42.3321000384678,13.234,,0.6315013,51.7932697,-0.1500746,93.5508272676123,40.0864297905538,11.434
MNG,2023,-0.6187813,0.597,0.463,33.1614745570681,193.629879463826,11.0581069914836,7.4221127615025,5838.63108083902,5.95952333228973,180.44987982177733,4.087062146892655,77.58,120.2663,45.873,33.9003731595217,7.895,,0.6432601,54.215834,-0.1575492,96.8181201904352,39.2935505593375,11.605
MNG,2024,-0.4859579,-9.285,0.463,0.746513641748734,181.85657688514,11.6924984371367,5.12204539122661,6750.6301157724,3.82045181254634,221.0156972208821,3.15,76.63,122.893,44.363,35.5452639328236,9.039,,0.4203821,53.7469717,-0.09977,,38.7660011987917,11.542
MOZ,2010,-0.6420833,-14.717,0.481,1.37114830726095,101.617142296998,11.0275561357338,6.67972935662864,496.185839392659,3.86194568743883,119.99545832174232,,79.48,93.0541,38.551,23.195521262122,17.477,10.2684840762505,-0.0221082999999999,46.4542085,-0.6362812,25.1208838457009,85.42258799863,6.871
MOZ,2011,-0.648115,-22.769,0.37,15.3608794534169,93.7558362929531,25.0623636819297,7.13405842300445,618.17649286789,4.19033881987379,153.18591263180687,,94.88,88.7767,34.155,29.4060839527514,6.13,11.3709466025082,-0.0890489999999999,46.0307001,-0.7838554,26.0157578808472,85.1498804682842,6.922
MOZ,2012,-0.5844214,-40.687,0.292,10.4109443284015,119.124597767191,33.767102801243,7.9945031610722,685.685748199513,4.93805479095479,161.96787185362544,,94.05,91.6361,36.679,50.5904295928331,2.024,11.9192598207508,0.0409192,46.8947358,-0.6756875,25.6446165136399,84.8516900713105,6.928
MOZ,2013,-0.7525881,-39.978,0.275,2.00868659830763,169.070905618775,38.9428653441902,6.57141389665537,686.505672517351,3.53500457192386,136.24820703149317,,97.98,92.7611,49.482,56.3958108944659,3.533,11.6325534065914,-0.495572499999999,46.0035354,-0.9450097,34.4439086914062,84.6002217474557,6.986
MOZ,2014,-0.861341399999999,-35.806,0.267,25.7735833949881,194.508168334933,27.8047100445849,7.70256844839309,697.142680444123,4.62514159794316,121.88517901052042,,93.17,95.5876,63.403,53.6431747577994,1.916,11.9039028509476,-0.6196453,45.7141157,-0.904627899999999,33.95458984375,84.3080822200555,7.027
MOZ,2015,-0.8687712,-36.818,0.286,-5.40963241970576,241.615881289574,23.8654900431928,7.3930936986377,610.563774706589,4.32231286612486,111.18462156014614,,48.66,108.1696,86.034,42.245787501845,10.574,12.2160721685778,-0.6842917,44.7627773,-0.8527751,34.5285606384277,83.9329454622233,7.097
MOZ,2016,-0.991651899999999,-31.866,0.266,-6.66623272315505,366.763623134235,25.9187724637849,4.69699024225795,441.489734819071,1.67319789859388,119.36261924864752,,43.29,113.0665,124.808,46.2803958702032,24.332,16.3133886142564,-1.2808563,43.9067676,-1.0119212,,83.8479873950088,7.401
MOZ,2017,-0.9645689,-19.492,0.292,3.24689065861661,362.951495919371,17.4831119319856,2.63820737310658,470.93856305196,-0.38371430909207,119.70533874025382,,50.8,112.8101,103.792,32.2043068430655,3.746,18.0510410834352,-1.06530219999999,44.1039167,-0.9914898,37.2411918640137,83.7895819758208,7.798
MOZ,2018,-0.8725989,-29.467,0.273,17.2720111600082,345.085258316259,11.1741431838994,3.48493202422782,517.507260258101,0.445674338631605,120.1730401916504,,65.23,112.0038,105.525,45.9807658182121,3.542,16.3975888133586,-0.798038799999999,43.3276142,-0.9808812,,83.7913050847769,8.173
MOZ,2019,-0.8757647,-16.138,0.285,-2.67398498106863,364.511823633353,21.7841914901932,2.31781394821475,519.09255091362,-0.646283515954551,131.4715934540646,,56.99,115.7333,98.262,40.8461199313593,3.885,12.6767242973038,-0.8295224,43.4251747,-0.9656024,,83.8602767430364,8.511
MOZ,2020,-0.7627176,-26.521,0.266,-15.1589721040351,432.222289870322,22.3944370320025,-1.21952250011192,462.433876479921,-4.10527399484737,166.60730119735476,,39.16,117.774,119.966,44.8266764679686,4.403,11.8639361284365,-1.34575129999999,42.63799,-1.0406476,,84.3719798374396,9.707
MOZ,2021,-0.809070699999999,-21.251,0.265,16.7570560916445,407.031730767108,32.7522138534006,2.37743572761507,509.907829475551,-0.606316436997986,168.30067705253205,,68.14,113.1051,104.336,40.369313777893,7.335,14.9074768559672,-1.2675269,41.9511351,-1.0487663,,84.0028622055047,9.836
MOZ,2022,-0.9013357,-36.435,0.299,26.5058098114799,379.630335980732,16.0042947069706,4.36445074432608,578.251663751351,1.33335997379926,167.90513914799786,,94.9,120.698,100.259,43.2043468044561,10.866,,-1.3208653,42.4629934,-1.0728381,,84.0700181405171,11.619
MOZ,2023,-0.904286399999999,-10.91,0.296,-5.92986930062,355.368526234506,12.8268059338812,5.48149036541776,622.000297682823,2.41156866266468,180.44987982177733,4.087062146892655,77.58,120.2663,90.758,19.535274541865,4.284,,-1.41840379999999,43.002182,-1.1016921,,83.9721727715252,11.471
MOZ,2024,-1.0618104,-11.597,0.262,-3.4050150543912,350.573066715697,15.4256916399298,2.14854964610538,656.776824637306,-0.791001789666225,221.0156972208821,3.15,76.63,122.893,96.625,17.6602368096018,4.147,,-1.7581974,42.8211624,-1.1949508,,83.8421992309295,11.498
MRT,2010,-0.6166503,-6.336,0.433,3.17476930543468,63.9658175195976,2.31890567703789,2.62022948104543,1659.96369705455,-0.603277391963445,119.99545832174232,,79.48,93.0541,43.947,32.2510831347375,6.143,33.2699514566613,-0.815385999999999,46.8567204,-0.899488699999999,20.4244003295898,54.7587556344853,15.351
MRT,2011,-0.5421054,-3.826,0.425,0.037781634729555,56.6317449678541,8.70335489423716,4.17278327815399,1931.19975525465,0.846509288912657,153.18591263180687,,94.88,88.7767,38.839,38.6535658588818,5.472,30.8504418081025,-1.0034248,47.2590556,-0.953907899999999,22.7523097991943,54.4102082302176,15.22
MRT,2012,-0.734616199999999,-18.802,0.44,5.94967328901448,65.4300838485043,20.6013054045892,4.47001319170479,1859.11733247641,1.11502444521069,161.96787185362544,,94.05,91.6361,39.317,49.1668225188386,3.405,21.4879263870309,-1.0990669,44.1563157,-0.989272199999999,27.0638964405956,54.4673290896989,15.087
MRT,2013,-0.7989219,-17.214,0.473,1.17864024704382,64.3590935844152,15.5890028558149,4.1508131898954,1934.24103064714,0.935521308544125,136.24820703149317,,97.98,92.7611,40.734,47.5574424488877,4.486,16.9330193063232,-1.1394547,41.6326423,-1.069894,30.2620419125702,54.3997823236945,16.199
MRT,2014,-0.9214158,-22.231,0.433,2.7138629178765,71.479052914401,7.62361704174833,4.27482328814457,1713.00865264234,1.18070235725725,121.88517901052042,,93.17,95.5876,49.542,41.7967195897633,5.001,13.1805355570468,-0.7612141,41.7288433,-0.9896735,30.6988232872483,54.7184569477374,17.358
MRT,2015,-0.9528354,-15.467,0.359,2.59600156817345,83.4140311520752,8.13584950372229,5.37633924099251,1554.94897871782,2.25580164537985,111.18462156014614,,48.66,108.1696,59.888,38.4614769908791,-2.83,6.19132704450206,-0.776510199999999,41.9011855,-0.9742152,31.196307538775,54.8462545663261,18.503
MRT,2016,-0.8308534,-11.019,0.361,-0.444283501219672,80.8665818451545,4.23731114711712,1.26090923067225,1565.76575722696,-1.72979667450247,119.36261924864752,,43.29,113.0665,57.554,31.2776418660843,2.77,8.04558334879584,-0.9065538,44.0638415,-0.915534499999999,32.187587041888,54.7006194405038,19.825
MRT,2017,-0.8700694,-9.978,0.368,7.10217131967741,78.1837937696366,8.65007999188081,6.27054566937677,1615.00401327323,3.14237147997393,119.70533874025382,,50.8,112.8101,55.664,37.8824922383055,1.236,9.09659277147784,-0.7637873,43.7032974,-0.806902,31.7565696757394,54.7113701142417,20.967
MRT,2018,-0.8944903,-13.057,0.369,1.77760950573823,70.2585908458328,10.3416772803986,4.77217365692621,1722.93528854073,1.70257047246483,120.1730401916504,,65.23,112.0038,59.182,46.4331362118471,3.154,2.808310001036,-0.748524899999999,42.8482419,-0.823958899999999,35.5293425627344,54.3785868005739,22.196
MRT,2019,-0.981007499999999,-10.529,0.406,14.2597796146134,69.003636509372,-11.1917343784634,3.14100489306969,1767.072710621,0.139308524548838,131.4715934540646,,56.99,115.7333,57.687,40.0113579283691,2.702,2.61191416207025,-0.645438,42.853978,-0.7821412,37.5793709898761,53.9312008606684,23.371
MRT,2020,-0.7915263,-6.809,0.435,-9.16603561109005,69.7120215454525,11.2328299227716,-0.360657384151068,1795.76459566714,-3.22895410596585,166.60730119735476,,39.16,117.774,56.489,38.6593231676652,1.826,2.43870903966116,-0.6263455,41.0897774,-0.7061772,36.0277030077074,54.7307408849683,25.518
MRT,2021,-0.879153,-8.573,0.523,-12.8556593026616,52.7281781201758,11.6047527792442,0.742715486567747,1947.78918383313,-2.12417721486563,168.30067705253205,,68.14,113.1051,54.45,40.6159856690742,5.707,11.4487520863931,-0.5222228,39.5660863,-0.8740834,,54.2057129602975,24.854
MRT,2022,-0.8477941,-14.89,0.458,16.8000000353021,47.9899990566287,14.6644208551054,6.79600500489967,1960.35240077424,3.71273074709404,167.90513914799786,,94.9,120.698,50.457,49.0681215273204,11.014,,-0.2992865,39.5934434,-0.8487425,,54.1465116600873,23.509
MRT,2023,-0.7965253,-8.784,0.449,3.51544511660261,43.0383110395313,7.90868374475115,6.80949001978621,2135.78187606359,3.6874901052298,180.44987982177733,4.087062146892655,77.58,120.2663,47.453,44.5439783104002,1.569,,-0.504269499999999,41.2773469,-0.8540015,,53.8401728108733,23.24
MRT,2024,-0.933744999999999,-5.766,0.477,12.0071442064635,41.8283000583246,13.2039338372346,6.30760213290844,2110.12036938187,3.2855217223692,221.0156972208821,3.15,76.63,122.893,44.92,43.0818501467663,3.0,,-0.5595872,42.590242,-0.863509899999999,,53.6221990164643,23.038
MUS,2010,0.3259093,-9.919,0.212,14.195145202953,79.2577259050381,4.23808594970717,4.37720322344293,8113.17670740212,4.12919884822152,119.99545832174232,,79.48,93.0541,54.392,26.7282315985642,6.177,0.0974197638212974,0.502475,67.6203618,0.837472,86.9073104858398,17.7558946259372,23.524
MUS,2011,0.343491,-13.175,0.23,5.22256842664859,87.090929977457,3.71075064331171,4.07753806610333,9324.24232310496,3.91100124069837,153.18591263180687,,94.88,88.7767,54.865,23.620010739216,4.81,0.11394942379722,0.4718019,66.7624959,0.8838383,88.7222900390625,16.9773380897825,21.588
MUS,2012,0.4410037,-6.997,0.227,3.51169516626624,88.5078216143609,4.97804411127418,3.49611836470866,9421.52514098225,3.20949947880025,161.96787185362544,,94.05,91.6361,51.05,24.0434130852371,3.179,0.0967703151522881,1.0701031,70.1416474,1.0288472,92.1094389658945,18.4003075300154,23.574
MUS,2013,0.4205264,-6.104,0.219,-6.01002816648305,98.0701377984213,2.35929777878695,3.36040609974133,9877.13865958834,3.11040555437714,136.24820703149317,,97.98,92.7611,53.483,21.2822749430924,4.063,0.0778091714247043,1.0531756,70.0292161,0.9329893,93.7982864379883,18.7223125274695,22.175
MUS,2014,0.4563263,-5.278,0.201,5.80805157088051,94.8372492709574,3.44327494440095,3.82696982009337,10490.3315563853,3.63919007388208,121.88517901052042,,93.17,95.5876,55.966,18.8434092990307,0.239,0.0835433781723541,0.8096197,72.7993746,0.9599584,97.075353264043,17.7693523234544,24.728
MUS,2015,0.2903886,-3.473,0.19,3.77515309192562,83.0036301868853,1.77973545308924,3.69055690369433,9630.5437837507,3.55335696562737,111.18462156014614,,48.66,108.1696,59.42,17.2696292161448,1.281,0.0279823507404004,1.0248107,70.832035,0.8836384,93.9681984718368,18.4793648571833,25.564
MUS,2016,0.3223687,-3.901,0.188,-1.02767628122866,80.4577519799629,2.96891288123063,3.8624682634,10095.1225574156,3.79113070734437,119.36261924864752,,43.29,113.0665,59.265,17.0515093773708,2.325,0.0271234375700913,1.0313567,71.6273546,0.9620156,94.4362545563892,17.6566949986946,22.979
MUS,2017,0.2855506,-4.464,0.196,1.21150835880759,74.5189348704116,3.45396863043017,3.93798380632353,10986.7034093005,3.84430800639895,119.70533874025382,,50.8,112.8101,58.706,17.4349834928399,4.271,0.0033925221114426,1.0144918,71.6858871,0.9262704,92.5403344955972,17.8361421590915,24.231
MUS,2018,0.3016043,-3.769,0.169,1.2269709912253,71.7181512600384,3.078791712383,4.00674057198549,11818.7480619272,3.9500354872734,120.1730401916504,,65.23,112.0038,68.086,18.5929173028616,1.76,0.0024072017824738,0.8991856,71.2777086,0.926741,91.4171358592572,17.8800959882402,24.196
MUS,2019,0.3198001,-4.977,0.175,3.6111163427274,81.0716747686362,3.03223371830849,2.89128499346516,11568.2533399824,2.85812532389771,131.4715934540646,,56.99,115.7333,83.665,19.1587201983377,0.879,0.0023597874187131,0.9291254,70.0043067,0.8929962,93.1354968676317,18.1614758194029,22.083
MUS,2020,0.3426669,-8.884,0.173,-20.7303955991138,101.298413512918,1.94246862517576,-14.5465381490166,9135.84773751062,-14.5484955921362,166.60730119735476,,39.16,117.774,80.395,17.9660771142475,2.711,0.0026299613568509,0.928832,70.5906282,0.9547352,89.5019998431496,17.9604445640099,25.032
MUS,2021,0.416008,-13.096,0.156,9.47470551482026,115.15137402835,2.24180552669211,3.40379866177662,9177.71195973013,3.37766873430745,168.30067705253205,,68.14,113.1051,74.166,19.5586402172747,6.766,0.0027152691322786,0.9264413,69.6623397,0.7212842,,16.1664334138072,25.369
MUS,2022,0.3948817,-11.112,0.155,30.5110354078629,124.122312928641,4.21993412406582,8.69306675264066,10246.5017455553,9.02116317337462,167.90513914799786,,94.9,120.698,73.908,20.411044705092,12.193,,0.8607357,69.0073274,0.6838381,,15.8397058744943,22.321
MUS,2023,0.3417899,-5.141,0.168,9.5209612538107,123.586942977986,5.39963130399295,5.00791900868131,11269.9684462139,6.17485400645448,180.44987982177733,4.087062146892655,77.58,120.2663,76.432,19.9232351140484,3.854,,0.8348296,69.7560661,0.6633408,,15.5717369644636,16.448
MUS,2024,0.3404819,-6.498,0.171,2.16252059313152,123.165055468656,4.56073459342588,4.92512304864294,11990.7798944837,5.16667893688918,221.0156972208821,3.15,76.63,122.893,82.87,21.2102068838197,2.889,,0.7903521,69.6879982,0.638614,90.7246586359898,15.2834024965418,16.499
MWI,2010,-0.4404681,-6.096,0.516,,10.1861815496722,0.957814621345542,6.87406585416142,683.124694716799,3.76961752338009,119.99545832174232,,79.48,93.0541,19.312,,6.27,6.02572508561474,-0.0357653,48.6839499,-0.132729899999999,33.6619814891638,61.7614774363974,6.517
MWI,2011,-0.3507495,-6.117,0.406,,10.522553020403,6.97752227761724,4.93266999813729,763.061000394572,1.91798932347378,153.18591263180687,,94.88,88.7767,19.983,,9.798,5.97687719996186,-0.1906666,47.2734124,-0.1907518,34.7371599213107,61.521607307057,6.579
MWI,2012,-0.4934439,-6.94,0.507,,15.4152516993896,-0.101285426070357,1.90000000072909,558.46208832772,-0.983601161818072,161.96787185362544,,94.05,91.6361,28.606,,34.577,8.95123535585595,-0.0861299,43.3885661,-0.2988361,34.8210140987042,61.4040977541535,6.71
MWI,2013,-0.643145499999999,-6.499,0.462,,19.85391823941,5.61985138978348,5.41034999817167,496.947368267313,2.46076368480048,136.24820703149317,,97.98,92.7611,35.347,,23.5,10.1501360274794,-0.203203,42.8198786,-0.236368299999999,37.847295845447,61.2565407324386,6.751
MWI,2014,-0.819742899999999,-6.994,0.442,,19.2215926499317,6.79541385727369,5.62527000105139,529.5133440206,2.70386402914775,121.88517901052042,,93.17,95.5876,33.515,,24.152,9.61846301856776,-0.0287147,43.4664169,-0.3096161,39.5435659506335,61.1106315207764,6.753
MWI,2015,-0.829149999999999,-12.214,0.46,,19.1396926868478,3.12107477506801,2.80000000003355,539.605363240686,0.0079251828197612,111.18462156014614,,48.66,108.1696,35.455,,24.855,8.89901041042248,-0.0522558,43.0381235,-0.320057,39.7291461793841,61.0069364041053,6.75
MWI,2016,-0.8277565,-13.105,0.512,,23.4326204329779,1.46272973143861,2.49999999914311,450.506105510719,-0.256367435160101,119.36261924864752,,43.29,113.0665,37.08,,19.969,10.9739875833904,-0.2578002,43.1684601,-0.3434887,38.1843681335449,60.9467499185129,6.819
MWI,2017,-0.715168199999999,-15.529,0.614,,24.7544283085607,1.0085487596618,4.00000000089172,495.769683367165,1.22138049385239,119.70533874025382,,50.8,112.8101,39.975,20.2873149467203,7.061,7.00371862797528,-0.313000899999999,44.0624962,-0.2603898,39.6154222954854,60.884421449249,6.865
MWI,2018,-0.8171813,-12.044,0.571,-2.04592427772965,23.7046530017529,0.779538295941585,4.35356471619211,533.202567189331,1.60299745635619,120.1730401916504,,65.23,112.0038,40.808,21.276061190562,9.892,5.20814805353589,-0.3896791,44.2673055,-0.2926334,38.8324397802949,60.8003222826038,6.853
MWI,2019,-0.802321,-12.611,0.535,18.6083679449109,22.5064008416382,0.499715595789277,5.71682519194337,580.889139762475,2.9515101541935,131.4715934540646,,56.99,115.7333,41.187,21.9119103002645,11.527,4.24376277062568,-0.2824512,44.4046146,-0.3048007,35.5212672502146,60.6858021929867,6.812
MWI,2020,-0.4785598,-13.828,0.518,-4.42326887086712,25.8886794398271,2.14268264715469,0.793596429787286,602.507478176106,-1.82835240679078,166.60730119735476,,39.16,117.774,53.858,16.7106351396417,7.645,4.09928170325885,-0.0766165999999999,43.2955825,-0.262679899999999,41.4565075090498,60.6513220619037,7.831
MWI,2021,-0.4316195,-15.235,0.449,17.219558839367,26.6288989509456,1.04617739110529,4.55829212016083,617.446994451007,1.88076432929152,168.30067705253205,,68.14,113.1051,66.546,16.915576065163,11.529,4.22250421289741,-0.102843499999999,43.9038089,-0.2454536,35.8885917563293,60.1016299952936,7.632
MWI,2022,-0.6548107,-17.616,0.449,-24.0748216554421,27.7078594488565,1.5988861608404,0.921115069005936,604.269740360317,-1.63749399398691,167.90513914799786,,94.9,120.698,75.496,15.9327969038503,25.43,,-0.166924,44.2995044,-0.215452999999999,35.5084899925617,60.0633319021039,6.848
MWI,2023,-0.627533999999999,-17.334,0.455,22.3793011143692,29.1854366990484,1.60106112476406,1.94575281675984,633.214767978695,-0.642220906290575,180.44987982177733,4.087062146892655,77.58,120.2663,86.123,14.4830771619003,34.48,,-0.242439899999999,43.7205008,-0.1343556,36.644092994481,60.0058962741485,6.842
MWI,2024,-0.6486607,-21.817,0.351,,35.2492254102013,2.27963607830505,1.6734340852915,522.570393642547,-0.912638164593119,221.0156972208821,3.15,76.63,122.893,74.38,,28.115,,-0.3802084,45.6372095,-0.1463001,,59.9678483206137,6.889
MYS,2010,-0.0491702,9.941,0.165,10.4190697711896,,4.26864663854031,7.42484738326097,8899.34505544675,5.43424070379723,119.99545832174232,,79.48,93.0541,51.212,23.3865410976414,2.119,9.61503786168569,0.1752999,65.1696881,0.2255439,77.2140274047852,23.7573337175695,10.871
MYS,2011,0.0660407,10.741,0.168,4.17939292099967,,5.07446032143377,5.29391283414003,10217.1068585031,3.46597439015295,153.18591263180687,,94.88,88.7767,51.898,23.1882579658738,2.964,9.94490616865965,0.0582972,63.1404583,0.1386142,77.5925369262695,23.6315615169377,9.821
MYS,2012,0.1532346,5.094,0.164,-1.74185630630429,,2.82905738174529,5.47345419253853,10600.5744240026,3.69276569143121,161.96787185362544,,94.05,91.6361,53.788,25.7486213670602,1.248,9.20599203286687,-0.0196796999999999,66.7689843,0.2392426,81.2371978759766,23.5472548775513,10.137
MYS,2013,0.215957,3.435,0.172,0.259247755062191,,3.49431175959971,4.69372252557893,10713.6407638899,2.91923259894287,136.24820703149317,,97.98,92.7611,55.656,25.9371066959614,3.223,8.46715106760802,-0.0428372,68.1848005,0.1917656,80.938362121582,23.4283918216193,10.072
MYS,2014,0.2951748,4.327,0.178,5.0402807640718,,3.14122940365348,6.00672194558203,11013.3107334403,4.20447757863825,121.88517901052042,,93.17,95.5876,55.373,24.9776084262813,2.663,8.64507399532146,0.0879800999999999,68.7857468,0.2420724,83.2836303710938,23.2718456794385,9.77
MYS,2015,0.2439907,2.987,0.17,0.252695294744427,,3.27094402931735,5.09153242155011,9648.6797937523,3.28578556272301,111.18462156014614,,48.66,108.1696,56.971,25.424263277142,2.683,6.5709120658644,0.0447869,66.8868094,0.1141708,81.5115814208984,23.1090988540635,10.979
MYS,2016,0.1034428,2.393,0.174,1.31947890684599,,4.47130958598651,4.44978139761541,9476.53409809923,2.62004557566016,119.36261924864752,,43.29,113.0665,55.787,25.9955119994004,1.742,5.20040474859063,-0.0158376,66.36164,0.098701,79.8283920288086,22.9297722423797,10.836
MYS,2017,0.0731841,2.791,0.192,8.68299981546335,,2.9358203805856,5.81272240983328,9862.54806612235,3.96186564548185,119.70533874025382,,50.8,112.8101,54.395,25.5473434515187,3.51,6.23600042741287,-0.011848,66.9472518,0.1306432,78.8863677978516,22.7369119991234,11.277
MYS,2018,0.4935415,2.231,0.217,1.93299044038197,,2.31458721219734,4.84308697634881,10901.8019954421,3.07401779071937,120.1730401916504,,65.23,112.0038,55.646,23.8974199608763,0.165,7.32744449685636,0.1769644,66.6588099,0.2863954,74.4872817993164,22.5679872332003,11.395
MYS,2019,0.4609033,3.498,0.216,-1.04474337511823,,2.50697705748044,4.41318742129586,10920.191763972,2.75950122381441,131.4715934540646,,56.99,115.7333,57.083,21.0482403944815,0.991,6.19635932474839,0.1608892,66.7821061,0.3389272,75.3229827880859,22.3861951665897,11.211
MYS,2020,0.420523,4.166,0.242,-8.56065822976629,,1.20275464255821,-5.45684658426701,9957.52626697613,-6.7093351308522,166.60730119735476,,39.16,117.774,67.693,19.6580082281542,-1.39,4.54156531962687,0.1400704,64.9178769,0.3499706,73.2459411621094,22.5479268476525,12.365
MYS,2021,0.3015023,3.886,0.23,18.5432003937888,,5.41626377085161,3.31534954399166,10903.1037480772,2.13146199778431,168.30067705253205,,68.14,113.1051,69.162,22.1257083996672,3.234,6.92196634868479,0.196108,66.3694753,0.3016338,74.9618181140898,22.3601724399696,11.579
MYS,2022,0.3710292,3.19,0.253,14.5086507945167,,3.68486215546291,9.03173723044451,11754.5678336248,7.73357563754043,167.90513914799786,,94.9,120.698,65.5,23.5862921622175,3.775,,0.2483001,65.2051438,0.2952941,78.8341986282999,22.2450763145993,12.159
MYS,2023,0.380697,1.547,0.271,-7.87919899007487,,1.97990062716743,3.5370638041057,11386.0395636528,2.26723785284469,180.44987982177733,4.087062146892655,77.58,120.2663,69.749,22.8017590224926,2.489,,0.2281849,64.1428062,0.3016843,79.4472788704033,22.1461272529112,12.146
MYS,2024,0.4983973,1.7,0.261,8.30126334091115,,3.6930953933026,5.10545921024041,11874.4273684245,3.83035137439249,221.0156972208821,3.15,76.63,122.893,70.391,21.9538831069426,1.834,,0.3847799,65.5948635,0.3451357,80.2757406864183,22.0152567584813,12.25
NAM,2010,0.3382449,-3.975,0.224,2.76602024130403,,2.51525326747705,6.03924947955858,5418.21633365814,4.40996877603639,119.99545832174232,,79.48,93.0541,16.328,23.7799989593426,3.06,2.39089689019764,0.7872857,57.399393,0.2970201,68.0998401813149,32.3695619825766,44.529
NAM,2011,0.3080152,-6.903,0.235,-3.29455796758224,,6.41681322346953,5.09133813864338,5834.7917675794,3.30348908465837,153.18591263180687,,94.88,88.7767,27.45,22.0540088688971,7.397,2.071941381811,0.7152049,54.9752973,0.1702201,72.4541177178611,32.1891919501481,39.367
NAM,2012,0.4912085,-8.6,0.256,1.00571090405555,,7.98613044962652,5.0616820696264,5942.64680978673,2.74809367129893,161.96787185362544,,94.05,91.6361,24.628,26.7226689596707,6.383,1.73059224032469,0.843349,57.6854472,0.2567192,74.2465574610051,31.9028982155355,34.093
NAM,2013,0.4707981,-8.153,0.252,2.79912265377492,,6.45232765797467,5.61471962254485,5346.62131149967,2.90208375663774,136.24820703149317,,97.98,92.7611,26.113,29.3954197576571,4.894,1.17402632983259,0.8788275,58.3605365,0.2527678,76.142480002464,33.0415439001758,40.505
NAM,2014,0.4361437,-9.43,0.255,10.479381019039,,3.58316691192793,6.09251915977956,5378.32326241205,3.35635017944713,121.88517901052042,,93.17,95.5876,27.572,34.7765509650404,4.634,1.64153563776896,0.6369054,57.6707214,0.2053057,76.7595646559311,30.2903228912083,38.733
NAM,2015,0.4537303,-13.62,0.294,-11.9730683633852,,7.40068055968424,4.26417453763675,4774.10650865775,1.53445826192009,111.18462156014614,,48.66,108.1696,42.09,30.5564396891943,3.696,1.8752743624842,0.7175058,58.7083673,0.2731422,78.2608012276393,27.7534858797013,41.224
NAM,2016,0.4077914,-16.502,0.28,-0.608453007965863,,3.34570437311555,0.0337944502063294,4395.68776162376,-2.62833210419717,119.36261924864752,,43.29,113.0665,45.833,22.0299428254904,7.298,2.60379046438201,0.6657313,57.1900858,0.3115188,79.2606097203135,25.2387412698568,44.21
NAM,2017,0.3675534,-4.425,0.258,1.94525778643606,,2.17505730200543,-1.02724808856709,5143.96072323076,-3.69773452685817,119.70533874025382,,50.8,112.8101,43.829,17.7664956160323,5.167,3.35579400030648,0.6294292,56.3726184,0.2204754,79.5334606379175,28.2416469156753,41.466
NAM,2018,0.4425861,-3.553,0.259,16.0856595253786,,1.71299808328534,1.05993949860752,5308.60813408705,-1.70342664632669,120.1730401916504,,65.23,112.0038,48.744,14.9163471003735,5.15,1.26282912430688,0.6942559,55.8603153,0.183239,78.8626899009705,31.2299500052078,37.974
NAM,2019,0.4318792,-1.765,0.282,-8.74213633202525,,-1.40710628631611,-0.839152163419357,4731.9210318831,-3.57649160039189,131.4715934540646,,56.99,115.7333,57.568,15.3291127102813,2.588,1.43731396410693,0.5859149,56.7701954,0.1859134,79.0125016773938,31.1635053741339,38.157
NAM,2020,0.3917523,2.987,0.266,-16.5534120500698,,-1.41889955275348,-8.10140201443319,3878.58982993966,-10.7372931134497,166.60730119735476,,39.16,117.774,64.297,13.9292034235476,2.361,1.93029383948291,0.5126308,56.0742657,0.2186834,82.8872992484077,31.4324056753632,41.505
NAM,2021,0.3260821,-11.233,0.25,-2.09740440431912,,6.77514897706551,3.60382919248703,4412.8355693052,0.588992664401843,168.30067705253205,,68.14,113.1051,69.604,17.5126568387859,4.494,4.03058059383138,0.5136089,57.2165928,0.2859049,83.3329528489539,30.8251390026402,40.1
NAM,2022,0.3167748,-12.772,0.255,23.1798355839236,,8.40166893779959,5.3987247803654,4349.79908493314,2.51308808227621,167.90513914799786,,94.9,120.698,69.433,19.9742056445263,6.904,,0.3736395,56.1534208,0.3187607,81.8163691171532,30.6894020678322,37.809
NAM,2023,0.1649292,-15.267,0.272,13.267823782725,,18.4906995136203,4.44280600303956,4187.60500396525,1.85444870324957,180.44987982177733,4.087062146892655,77.58,120.2663,67.16,28.0124983478241,5.297,,0.4150583,56.2293949,0.3088084,81.6173009252032,30.4900323026183,37.129
NAM,2024,0.1265202,-15.37,0.246,0.0801057130635883,,14.4696554951116,3.71154502416731,4413.12752211572,1.41712041604308,221.0156972208821,3.15,76.63,122.893,67.701,25.6134843991812,3.397,,0.5467327,56.9904385,0.3278567,81.9566828199727,30.2329035871356,37.24
NER,2010,-0.6019841,-14.507,0.376,19.7297198009182,18.5156916420841,10.146689915564,8.57816674262253,474.425692340831,4.60766589552573,119.99545832174232,,79.48,93.0541,15.078,32.6404605165102,2.677,6.88472156897825,-1.0817352,46.8668819,-0.6195252,12.8063202484136,84.9220348027154,1.21
NER,2011,-0.511074399999999,-16.369,0.414,-0.905191892102692,23.7262671614508,12.1645061403035,2.35775693603874,510.75956176268,-1.38136228282855,153.18591263180687,,94.88,88.7767,14.747,31.613128828242,1.413,8.1477117559769,-0.758722799999999,46.4655923,-0.5181874,13.6643213754076,85.0449478824275,0.466
NER,2012,-0.435072099999999,-10.854,0.402,18.9350539565992,18.3017222078689,8.92367913404553,10.5489445763446,528.510104469655,6.45537638540985,161.96787185362544,,94.05,91.6361,18.13,29.3142436915252,0.707,10.3335481762903,-0.883146299999999,43.4406969,-0.6902391,14.8037867184503,86.5940614905656,3.854
NER,2013,-0.374697,-11.274,0.348,8.93493591738532,18.6548282769277,7.03516563238375,5.31513063394726,552.103334363117,1.43045373805732,136.24820703149317,,97.98,92.7611,19.554,29.7124814690798,1.099,11.466881046248,-0.934017,43.4410975,-0.7158576,15.9596510320284,88.2035235752737,2.328
NER,2014,-0.4434815,-12.068,0.408,-0.502549689751561,17.6428952553323,7.57591181433667,6.64213665495603,565.30989731175,2.77949866185601,121.88517901052042,,93.17,95.5876,22.086,31.1100819925506,-0.579,10.2730531340882,-0.9806619,43.0827551,-0.6904258,17.8459505465436,89.8005286529566,0.674
NER,2015,-0.4307116,-15.347,0.399,-4.70799561718722,21.9307650945134,5.46761764113716,4.39264883207291,485.662574175279,0.604320140159473,111.18462156014614,,48.66,108.1696,29.87,32.3568228692158,2.13,9.74015905746736,-0.7994889,43.5327989,-0.5809198,19.6922012498743,89.6738370623966,0.704
NER,2016,-0.4203841,-11.417,0.371,-10.0056576426591,23.3974451516055,2.89774478323805,5.74089315058157,502.706475406446,1.92620628769158,119.36261924864752,,43.29,113.0665,32.827,27.5210696310413,-2.156,9.68635453036973,-0.944319999999999,44.5521278,-0.5704113,22.6700395113082,89.5564132319769,0.716
NER,2017,-0.4352048,-11.397,0.352,14.6953459744315,26.1671298879706,3.02823024727599,5.00536078615544,521.804130023434,1.33285572403285,119.70533874025382,,50.8,112.8101,36.507,26.0152521380461,1.747,9.37929042574549,-1.0412801,44.7740033,-0.5600199,23.7611505662509,89.4367629884533,0.734
NER,2018,-0.4471908,-12.681,0.397,-4.2557800337914,23.6932555242712,3.63037399478134,7.21141802762897,578.568035680892,3.57478885227313,120.1730401916504,,65.23,112.0038,37.01,28.9187722247215,1.618,6.79609733342576,-1.1906754,44.3917814,-0.5744578,,87.2743463489649,0.739
NER,2019,-0.438836799999999,-12.173,0.353,1.10758568813678,26.5897762591554,5.56378872795104,5.93985257123522,561.691304349698,2.43270218960372,131.4715934540646,,56.99,115.7333,39.787,30.6723209374769,-2.317,5.81263963543114,-1.19014889999999,44.6864988,-0.5391518,,85.1949694646867,0.75
NER,2020,-0.529990899999999,-13.192,0.554,-3.8226978350321,34.5774485452582,2.62395545283651,3.55064109436891,579.512495758236,0.189464640804786,166.60730119735476,,39.16,117.774,44.971,28.4897323087862,3.063,5.56826403591678,-1.502479,43.0387654,-0.5192429,,85.4349535890963,0.743
NER,2021,-0.5632509,-14.066,0.597,4.14314096103791,32.7020935952753,3.98812628006033,1.38359636198477,608.722439593808,-1.86257596023195,168.30067705253205,,68.14,113.1051,51.338,27.5604161245789,4.89,6.40907047167716,-1.4793091,43.9100702,-0.598975199999999,,84.7432756503633,0.718
NER,2022,-0.5631731,-16.174,0.665,14.2217200275403,38.6144336945622,6.25880834283465,11.9000000000277,609.745147574878,8.3198637261773,167.90513914799786,,94.9,120.698,50.599,29.6208107643846,3.108,,-1.299076,44.2324538,-0.665473,,84.3641037899289,0.397
NER,2023,-0.517433,-13.878,0.39,-8.05187000575179,34.0171755670095,6.14147869426916,1.66763406484279,638.336080897887,-1.62761880925538,180.44987982177733,4.087062146892655,77.58,120.2663,51.888,21.6844069972649,7.181,,-1.65337929999999,43.3796331,-0.804084799999999,21.5605140503495,84.2026758255113,0.398
NER,2024,-0.6169138,-5.522,0.48,32.5000135723987,27.5138701036448,1.80157547660986,10.3000000007793,735.270255787226,6.73976595652603,221.0156972208821,3.15,76.63,122.893,47.168,22.0531487338986,4.632,,-1.7634214,42.8377492,-0.9457241,19.8664761204349,83.9882595987927,0.391
NGA,2010,-1.1312205,3.505,0.762,,8.39261604734311,1.64207369186652,8.00565591628701,2202.25672957344,5.0285377931029,119.99545832174232,,79.48,93.0541,9.393,,11.765,13.8029914948457,-2.0245506,40.4907662,-1.11565809999999,41.7837982177734,69.5004870633622,7.861
NGA,2011,-1.1407268,2.54,0.762,,8.71768198369707,2.133117701613,5.30792420289453,2418.41316975875,2.39734841623091,153.18591263180687,,94.88,88.7767,17.431,,10.31,17.5539035632028,-1.9456535,41.0548122,-1.061201,43.0239906311035,68.9862218092157,7.896
NGA,2012,-1.1466737,3.719,0.758,,8.89341234144098,1.52378233769127,4.23006117493223,2633.19734671361,1.37822146587332,161.96787185362544,,94.05,91.6361,17.577,,11.984,15.1485150031193,-2.08835269999999,42.9894119,-1.0854852,44.4557914733887,68.6764005074477,7.861
NGA,2013,-1.1851958,3.65,0.786,,8.61753445373024,1.06953936497778,6.67133539306167,2872.79083379398,3.81449207685264,136.24820703149317,,97.98,92.7611,18.289,,7.927,11.6227181116144,-1.98930569999999,43.1766928,-1.18585759999999,52.7967300415039,68.3730459179012,7.713
NGA,2014,-1.29811949999999,0.157,0.769,,8.40912650109517,0.817478467870197,6.30971865525431,3088.72131316169,3.53757268118461,121.88517901052042,,93.17,95.5876,18.156,,7.978,8.78193552361452,-2.18554969999999,42.3399905,-1.1320206,42.7821502685547,68.0524386363546,8.044
NGA,2015,-1.1613946,-3.123,0.735,,9.37394526748953,0.621501637000126,2.65269329543001,2585.73360671797,0.081979577825436,111.18462156014614,,48.66,108.1696,21.024,,9.554,4.55410681800406,-1.66777129999999,43.1887847,-0.960877499999999,43.8246917724609,67.8949499147729,8.457
NGA,2016,-1.0910815,1.254,0.759,,10.978230289557,0.853395742751916,-1.61686894906509,2070.4127339595,-4.01892534268501,119.36261924864752,,43.29,113.0665,24.469,,18.547,4.65772615666869,-1.7100665,42.0092749,-0.8794569,39.3068084716797,67.7538029076989,9.1
NGA,2017,-1.14439619999999,3.61,0.753,,17.7307590012602,0.642182922336257,0.805886619102438,1876.34027111773,-1.61585537268604,119.70533874025382,,50.8,112.8101,25.355,,15.372,7.80498492445019,-1.90978539999999,42.5913838,-0.793796,,67.4370001536973,9.707
NGA,2018,-1.1452871,1.727,0.766,,16.9165675219792,0.183821495682229,1.92275734200614,2057.87944554011,-0.406836852099559,120.1730401916504,,65.23,112.0038,28.695,,11.442,9.79850822600435,-1.8854786,41.7722226,-0.813823899999999,40.4885292053223,67.143265827459,10.138
NGA,2019,-1.1258494,-2.884,0.776,,17.479665389895,0.344961215904222,2.20842927714892,3189.81286498516,-0.0100047593980293,131.4715934540646,,56.99,115.7333,30.192,,11.982,8.35322267194456,-1.97320729999999,41.2266686,-0.8377059,,66.9029949275054,10.418
NGA,2020,-1.1178348,-3.698,0.735,,20.4924439613801,0.398484830422215,-6.36889840510109,2797.18458068686,-8.34242347930724,166.60730119735476,,39.16,117.774,35.625,,15.753,5.07484002483035,-2.0090379,40.86723,-0.8413031,44.1220893859863,67.9560091981761,10.842
NGA,2021,-1.1909306,-0.738,0.75,,22.2682603874306,0.543909122152652,1.10925253938163,2787.48779224428,-0.988127022973842,168.30067705253205,,68.14,113.1051,36.789,,15.625,8.55295423830806,-2.0135756,41.0997371,-0.926327599999999,45.444938659668,67.4186651886349,8.991
NGA,2022,-1.225087,0.214,0.751,,22.1867351582616,-0.0288727652154093,4.31882949523192,2899.16047470324,2.15831410306673,167.90513914799786,,94.9,120.698,40.435,,21.344,,-1.9526169,39.1494195,-0.9998212,,67.2492936811999,6.024
NGA,2023,-1.098731,1.655,0.758,,29.036832236491,0.384195197914633,3.32684556421316,2138.76383719983,1.18123657085347,180.44987982177733,4.087062146892655,77.58,120.2663,48.673,,28.922,,-1.9559706,41.8131115,-0.934848799999999,46.8931503295898,66.9627274265273,5.131
NGA,2024,-1.1145909,9.144,0.694,,60.0447244122839,0.428249682662515,4.06236408888319,1084.16041805436,1.91718752367555,221.0156972208821,3.15,76.63,122.893,52.9,,34.796,,-2.0025617,44.8748237,-1.0069453,,66.7350467677387,5.088
NIC,2010,-0.8482531,-8.875,0.215,16.3151416646463,82.4187917914779,5.59335824334059,4.41009911716546,1526.56706951408,2.9388092403868,119.99545832174232,,79.48,93.0541,30.347,24.8398681398148,9.23,4.15315104137442,-0.5388003,47.819042,-0.8388047,71.3924407958984,41.6199881908991,12.083
NIC,2011,-0.8486233,-11.908,0.218,8.25763109041439,83.5100184553,9.5791738556055,6.31668553491842,1679.71192084633,4.82579847166105,153.18591263180687,,94.88,88.7767,28.794,30.9826454263625,7.95,5.12065108678162,-0.457223,47.7423472,-0.7770366,,41.342207128488,10.189
NIC,2012,-0.843244,-11.724,0.199,12.3963741752344,90.4941987647134,7.36516075625111,6.4961364710876,1784.69836017555,5.0120845551519,161.96787185362544,,94.05,91.6361,27.852,31.0116770587447,6.619,4.62546930334416,-0.4628059,48.4960365,-0.832325,,41.0628956316593,8.142
NIC,2013,-0.815753,-12.569,0.205,3.81556420192027,98.1495212959426,8.78722600899979,4.92709413447304,1835.43996363715,3.47943447123747,136.24820703149317,,97.98,92.7611,28.835,30.9047521156944,5.675,4.95048345059701,-0.3620672,48.9722719,-0.8327561,,40.8057415138236,9.007
NIC,2014,-0.9953873,-8.028,0.217,6.44849190793526,95.9109123249239,9.06363827053251,4.78546013589983,1958.37047579547,3.35791289379488,121.88517901052042,,93.17,95.5876,28.69,28.8793454871994,6.48,4.2211834678271,-0.1441664,48.5194508,-0.9055411,,40.546603155565,8.437
NIC,2015,-1.01658009999999,-9.873,0.224,-0.984061312911734,93.8499574183771,7.58033255797744,4.79226768332697,2074.45620634731,3.37914204919937,111.18462156014614,,48.66,108.1696,28.911,33.4766376040407,3.052,2.10539835608013,-0.176230399999999,50.0120344,-1.0046454,,40.2399933517706,8.793
NIC,2016,-1.094141,-8.483,0.232,4.59595136454342,96.5759187776326,7.44462628012218,4.56314739524967,2131.68704828322,3.16650951067395,119.36261924864752,,43.29,113.0665,30.923,31.2003868955466,3.13,3.11297731611032,-0.1674906,48.5726273,-0.9723001,,39.9671135390233,7.338
NIC,2017,-1.0961543,-7.16,0.225,10.1290900233132,97.4552133596222,7.51057620596971,4.63120757580209,2182.61380995674,3.24691576299918,119.70533874025382,,50.8,112.8101,34.654,29.9154305259361,5.678,2.7029582269273,-0.181501599999999,47.0200035,-0.9134992,,39.6919257511583,6.251
NIC,2018,-1.2181897,-1.797,0.22,-1.6171283733764,105.203065587607,6.43060058137235,-3.3633566598573,2035.16549390507,-4.62941675714166,120.1730401916504,,65.23,112.0038,39.091,24.0746137195471,3.885,2.02687465495511,-1.1119701,46.1258522,-1.3054508,,39.5784855634116,9.714
NIC,2019,-1.2048569,5.932,0.231,6.1355828616318,111.85462309612,3.96093444094211,-2.89686986728901,1958.62051528095,-4.14856907147293,131.4715934540646,,56.99,115.7333,44.204,17.831076630152,6.13,1.28485958829485,-0.944804499999999,44.584658,-1.33341589999999,,39.5837231735532,10.056
NIC,2020,-1.1373893,3.758,0.219,-8.75231498651395,116.047725431055,5.86574902695673,-2.23654176262323,1938.44704754382,-3.4517971097024,166.60730119735476,,39.16,117.774,49.16,20.3366366143416,2.931,1.65812864181366,-0.5232726,44.1213299,-1.3373983,,40.2716359278103,11.424
NIC,2021,-1.237514,-2.785,0.228,18.1028253379725,110.113303839973,7.36996621393819,10.454389484408,2138.38588469449,9.13330681920195,168.30067705253205,,68.14,113.1051,48.433,23.7920651013382,7.21,3.84080893833151,-0.4075357,40.8782085,-1.474372,,39.7963349559465,11.057
NIC,2022,-1.2447097,-2.905,0.253,8.57852113651592,104.763775822472,8.23239650343154,3.55029945613975,2322.89053964583,2.22853832012306,167.90513914799786,,94.9,120.698,45.919,21.7526844449914,11.593,,-0.168460299999999,39.0651008,-1.49475349999999,,39.6154533672968,9.503
NIC,2023,-1.25988029999999,8.213,0.25,1.31534173424239,90.3575776595348,6.25581189724963,4.42774384760374,2609.44492072931,3.00511061205397,180.44987982177733,4.087062146892655,77.58,120.2663,42.261,22.1511227447242,5.604,,-0.0652355999999999,38.8923501,-1.5960126,70.1749572753906,39.3262430869109,9.203
NIC,2024,-1.4326926,4.143,0.256,-4.90836897216343,82.8145487130702,6.86656428120852,3.5878302292345,2847.53966339498,2.20198911444788,221.0156972208821,3.15,76.63,122.893,39.118,24.6940528397434,2.836,,-0.0694255,39.2327668,-1.6197013,,39.0890494572569,9.581
NLD,2010,1.9892792,6.634,,9.67882365723038,,6.47724170250418,1.31932032302214,51305.7338533973,0.800960653466348,119.99545832174232,,79.48,93.0541,58.897,20.0371060399178,1.806,0.762696109172764,0.9924275,80.8269189,1.690341,124.569526672363,11.0078921247411,10.765
NLD,2011,2.0151382,7.26,,5.6859984679097,,39.0408469194559,1.77334516269423,54701.7728030611,1.29975033814375,153.18591263180687,,94.88,88.7767,61.167,19.9116480923396,2.451,1.02062784943271,1.0827056,83.1360032,1.7111245,129.868103027344,11.1471255857242,9.777
NLD,2012,2.0604599,7.809,,3.71502910371957,,30.9042384931276,-0.977876877747732,50473.9442002689,-1.34363605737404,161.96787185362544,,94.05,91.6361,65.69,18.5826577863124,3.305,1.13202011724154,1.1275327,82.6381357,1.7690975,111.448249816895,11.2777774305589,11.454
NLD,2013,1.9281622,8.269,,3.01761003257444,,36.6955717929323,-0.0302325600539604,52602.2860520766,-0.324530183160419,136.24820703149317,,97.98,92.7611,67.161,18.3607360340882,1.3,1.11989801648239,1.0569335,82.6172748,1.7344626,,12.0025982448413,12.942
NLD,2014,1.9485,8.862,,5.14914265633621,,15.9879956344505,1.61261001294011,53457.2234864322,1.24763624808071,121.88517901052042,,93.17,95.5876,67.166,17.7066341303839,-0.14,0.689866623445569,1.0691945,81.094418,1.8261478,,12.1820658403527,12.529
NLD,2015,1.8631148,4.879,,8.37090468060681,,48.4706196279081,2.12060523860846,45793.8135434697,1.66898777013176,111.18462156014614,,48.66,108.1696,63.799,22.1699860549934,0.452,0.442606663458837,0.9118761,83.0257199,1.8839565,114.137916564941,12.2880613811716,11.104
NLD,2016,1.9077694,7.316,,1.96321849960199,,34.7918547450687,2.42428572955482,46808.5291492503,1.88065314524779,119.36261924864752,,43.29,113.0665,60.883,19.7764432256049,0.75,0.251209116098856,0.880799,85.7251642,1.8913985,112.994277954102,12.2078025002246,10.64
NLD,2017,1.8270031,8.129,,6.92804057990443,,23.7131758376085,2.78154619309936,49513.6817346384,2.17569091526914,119.70533874025382,,50.8,112.8101,55.986,20.2151929584837,1.21,0.283564780405105,0.7820237,85.9075606,1.8652949,115.225227355957,12.0192162875113,8.716
NLD,2018,1.9465556,8.995,,4.92166727546386,,-30.6576768564655,2.2587403735731,53955.0770024266,1.66335743670078,120.1730401916504,,65.23,112.0038,51.522,20.4804432515785,1.794,0.355103573458477,0.7930988,85.4072786,1.8202279,114.50032043457,12.0175208547197,7.046
NLD,2019,1.9497836,6.841,,2.75689698490764,,-13.7565327156949,2.30009157916757,53554.9007491475,1.63214291771632,131.4715934540646,,56.99,115.7333,47.597,21.7580356895369,2.696,0.218267467639851,0.6985452,84.2436994,1.843311,114.804168701172,11.8555109407111,6.606
NLD,2020,2.0646075,5.584,,-3.83098027613939,,-23.6860117625863,-3.86795333823223,53467.9277413737,-4.40052537279003,166.60730119735476,,39.16,117.774,53.348,21.3519779830807,0.881,0.0837440351956371,0.7092891,82.6951793,1.8319749,136.284164428711,12.9355688273211,8.879
NLD,2021,2.0280226,10.018,,6.85896575793711,,-10.9725941589172,6.2768306708326,60141.9880911492,5.72193522957718,168.30067705253205,,68.14,113.1051,50.431,22.1938197521171,6.451,0.340536679351668,0.732977,83.6353658,1.7767646,135.962173461914,12.7647392478419,9.335
NLD,2022,1.9175777,6.615,,4.41494914665994,,1.47701805979237,5.00723455159611,59123.318556487,4.0109788096194,167.90513914799786,,94.9,120.698,48.345,22.8632951641142,11.142,,0.6252296,82.0427251,1.7289109,138.767501831055,13.3857369760742,7.647
NLD,2023,1.8837073,9.854,,-2.99172854118285,,-30.2430732965592,-0.598096167209832,63515.6030780019,-1.57745734337647,180.44987982177733,4.087062146892655,77.58,120.2663,45.098,20.0805040885297,1.131,,0.6084395,81.9596634,1.7174805,137.514724731445,13.4632313382952,8.272
NLD,2024,1.9100133,9.94,,-0.155977824893725,,-1.40403571808501,1.08100584845663,67520.4218956281,0.427291768689813,221.0156972208821,3.15,76.63,122.893,43.235,19.6654844408571,4.032,,0.4281196,82.0184513,1.7069218,,13.4757578284067,8.778
NOR,2010,1.9314806,11.636,0.391,0.340712816657771,,5.01894398780264,0.787051861494078,88163.2085931423,-0.460631240331892,119.99545832174232,,79.48,93.0541,42.952,24.9886867450873,2.753,7.66161471850852,1.4149557,80.6831403,1.9035187,112.978569030762,5.46874939400732,9.228
NOR,2011,2.0777923,13.227,0.405,-0.513929816820649,,2.05367635776007,1.10565603382983,101221.813476644,-0.197405946610559,153.18591263180687,,94.88,88.7767,29.611,25.4459810194492,0.107,10.0323919412624,1.3466634,83.1780624,1.9659305,113.169883728027,5.59821343360501,8.413
NOR,2012,2.1281645,13.533,0.406,2.05611302536974,,5.44056216851406,2.71795924894734,102175.919298374,1.37764088326504,161.96787185362544,,94.05,91.6361,30.908,25.8720343590957,1.392,9.34170992776999,1.3326311,83.5938428,1.9857425,112.176536560059,5.04095763981718,8.382
NOR,2013,2.1405464,11.222,0.393,-1.65125021493293,,-0.260184320751091,1.01619084044641,103553.840134417,-0.197883206152966,136.24820703149317,,97.98,92.7611,31.427,27.3276198211521,2.006,8.16854742910885,1.3123527,85.0546533,1.9934349,114.515380859375,5.04326868617012,9.043
NOR,2014,2.1311201,11.823,0.377,3.83392755311756,,0.646203788277676,2.04813200438943,97666.6951838749,0.903762655946366,121.88517901052042,,93.17,95.5876,29.661,27.2099921057026,2.07,7.51744992129352,1.1999067,82.7090093,1.9521623,113.448226928711,5.46793596928682,7.786
NOR,2015,2.1755199,8.994,0.333,3.92621459776939,,1.87399423252337,1.85733971623901,74809.9658049898,0.848799114123295,111.18462156014614,,48.66,108.1696,34.334,26.9188414862645,2.333,5.16239861599802,1.1710873,82.9577214,1.9800469,115.210121154785,5.27408187605521,9.804
NOR,2016,2.1206565,5.219,0.315,0.387751620448242,,-5.03254975124343,1.16472423928819,70867.3609970749,0.277407788765373,119.36261924864752,,43.29,113.0665,37.938,27.7264215581661,3.469,3.86709464602749,1.1454306,83.3326302,2.0056522,116.611267089844,5.17861012386918,11.044
NOR,2017,2.1682749,6.313,0.329,1.59550425093187,,1.46874278067631,2.46374626574153,76131.8384032764,1.63950712591077,119.70533874025382,,50.8,112.8101,38.257,27.5528323979124,1.628,5.33590347738304,1.0956942,83.8456288,2.0388476,117.301460266113,4.85388171341915,10.275
NOR,2018,2.0857026,8.954,0.356,-1.53739843448682,,-1.28796404191648,0.828931500516902,82792.8427113304,0.165560788690883,120.1730401916504,,65.23,112.0038,39.413,27.7268430380858,3.487,7.39362211775806,1.1115481,83.5176715,2.0289199,117.714706420898,4.67151947860452,9.599
NOR,2019,2.0603725,3.792,0.325,2.11568385913834,,3.99513402641071,1.12374694968757,76430.5889473338,0.44339856309783,131.4715934540646,,56.99,115.7333,40.558,29.611444403947,1.366,6.26890345034754,1.0766478,82.72406,2.0322989,119.421340942383,4.55558979363001,9.813
NOR,2020,2.0836375,1.103,0.301,-2.32867094738384,,-0.892552414465765,-1.27817177234034,68340.0181033702,-1.85769609648001,166.60730119735476,,39.16,117.774,46.112,31.3521157276673,1.438,4.18128689630728,1.2049763,81.6357342,2.0591873,119.941543579102,4.431540506287,11.215
NOR,2021,2.070812,14.885,0.427,6.09120517316377,,3.64643942475354,3.90868676830634,93072.8925119571,3.35449506555356,168.30067705253205,,68.14,113.1051,41.641,25.0880506650083,5.314,10.0482763904291,1.0721678,80.8736149,2.0582629,119.816871643066,4.26890048286429,12.848
NOR,2022,2.0332101,29.631,0.545,5.24944874846942,,2.39446435427431,3.24622860260932,109269.520580298,2.32282354360895,167.90513914799786,,94.9,120.698,36.111,21.1777624084125,5.887,,0.9197731,79.6713091,1.9409153,119.442527770996,4.25979829162327,9.908
NOR,2023,2.0745237,17.38,0.416,0.439869079921266,,2.85439221069972,0.0721204806030329,87497.2179649556,-1.06055299614016,180.44987982177733,4.087062146892655,77.58,120.2663,44.212,24.2545661042046,4.766,,0.9361906,80.6505724,1.9859646,117.775093078613,4.26317646729594,10.975
NOR,2024,1.9610085,17.127,0.399,5.23901783248427,,2.50917917104619,2.09723059960317,86785.4334489176,1.13204599317447,221.0156972208821,3.15,76.63,122.893,42.719,24.1355030571877,2.199,,0.9032646,81.2082198,1.9494549,116.254272460938,4.23919482990342,12.131
NPL,2010,-0.727675499999999,-2.071,0.142,-10.4388429531658,23.4883074371496,0.548294665887946,4.81641464694573,585.278491984574,4.16886489216166,119.99545832174232,,79.48,93.0541,35.391,38.271206448162,9.026,1.47229700729972,-1.5990906,41.685005,-0.947927899999999,55.5892906188965,81.4982331912628,19.207
NPL,2011,-0.8315433,-0.834,0.142,-2.11431319368617,17.6500654511006,0.435814930594323,3.42180870116162,785.518656222132,2.96035780817019,153.18591263180687,,94.88,88.7767,32.425,27.8102444789254,9.582,1.11680132754903,-1.5205463,42.1368767,-0.8779526,58.9935111999512,81.2026452218337,19.294
NPL,2012,-0.9736551,4.188,0.136,20.1929614682936,17.4328435350797,0.42369151125933,4.67014192446953,788.202937148377,4.40244630730626,161.96787185362544,,94.05,91.6361,34.515,28.6027052400212,11.475,0.967618550144898,-1.4781419,42.3608482,-0.594797,63.1414794921875,80.8867697812339,19.306
NPL,2013,-0.9181893,2.864,0.131,12.9477826839056,17.9863596634684,0.334712330597339,3.52515317129149,803.269595420477,3.31847430980025,136.24820703149317,,97.98,92.7611,31.899,29.6766090195384,7.749,0.844770803744654,-1.2264145,42.0297777,-0.6010709,65.4935302734375,80.5799827653779,19.377
NPL,2014,-0.8428983,3.998,0.127,17.8358191273604,17.2597307021914,0.133746236524448,6.01148284250441,821.455224911731,5.69591211662627,121.88517901052042,,93.17,95.5876,27.551,30.9860882268693,8.084,0.860719085973924,-0.8435975,43.5580615,-0.576151499999999,67.5318298339844,80.2408750238996,19.348
NPL,2015,-0.830829399999999,4.381,0.137,2.31597936185159,16.769557036253,0.213029527712984,3.97605327162971,875.543635474862,3.4108030002933,111.18462156014614,,48.66,108.1696,25.73,31.2774348208688,9.019,0.934890235914136,-1.0154123,43.8333911,-0.5990489,68.6131210327148,79.9139735678029,19.403
NPL,2016,-0.846169499999999,5.459,0.137,-17.3059181887161,17.2975980360721,0.432212944008614,0.433113719381524,877.256454696737,-0.0405110299060141,119.36261924864752,,43.29,113.0665,24.957,28.2409991995242,10.445,1.03122054018578,-0.9210801,44.6377745,-0.5665318,71.7744979858398,79.6580332172956,19.548
NPL,2017,-0.781145,-0.323,0.266,8.85530370844508,16.9611227628207,0.677439884182991,8.97727935643466,1034.28374906846,8.76020605401564,119.70533874025382,,50.8,112.8101,24.989,37.3250540060946,2.709,0.703261897013786,-0.5502541,44.5023864,-0.443938399999999,74.4113311767578,79.323631449029,19.571
NPL,2018,-0.7384128,-7.098,0.215,7.6941455371113,16.5353620494072,0.206157201926214,7.62237610397935,1179.19843190389,7.36009731523737,120.1730401916504,,65.23,112.0038,31.088,39.5478003355175,4.576,0.424156459923021,-0.495786599999999,45.5328342,-0.367187899999999,,78.9444168392601,19.604
NPL,2019,-0.7367895,-6.929,0.204,5.54350719413033,18.8645833580846,0.542801979747667,6.65705543110467,1203.14294706401,5.40192160337148,131.4715934540646,,56.99,115.7333,34.03,41.3787409108185,6.021,0.446189344690663,-0.4056357,45.8191549,-0.4127847,80.2800521850586,78.5461557908431,19.679
NPL,2020,-0.701156999999999,-1.013,0.222,-15.8820333102728,23.3700917945979,0.378739091402959,-2.3696206292072,1154.21517578318,-4.23182776858643,166.60730119735476,,39.16,117.774,43.307,30.4402815098213,4.776,0.522630900968538,-0.250305599999999,44.3913571,-0.3725321,85.3101577758789,78.534600878618,24.072
NPL,2021,-0.624520499999999,-7.701,0.378,-21.3195775528221,23.7616294058189,0.531690906776232,4.838149614115,1252.75076731986,3.02971971240495,168.30067705253205,,68.14,113.1051,43.285,35.1635974644693,4.187,0.498936909947826,-0.2520173,44.8080633,-0.3560122,83.9220209713597,78.0728641357747,22.639
NPL,2022,-0.652050399999999,-12.564,0.198,34.060063333683,22.1714628607957,0.160405404733603,5.6313145568451,1385.91066274851,4.77665725235042,167.90513914799786,,94.9,120.698,42.73,37.6438482526851,8.084,,-0.3755496,45.4525577,-0.3340683,84.1026475876285,77.7965803186827,20.607
NPL,2023,-0.629219899999999,-0.882,0.156,4.34479355104386,24.0384374799175,0.182279066044198,1.98254843628392,1382.33055769304,2.05405906860061,180.44987982177733,4.087062146892655,77.58,120.2663,47.124,31.1493001529726,7.438,,-0.312959,45.2850005,-0.3365421,89.8898815141438,77.5335496980225,20.43
NPL,2024,-0.632602,3.829,0.177,11.8153908774299,23.2748414884129,0.132590416512966,3.66537430744967,1447.31004458428,3.81766783822374,221.0156972208821,3.15,76.63,122.893,47.867,30.3993910198841,3.569,,-0.414613399999999,46.1517079,-0.303653399999999,90.3878462155916,77.2661661425717,20.638
NRU,2010,0.1239776,47.865,0.754,,,,0.0,4735.92000502092,-0.268843970925019,119.99545832174232,,79.48,93.0541,242.498,,-5.592,,1.5781203,43.0629982,1.0401673,,,
NRU,2011,0.1120032,28.824,0.904,,,,14.7058823529412,6444.03642094634,14.0811226451365,153.18591263180687,,94.88,88.7767,188.939,,-0.972,,1.5682717,43.1112635,1.0544708,,,
NRU,2012,0.0871205999999999,34.403,0.932,,,,24.3589743589745,9842.77032731856,22.3119628983076,161.96787185362544,,94.05,91.6361,123.079,,0.321,,1.5672321,42.583905,1.1969132,83.1134567260742,,
NRU,2013,-0.2200811,51.567,0.903,,,,4.12371134020613,8974.51886874433,1.6485827070359,136.24820703149317,,97.98,92.7611,126.892,,-1.754,0.0,1.5640556,40.3299876,1.0753753,,,
NRU,2014,-0.242259199999999,29.012,0.689,,,,15.8415841584163,9230.05440328927,13.4151871712962,121.88517901052042,,93.17,95.5876,112.522,,9.987,0.0,1.4041403,40.1558302,0.8616335,83.9183731079102,,
NRU,2015,0.4974376,-19.63,0.606,,,,3.41880341880281,7747.25584993607,1.4172709809001,111.18462156014614,,48.66,108.1696,82.201,,3.51,0.0,1.0147322,45.9372134,0.3628451,,,
NRU,2016,0.4413946,4.194,0.703,,,,4.13223140495909,8748.15632605428,2.30174554349074,119.36261924864752,,43.29,113.0665,61.223,,8.201,0.0,1.0101963,45.9732038,0.2363635,78.6677169799805,,
NRU,2017,0.4392161,12.41,0.658,,,,-6.34920634920697,9656.97976571484,-7.78820653423327,119.70533874025382,,50.8,112.8101,77.972,,1.526,0.0,0.8241821,46.0112839,0.3827845,,,
NRU,2018,0.4429214,7.595,0.388,,,5.88617583274311,-0.847457627117805,11413.7463016389,-2.16926114572468,120.1730401916504,,65.23,112.0038,71.056,,3.351,0.0,0.8079535,49.319475,0.1995658,,,
NRU,2019,0.4480263,4.6,0.56,,,1.74896481068595,8.5470085470084,10801.7705659635,7.51652861776262,131.4715934540646,,56.99,115.7333,59.57,,4.426,0.0,0.7595804,49.3619238,0.2134606,86.1130981445312,,
NRU,2020,0.449309,2.526,0.819,,,-2.67159670379148,1.57480314960559,10709.068810538,1.08625303568498,166.60730119735476,,39.16,117.774,56.269,,-0.946,0.0,0.7590998,49.2896465,0.214808,80.2433776855469,,
NRU,2021,0.4468112,3.788,0.661,,,3.8371656330747,7.75193798449692,14979.099896799,7.14457374271909,168.30067705253205,,68.14,113.1051,20.521,,3.312,0.0,0.7572142,49.2605751,0.2100341,,,
NRU,2022,0.4459534,1.858,0.732,,,-5.91699334587118,2.87769784172609,12911.9086441381,2.07566850510726,167.90513914799786,,94.9,120.698,22.379,,2.364,,0.9276426,49.1830964,0.3476922,92.7814636230469,,
NRU,2023,0.443007,1.261,0.807,,,0.955055945287656,0.699300699300778,12752.4723855838,0.0717850570483023,180.44987982177733,4.087062146892655,77.58,120.2663,20.466,,3.005,,1.0356891,45.8988179,0.3470294,90.1002502441406,,
NRU,2024,0.5049337,5.246,0.794,,,-3.59566562291604,1.38888888888904,13609.158837552,0.77785683063172,221.0156972208821,3.15,76.63,122.893,17.585,,16.552,,1.1047052,46.590308,0.2518105,91.5133521769495,,
NZL,2010,2.2287548,-2.283,0.16,2.82096259672926,,0.194915236759354,1.45863634911349,33761.9009639947,0.336940895877831,119.99545832174232,,79.48,93.0541,29.601,20.3756573267404,4.026,2.1224362002947,1.4165428,81.9619045,1.7953195,119.128967285156,14.185237188907,17.421
NZL,2011,2.2483581,-2.794,0.171,2.29414611897076,,0.818121298166467,2.09349621669912,38431.7766788499,1.31801414005311,153.18591263180687,,94.88,88.7767,34.677,20.6489426548507,1.847,2.19427362254657,1.3902927,85.9458836,1.8866596,118.256721496582,14.2218289866798,17.512
NZL,2012,2.1842584,-3.926,0.171,3.04134515331675,,2.17878824315978,2.36630664656174,40053.6991536369,1.80664874629129,161.96787185362544,,94.05,91.6361,35.662,21.2760294778962,0.95,1.68350699548628,1.4088511,86.2923455,1.8321393,116.826477050781,14.2477017860432,18.003
NZL,2013,2.1951607,-3.168,0.197,0.135514809017806,,-0.0363955159235945,2.58954199031598,43000.4646849189,1.80431778832353,136.24820703149317,,97.98,92.7611,34.547,22.1773812692661,1.625,1.52078184314436,1.3788423,85.2465867,1.7748161,115.650527954102,14.2630925913824,15.302
NZL,2014,2.1663289,-3.129,0.203,4.65077966778826,,1.61353184490057,3.82638491760299,44618.266973847,2.11605987877432,121.88517901052042,,93.17,95.5876,34.151,23.059728219927,0.758,1.42914435215029,1.4958227,86.5998945,1.8133202,116.084312438965,14.2397702184211,14.109
NZL,2015,2.1997554,-2.818,0.166,6.24191701536209,,-0.0411688255414608,3.69036908387233,38665.3723018158,1.60054496622324,111.18462156014614,,48.66,108.1696,34.167,23.1953014645751,0.084,1.28424903944645,1.4661127,86.6090293,1.856389,114.889991760254,14.1987813500481,13.872
NZL,2016,2.2087113,-2.052,0.162,1.55563514225247,,1.0619303911252,3.77911068354334,40113.7195382428,1.47418017961533,119.36261924864752,,43.29,113.0665,33.341,23.1657261077796,1.336,1.04750029579275,1.4642557,87.3392224,1.8655448,113.687911987305,14.1311048976004,13.474
NZL,2017,2.169806,-2.867,0.178,3.55180114574229,,1.15602540847251,3.37873219470765,42950.3841711138,1.24183177643995,119.70533874025382,,50.8,112.8101,31.098,23.70401682613,1.594,1.59353965038242,1.4924848,87.6607559,1.819209,112.943313598633,14.0141188150461,12.968
NZL,2018,2.0940331,-4.236,0.175,2.83290489236374,,1.15882897654923,3.47058203866328,43257.0769238879,1.6336762235868,120.1730401916504,,65.23,112.0038,28.08,23.9860432020994,1.889,1.58813238238384,1.4448939,85.9425905,1.8012723,112.411079406738,13.8434907279273,11.83
NZL,2019,2.1526849,-2.859,0.19,-0.248446178225421,,1.44357026927529,2.31747144034802,42855.831861632,0.882643007578949,131.4715934540646,,56.99,115.7333,31.814,23.7676954815243,1.854,1.50327657838238,1.3883859,85.9457228,1.7838001,120.266319274902,13.6452019052875,11.294
NZL,2020,2.154305,-1.07,0.197,-17.6312744052567,,2.25342351216777,-0.307246896026541,41997.7830324279,-2.31391634084866,166.60730119735476,,39.16,117.774,43.241,23.1117429315929,1.437,1.27246721100633,1.4605501,85.3488391,1.7666346,116.893188476562,13.8302999961631,12.442
NZL,2021,2.1244607,-6.025,0.204,1.3932740333352,,2.08859937451458,4.53540565716095,49950.4251691316,4.28458318360995,168.30067705253205,,68.14,113.1051,47.523,25.1120938859399,5.949,1.49411356490814,1.3569818,84.0948346,1.7303956,117.595428466797,13.5108755976396,10.49
NZL,2022,2.0822927,-9.245,0.198,5.98586366200644,,3.93040138256791,3.49638686458842,49099.7090423358,3.55544968252481,167.90513914799786,,94.9,120.698,46.887,26.2630138517952,7.219,,1.2327589,84.205121,1.7220184,114.774932861328,13.2449648914758,9.362
NZL,2023,2.0156067,-6.936,0.192,8.59372566339123,,1.72217162155153,1.39425181563566,49075.9562832927,-0.912467413170035,180.44987982177733,4.087062146892655,77.58,120.2663,46.983,23.8211315596966,4.655,,1.2849613,84.4623276,1.7075544,113.395988464355,13.0728738907581,10.714
NZL,2024,1.9285412,-6.03,0.193,3.34841227592671,,0.676410624636643,1.28862004711685,49205.1792146792,-0.387550970211336,221.0156972208821,3.15,76.63,122.893,51.154,22.5146260046291,2.224,,1.1506563,83.9530858,1.6674536,114.231056213379,12.7136967689846,14.039
OMN,2010,0.276183,7.595,0.582,14.6485583467393,,1.91196478591436,2.47199856582773,23570.1798147325,-0.232906393185388,119.99545832174232,,79.48,93.0541,5.462,29.3865546218487,4.192,35.1702914756151,0.5865685,68.2430175,0.4122993,,3.16099365064327,13.873
OMN,2011,-0.0352342,11.444,0.599,3.84656898459215,,2.10218875218974,2.89460973541192,25188.0074151885,-7.78414520830087,153.18591263180687,,94.88,88.7767,4.442,27.6617736879904,3.292,43.273814289286,0.3126716,66.5407229,0.2438476,114.451620751396,3.06770078325507,15.209
OMN,2012,-0.0252944999999999,8.991,0.507,5.62694071639231,,1.5612029028198,8.86312225557018,24642.2978768596,-5.57202783891576,161.96787185362544,,94.05,91.6361,4.586,30.2100349016772,4.377,40.4418641958152,0.3876466,67.9646867,0.3148844,110.750350631136,3.12254805243669,15.655
OMN,2013,-0.0651045,5.88,0.496,10.4913899138991,,1.79286446946825,5.22770408145942,23458.0233840053,-2.64416002304453,136.24820703149317,,97.98,92.7611,4.661,32.3564793929509,0.784,38.8455213970653,0.3339536,67.7610066,0.2530108,109.168488109249,3.24775972955777,15.453
OMN,2014,0.0116479,4.63,0.532,0.371815494909811,,1.3876575353227,1.29225229411081,23160.6502252547,-2.97274165335905,121.88517901052042,,93.17,95.5876,4.039,28.6217693334979,1.003,34.348523798708,0.5698008,67.105488,0.2045055,,3.39018173930558,15.327
OMN,2015,-0.0016798,-13.763,0.424,-1.25327876579769,,-2.76001757846703,5.01705799719045,18808.3077921839,0.438450329868957,111.18462156014614,,48.66,108.1696,13.857,36.3715664991426,-0.024,21.0999447505156,0.6155394,65.1066008,0.2116285,101.932699190524,3.63380383644286,15.152
OMN,2016,-0.020659,-16.555,0.358,-1.92231014168824,,3.01624952400734,5.04642394571691,17110.1897460545,0.118553614303224,119.36261924864752,,43.29,113.0665,29.338,36.0864748848963,0.739,18.0527768334822,0.5065831,65.8723617,0.2216168,102.304902141834,3.74932520061168,14.199
OMN,2017,-0.0211191,-13.614,0.401,-0.807929273264477,,3.56005583896762,0.304057565922449,17820.0661809335,-2.93490377016138,119.70533874025382,,50.8,112.8101,40.106,33.8433678359827,1.667,21.3537653208209,0.5468563,66.0290239,0.1808944,101.678019833334,3.75095656180829,11.058
OMN,2018,-0.0203366,-4.873,0.386,2.81297443327773,,6.12067985447931,1.28710391543288,19901.7615642016,-0.0452382355009746,120.1730401916504,,65.23,112.0038,44.691,31.675193269668,0.568,27.0144782962431,0.5392522,63.1898654,0.1837813,103.951581913667,3.6627731756388,7.851
OMN,2019,0.1612579,-4.918,0.324,1.93648726039551,,2.26908923371353,-1.12863801728058,19180.1864152801,-0.985733221362153,131.4715934540646,,56.99,115.7333,52.464,26.8649178662351,0.489,24.9800297060137,0.5167644,62.764843,0.260692,102.141469011215,3.72802687603412,9.015
OMN,2020,0.0239194,-16.549,0.264,-14.6297265291509,,2.51548624054379,-3.37972052697999,16784.8630630058,-1.91104857604375,166.60730119735476,,39.16,117.774,67.902,27.6206693345028,-0.884,18.8866635649826,0.468834,62.3059751,0.2562542,94.5432460924967,4.09999749454135,13.523
OMN,2021,0.0233919,-5.538,0.31,20.2240086713034,,10.015189421015,2.5821749892893,19403.4600160211,3.08530454964595,168.30067705253205,,68.14,113.1051,61.873,27.8559089826066,3.601,29.2115792686173,0.3902352,61.571981,0.2255117,94.287268445183,3.98988961736054,9.097
OMN,2022,0.0212395,3.971,0.32,9.14886766126435,,6.25544528201825,7.98570728354278,23223.5829405935,2.73958764672784,167.90513914799786,,94.9,120.698,41.673,27.3208738967385,1.497,,0.4399615,62.2431133,0.3524322,91.9645458184777,3.75362846120249,14.562
OMN,2023,0.227724,2.489,0.318,2.85626642679557,,11.8157929012346,1.41401395818599,21027.7384778886,-4.99392969767024,180.44987982177733,4.087062146892655,77.58,120.2663,37.488,26.6618980934734,0.642,,0.5521576,62.2782221,0.3443083,,3.80182805139298,13.594
OMN,2024,0.5072492,2.177,0.324,9.13630607170923,,11.6351181523148,1.63163221127449,20285.2272897377,-2.83787602327396,221.0156972208821,3.15,76.63,122.893,35.515,24.8481263106812,0.668,,0.6272361,65.7058833,0.4493583,95.1220397949219,3.80316859061598,13.524
PAK,2010,-1.2022076,-2.006,0.199,7.85407898173813,32.7811905556848,1.02791108080423,1.50171752152883,987.304571124485,-0.97547471765489,119.99545832174232,,79.48,93.0541,56.716,15.9615524272363,11.776,2.27972757975705,-2.45869169999999,44.0161188,-0.8136536,29.2962900661933,59.8114982374454,1.287
PAK,2011,-1.2203431,0.093,0.184,2.77757698867076,28.567490409755,0.575055145839944,2.68011685421705,1131.73513834324,0.408754534144464,153.18591263180687,,94.88,88.7767,56.151,14.6316275197265,13.301,2.615759800493,-2.7114561,42.9065725,-1.15049009999999,29.7271460529531,59.2211394049988,1.719
PAK,2012,-1.24519539999999,-1.863,0.183,-12.9257331586131,25.8754627988566,0.343453048660945,3.02758391088629,1204.36475491585,1.08227196914481,161.96787185362544,,94.05,91.6361,58.364,15.1689869381562,11.273,2.56305239816052,-2.6807174,42.1119137,-1.0639182,30.6300201416016,59.0935516553742,7.556
PAK,2013,-1.1290617,-0.965,0.189,9.15265933499272,23.6165694934777,0.515353849332245,4.36686504978387,1225.4340119198,2.68232501000951,136.24820703149317,,97.98,92.7611,59.231,14.9823804459246,5.851,2.14619455982111,-2.6678365,42.1529336,-1.04881279999999,31.544819132504,58.9654742909403,5.98
PAK,2014,-1.0043761,-1.153,0.193,-2.48293911885014,24.0363183529915,0.695308116834202,4.11642817161422,1266.61340849959,2.56600413102157,121.88517901052042,,93.17,95.5876,58.783,14.9075542099107,8.223,1.9953468853851,-2.46216149999999,43.0580475,-0.970695,32.6573427323505,59.133872651158,4.052
PAK,2015,-0.981116999999999,-0.939,0.202,-3.82934828924222,23.250373675072,0.557734356032139,4.21794209572506,1380.47020838317,2.76648640710329,111.18462156014614,,48.66,108.1696,59.063,15.8109305453177,3.161,1.22522777965692,-2.4299435,44.043468,-0.914828299999999,34.6741466548496,59.1906557434141,6.682
PAK,2016,-0.9729255,-1.582,0.214,1.44990747132702,24.3711794392753,0.821349998064174,6.57383828511043,1424.69161195897,5.19506859858923,119.36261924864752,,43.29,113.0665,62.065,15.9357468463989,3.196,0.96533124558749,-2.3350493,44.4594518,-0.9129583,35.8643246680809,58.0468804707195,5.165
PAK,2017,-0.935033999999999,-3.617,0.21,2.47135261052142,27.8523788602803,0.735837049658425,4.43262590683975,1519.23459514248,2.96623678403046,119.70533874025382,,50.8,112.8101,62.142,16.3328910849517,4.729,1.10680683630599,-2.2184098,44.3870689,-0.865480199999999,35.3224248744451,56.8594996339353,6.519
PAK,2018,-0.9640896,-5.389,0.204,10.0405965788587,28.5494742437705,0.487745750658143,6.15170261099519,1569.33814626355,4.44201942237108,120.1730401916504,,65.23,112.0038,66.321,17.0682908414203,5.698,1.24123933516406,-1.9857782,44.4173043,-0.8396216,37.1466063259079,55.633329756432,7.864
PAK,2019,-0.9714617,-4.184,0.207,13.1723488525673,34.9183625831205,0.696146480411465,2.49763692943365,1390.41690981745,0.778096107046181,131.4715934540646,,56.99,115.7333,78.712,15.4996449690024,8.02,1.30340484004876,-1.9293422,45.0803111,-0.8122676,38.7511552822907,58.2057950582167,9.599
PAK,2020,-0.9370003,-1.481,0.211,1.51538917152254,39.9870693569552,0.684695289874347,-1.27408744338709,1278.39735206896,-3.03889328268374,166.60730119735476,,39.16,117.774,80.805,14.8155399944077,8.592,1.12387026995965,-1.5881564,43.8130901,-0.812966099999999,,57.5946787435974,10.739
PAK,2021,-0.906181199999999,-0.809,0.206,6.19426727810412,37.9965494190867,0.616039439073827,6.51388575852702,1455.31922370186,4.52304565172781,168.30067705253205,,68.14,113.1051,74.749,14.5346921503021,9.646,1.43561633294011,-1.6496402,44.5428148,-0.8231206,40.2578898404389,56.3066464581518,11.053
PAK,2022,-0.9459689,-4.663,0.206,6.65729388064977,34.5202602197744,0.389980753542853,4.7781068690358,1538.3228133171,2.96250287218002,167.90513914799786,,94.9,120.698,77.318,15.5605425943116,21.33,,-1.7555938,42.7921461,-0.9108794,40.4177656413012,56.0258160383079,9.448
PAK,2023,-1.0461855,-0.97,0.197,2.52724678909442,39.4498353457572,0.608281270820624,-0.414935997088406,1360.32417758419,-1.94543125066376,180.44987982177733,4.087062146892655,77.58,120.2663,78.229,13.9681470393061,29.401,,-1.9403838,41.8989333,-1.0042887,42.2911451386891,55.8687963776163,9.423
PAK,2024,-1.0656237,-0.454,0.208,-1.32891083926491,35.6282760521045,0.7166886452434,3.04898287335465,1478.77277977996,1.50503969652753,221.0156972208821,3.15,76.63,122.893,70.072,13.1665315730663,12.565,,-2.0634311,42.3591418,-1.017096,48.2805022055997,55.7211382971002,9.521
PAN,2010,-0.3394637,-10.23,0.145,5.77403832045442,,8.43207037866722,6.07339340909564,8331.46422259967,4.19797192886546,119.99545832174232,,79.48,93.0541,38.109,37.34120254137,4.927,0.234720390623527,-0.0820154,62.755388,-0.124747799999999,71.9136975816467,32.6841498302018,13.43
PAN,2011,-0.3472258,-12.566,0.146,20.7237883251216,,12.3168354603605,11.9088772241134,9662.29590911979,9.94036228958628,153.18591263180687,,94.88,88.7767,35.644,37.618517893377,6.313,0.269868830701767,-0.0424882,63.4250725,-0.0333011999999999,71.7412201114851,30.7539452528439,11.099
PAN,2012,-0.459041,-8.914,0.13,8.83531242741576,,8.13045858557062,9.62729355007232,11064.8063662003,7.70986516046257,161.96787185362544,,94.05,91.6361,34.044,42.5040223606148,4.634,0.260441253310238,-0.0613991,62.3124681,-0.2767365,,30.9959845822266,9.583
PAN,2013,-0.4300887,-8.641,0.124,-4.4279802370431,,8.09167357453305,6.32435373509259,12273.3224983788,4.48786620046779,136.24820703149317,,97.98,92.7611,33.738,43.0705309243778,3.737,0.216897753935313,-0.0995914,61.4955511,-0.2985413,76.4041290283203,31.6396947586313,9.896
PAN,2014,-0.3942406,-12.905,0.157,-7.49083656658328,,9.6921652724572,4.62581384604574,13213.1989591137,2.83087716733978,121.88517901052042,,93.17,95.5876,34.733,43.5746775001882,0.97,0.231601530644453,0.2814967,60.9488065,-0.1423563,76.0406265258789,31.6596830791414,11.523
PAN,2015,-0.424039399999999,-8.648,0.174,0.352168945176984,,9.17966898909828,5.26691726402875,14082.6548434996,3.46107394258979,111.18462156014614,,48.66,108.1696,34.25,42.2663686447881,0.294,0.138690460109424,0.4833108,61.5070485,-0.1702773,76.5946807861328,32.4542826530367,11.675
PAN,2016,-0.5035567,-7.511,0.233,-4.7026658354963,,8.78226076869208,4.57196696307969,14832.3611652459,2.77979898980544,119.36261924864752,,43.29,113.0665,33.618,40.2623341033399,1.463,0.131004580785833,0.4612991,61.4623018,-0.1355383,82.601448059082,34.0134481828309,12.295
PAN,2017,-0.558947899999999,-5.81,0.146,4.96683774610678,,6.34573158684694,5.74405946988693,15694.6297518495,3.94788151319156,119.70533874025382,,50.8,112.8101,33.572,41.4845748182451,0.481,0.124276365709136,0.457992,60.2394521,-0.159659599999999,76.5998992919922,34.2482889027159,14.817
PAN,2018,-0.5480745,-7.887,0.167,5.34607730545143,,6.3940456399755,3.9181980847881,16151.3273433486,2.19399066127643,120.1730401916504,,65.23,112.0038,35.593,41.1990909850311,0.158,0.0994393790926708,0.364313,59.8100405,-0.2517367,,36.0547926919118,14.1
PAN,2019,-0.543706599999999,-5.054,0.135,1.09379163024572,,6.7135041995988,3.10306793272473,16477.9066268111,1.47570139893878,131.4715934540646,,56.99,115.7333,39.863,38.0674658664723,-0.064,0.31611229608813,0.399288,59.8941526,-0.2786019,,38.0828098845862,17.128
PAN,2020,-0.5190072,0.675,0.178,-18.0139763303967,,-2.85980025111741,-17.8212299459324,13290.5608397749,-18.9421659787374,166.60730119735476,,39.16,117.774,61.493,23.9546077936228,-1.575,0.535097865738947,0.3368353,59.1166389,-0.2397538,,38.2001163766001,33.033
PAN,2021,-0.5235702,-1.155,0.458,27.9636320700319,,2.71982266254139,16.4671248604202,15509.8069124139,15.0695424121278,168.30067705253205,,68.14,113.1051,54.404,31.2989342828485,2.624,3.6647948599442,0.3538332,58.1970926,-0.230409999999999,,37.7658761702027,22.338
PAN,2022,-0.562926599999999,-0.621,0.42,22.427878880898,,3.2250848191713,11.0385475261766,17378.6070017557,9.64152425334943,167.90513914799786,,94.9,120.698,52.702,35.8548981085663,2.075,,0.428471,55.484077,-0.214656799999999,,42.1207766902643,19.186
PAN,2023,-0.566951499999999,-4.484,0.447,3.901753538029,,2.84826789984183,7.16632946099945,18797.1933994045,5.77263521106902,180.44987982177733,4.087062146892655,77.58,120.2663,51.494,37.492889940595,1.921,,0.3693808,55.2263121,-0.227944099999999,,36.0676492120657,16.765
PAN,2024,-0.5541186,-0.873,0.153,1.64604743227908,,3.74510335231647,2.74788545546916,19161.2188501596,1.45504306659862,221.0156972208821,3.15,76.63,122.893,56.619,33.5339875592363,-0.193,,0.264681,53.6988437,-0.2634275,,37.9242638517097,19.682
PER,2010,-0.2613416,-2.387,0.243,3.23210205635948,30.8386747274741,5.73087732837535,8.33245910749577,5072.11494019615,7.6277436246787,119.99545832174232,,79.48,93.0541,25.116,23.7605090406542,2.073,11.2141792512141,-0.7755101,59.7507321,-0.4909174,96.13037109375,53.2760827851505,6.843
PER,2011,-0.2482217,-1.97,0.239,5.48900262830267,28.2946982865762,4.47262658184166,6.32719240161117,5861.35793645245,5.53595626254707,153.18591263180687,,94.88,88.7767,23.012,24.200875596397,4.747,12.7665949125059,-0.675414699999999,60.255632,-0.443320599999999,97.5231475830078,53.320510988175,7.001
PER,2012,-0.3605037,-2.782,0.247,3.10612219920097,34.14014373807,7.36173683394684,6.13972470560435,6519.37852981527,5.25513020005759,161.96787185362544,,94.05,91.6361,20.636,24.6060563122502,2.644,9.99927931288698,-0.698579899999999,58.853794,-0.4879551,96.4381103515625,51.8022036170935,6.848
PER,2013,-0.399042199999999,-4.721,0.239,-0.564693912158717,33.3041875254961,4.75734900182415,5.85251821084928,6746.80025696601,4.90271487934022,136.24820703149317,,97.98,92.7611,19.904,25.5741818690255,2.858,7.65420483078558,-0.7062488,58.5461772,-0.555049,101.583869934082,51.375430231108,7.008
PER,2014,-0.5816106,-4.219,0.219,-3.80305950167983,35.4246138507104,2.12302965027806,2.38215737180541,6667.13410360861,1.36938882425959,121.88517901052042,,93.17,95.5876,20.501,24.6661205071214,3.23,5.66292821656372,-0.4040664,58.9693623,-0.553702,99.8733825683594,51.9023329766588,7.55
PER,2015,-0.5919962,-4.535,0.229,4.26188239048344,37.0040696483009,3.86551316954964,3.25224477218451,6231.71150338894,2.09361990664132,111.18462156014614,,48.66,108.1696,23.882,24.3051143583227,4.394,3.91148648466656,-0.321351999999999,59.8718518,-0.4520227,100.251571655273,51.4989695717702,6.877
PER,2016,-0.5112656,-2.154,0.273,11.7503528251518,38.1972280258854,3.54628188735842,3.95331871520767,6217.03599995447,2.57623039728159,119.36261924864752,,43.29,113.0665,24.248,22.0213133889585,3.235,4.40523816648386,-0.1794896,59.9439998,-0.3392422,102.150123596191,52.0266397920302,8.272
PER,2017,-0.593187599999999,-0.836,0.292,8.80685924697397,33.9083827987592,3.5133314939664,2.51883544233135,6736.16693725487,1.01943141648242,119.70533874025382,,50.8,112.8101,25.137,20.7118137063238,1.365,5.8962563954339,-0.2242779,59.1346609,-0.374605199999999,101.044578552246,52.552111160275,8.319
PER,2018,-0.5877892,-1.146,0.286,3.36318950628937,32.4819714568868,2.63824619479376,3.969351341365,6978.49121548627,2.1018453903506,120.1730401916504,,65.23,112.0038,25.941,21.3111751422932,2.193,5.95602611154103,-0.1689403,59.559748,-0.4609214,99.8580093383789,52.9335908481099,8.342
PER,2019,-0.490189,-0.611,0.281,0.328081770153361,29.5044834900041,2.09128983397663,2.24063176875049,7037.00803692604,0.502286291227506,131.4715934540646,,56.99,115.7333,26.889,20.8336395514866,1.9,2.49912146958912,-0.0888854999999999,60.3036245,-0.456438399999999,99.5297164916992,52.6369706122722,7.405
PER,2020,-0.4980887,0.915,0.28,-15.991747238966,38.1780303630646,0.329387076302566,-10.9333065010382,6133.32552410183,-11.989123385761,166.60730119735476,,39.16,117.774,34.875,18.1912588877919,1.973,3.97961448773443,-0.2963963,58.4128361,-0.4320888,100.138702392578,53.1628698946316,12.659
PER,2021,-0.509709,-2.066,0.293,14.2628976853189,42.6071664051668,3.15570902335973,13.3626240903125,6826.20255614477,12.2777396432111,168.30067705253205,,68.14,113.1051,36.104,22.3148400113403,6.427,12.7247082349187,-0.334168099999999,56.2007209,-0.5208197,101.589141845703,49.775440054393,9.586
PER,2022,-0.641561199999999,-4.129,0.262,4.43993341153497,39.9788909505895,4.55221582089149,2.8090335533015,7350.63034300417,1.82762015025182,167.90513914799786,,94.9,120.698,33.995,22.3663937709414,8.46,,-0.6566212,55.992677,-0.487251699999999,103.591468811035,49.6637299884109,7.681
PER,2023,-0.6654876,0.686,0.311,3.82411492521253,37.1975658585426,1.62534746680837,-0.403242151494268,7887.54185920108,-1.49255980889144,180.44987982177733,4.087062146892655,77.58,120.2663,32.952,19.1844089781649,3.237,,-0.7239502,56.9019498,-0.4787644,111.395393371582,48.6156423897245,8.846
PER,2024,-0.7203896,2.192,0.302,5.36748416184072,34.2282212044217,2.35092628744149,3.30394098171516,8452.37167056621,2.18017278753871,221.0156972208821,3.15,76.63,122.893,32.766,19.4197023486874,1.966,,-0.6544223,56.1688958,-0.5057749,108.289047241211,47.8975550154928,9.704
PHL,2010,-0.7820844,3.445,0.313,20.3077310614641,28.1961962919996,0.513698049517659,7.33449996034538,2162.91375885614,5.15869430276467,119.99545832174232,,79.48,93.0541,47.587,20.4417711390659,3.618,2.11755801672482,-1.5826192,54.380669,-0.651172899999999,,38.9525651325871,9.736
PHL,2011,-0.565533899999999,2.409,0.245,-0.780862427782154,25.344502088236,0.856963002985963,3.85823282795663,2383.91892522087,1.83760514144211,153.18591263180687,,94.88,88.7767,45.434,20.7399365678349,4.239,2.84367320905718,-1.3804409,55.0481266,-0.5225183,,38.4180207411066,9.477
PHL,2012,-0.633583,2.653,0.223,4.50742251811317,23.4044291733867,1.22763000703119,6.89695171050985,2614.61644401308,4.8407653397621,161.96787185362544,,94.05,91.6361,45.691,19.5607279687897,2.871,1.55356736359168,-1.1706826,56.9486553,-0.4882631,,36.5873196677334,9.361
PHL,2013,-0.498170899999999,4.01,0.225,1.97360862744596,24.1818488040641,1.31642638378197,6.75053130142255,2781.27957677397,4.76266633818079,136.24820703149317,,97.98,92.7611,43.863,20.642224107669,3.721,1.1859412840883,-1.0944308,55.3616356,-0.4699791,,35.6065174792773,9.165
PHL,2014,-0.5826913,3.616,0.231,12.137095464228,23.7207481738751,1.92937522802216,6.34798748260867,2866.83803761407,4.61514068278228,121.88517901052042,,93.17,95.5876,40.299,20.9239704373705,1.906,1.5089650931856,-0.805762,55.8035335,-0.3610228,81.5640314318642,36.2354532744432,9.465
PHL,2015,-0.590425299999999,2.371,0.279,9.96700306756031,23.3400182272902,1.84018010717942,6.34830971672761,2909.85818010301,4.7872505574235,111.18462156014614,,48.66,108.1696,39.688,21.3409478711064,0.77,0.758148274430124,-0.926818599999999,56.2476709,-0.4299627,82.0085254812081,34.8469498091816,8.509
PHL,2016,-0.613111,-0.376,0.287,9.20645650360576,21.2638927411851,2.59850803494211,7.14945675000752,2985.19564024046,5.7212148588973,119.36261924864752,,43.29,113.0665,37.376,24.618503101685,2.183,0.661597167675748,-1.4376683,56.8522856,-0.4729561,82.7837574272484,34.5004093033,7.634
PHL,2017,-0.636865,-0.652,0.242,17.4017811484723,20.1794848256215,3.12238778404896,6.9309883258402,3038.12124959289,5.56223020665776,119.70533874025382,,50.8,112.8101,38.13,25.5587738639602,2.885,0.964596437230551,-1.2792545,57.0205367,-0.5912855,80.9227600097656,33.1944885597978,7.379
PHL,2018,-0.6388345,-2.559,0.25,11.8163378471094,20.6399906442903,2.86833826070497,6.34148557153473,3168.51036609727,5.03429067114457,120.1730401916504,,65.23,112.0038,37.147,27.1505820415621,5.296,0.943783444739612,-1.06677739999999,54.7822362,-0.6398018,79.3622469757001,31.9891108532916,6.605
PHL,2019,-0.6111557,-0.809,0.313,2.63601726823903,20.3516842117646,2.30117498598294,6.11852566221303,3400.78949767074,4.83577546655691,131.4715934540646,,56.99,115.7333,36.973,26.4018084647284,2.367,0.78530018741462,-1.0094929,55.7876579,-0.647098,85.3821865979599,32.2975875342189,6.696
PHL,2020,-0.5392618,3.201,0.364,-16.1434994409059,25.3116389229833,1.88586363211171,-9.51829474045297,3227.57910235199,-10.5488615065624,166.60730119735476,,39.16,117.774,51.644,17.4333790282876,3.276,0.764112790267085,-0.9415427,55.0858329,-0.6331335,87.9419879481158,33.974824433767,6.987
PHL,2021,-0.5743865,-1.508,0.325,8.00067108105569,26.1303951987477,3.04078855310045,5.71473313185116,3484.38593882819,4.76163916254069,168.30067705253205,,68.14,113.1051,57.005,21.1407371483135,3.078,1.97263339590791,-1.0935816,55.0969912,-0.6736731,85.8666475631511,33.5918236552734,8.434
PHL,2022,-0.5774689,-4.516,0.368,10.9593266288208,25.875290276635,2.3475097233369,7.58098212785563,3548.06930572116,6.76595410569132,167.90513914799786,,94.9,120.698,57.389,24.6858616763102,8.054,,-0.899042399999999,54.9385089,-0.6321996,92.291271176651,34.5174061547317,6.813
PHL,2023,-0.5690313,-2.834,0.361,1.33518858868864,25.6668725797068,2.0421035482067,5.51894967862863,3804.08274131097,4.66769736279124,180.44987982177733,4.087062146892655,77.58,120.2663,56.484,23.4061516163008,3.936,,-0.709066,55.8622915,-0.601158699999999,91.5493424610693,34.2583905496603,6.912
PHL,2024,-0.5766165,-3.794,0.306,3.30630311813186,26.2604550502335,2.03595540906242,5.69201612823412,3984.8315387656,4.82301240715314,221.0156972208821,3.15,76.63,122.893,57.06,23.6846445959545,2.901,,-0.7741477,56.113404,-0.5739681,85.2945085684493,33.9269231826241,6.964
PLW,2010,-0.1851151,-12.196,0.846,5.80950697728846,,1.42799947877429,-2.64326159533755,10221.9163762354,-0.986778712066226,119.99545832174232,,79.48,93.0541,34.455,25.5895440521578,1.274,0.0,1.5781203,43.0629982,1.199235,,,
PLW,2011,-0.1970895,-16.871,0.894,14.5600031145842,,4.18940712246433,5.09200624133297,10993.6038613491,6.9406210208851,153.18591263180687,,94.88,88.7767,30.59,29.4900169678969,6.076,0.0,1.5682717,47.4627751,1.2930723,,,
PLW,2012,-0.221972099999999,-19.389,0.816,8.68821343965745,,10.0359146686676,1.65514876664869,12137.1732239921,3.44620204916832,161.96787185362544,,94.05,91.6361,30.755,28.1241819101368,1.665,0.0,1.5672321,46.9354182,1.2876229,,,
PLW,2013,-0.2200811,-18.0,0.772,-3.91448259888269,,8.05009176476073,-2.55228103983089,12698.9240118945,-1.90623711880076,136.24820703149317,,97.98,92.7611,27.42,24.7760618562854,3.703,0.0,1.5640556,46.8572535,1.2754423,106.158729553223,,
PLW,2014,-0.242259199999999,-22.796,0.692,7.312650159979,,16.2302771563256,5.16816298235885,13863.4544155068,4.77040588838096,121.88517901052042,,93.17,95.5876,27.536,31.3617786823136,3.839,0.0,1.5750282,46.6830944,1.2815924,108.378378378378,,
PLW,2015,0.4974376,-13.397,0.472,13.2541349339093,,12.0474661204968,7.92010724472276,16154.0532152373,7.58608327744872,111.18462156014614,,48.66,108.1696,21.69,28.0369805436802,0.299,0.0,0.9559309,61.125735,1.351141,,,
PLW,2016,0.4413946,-16.097,0.584,-0.942485036041916,,21.1832490924774,1.32685546630708,17150.4759377239,1.17313151858609,119.36261924864752,,43.29,113.0665,23.741,28.7378750670262,0.356,0.0,0.951395,61.1617238,1.3516493,,,
PLW,2017,0.4392161,-22.851,0.588,-9.80586401113847,,16.3409996213357,-2.98950254798218,16401.7847567871,-3.07119789167072,119.70533874025382,,50.8,112.8101,26.911,32.5363464410459,0.7,0.0,1.1385207,61.1998039,1.3504054,,,
PLW,2018,0.4429214,-18.636,0.561,-7.71204350514785,,17.6226702821727,-1.24390713667657,16166.9671073752,-1.25499460640414,120.1730401916504,,65.23,112.0038,29.541,28.8202414282981,2.88,0.0,1.14243,57.9229317,1.3124976,,,
PLW,2019,0.4480263,-30.43,0.53,-11.55742888092,,16.1437355339995,-0.362028649856498,15846.7968470167,-0.272456364116394,131.4715934540646,,56.99,115.7333,30.489,34.5619657323095,-0.29,0.0,1.1436032,61.257909,1.1592619,,,
PLW,2020,0.449309,-43.805,0.35,-42.9605090074423,,16.8364291162843,-6.87233152299699,14708.2119536914,-6.84092605925699,166.60730119735476,,39.16,117.774,52.079,41.7198941678954,0.581,0.0,1.1429587,61.1856333,1.1608966,160.800003051758,,
PLW,2021,0.4468112,-43.758,0.248,-73.4722055881275,,13.8676926455966,-13.2600319305925,13009.2481630213,-13.2161327171514,168.30067705253205,,68.14,113.1051,69.945,38.6656325799361,4.62,0.0,1.1404301,61.1565618,1.1551047,102.280826799715,,
PLW,2022,0.4459534,-49.103,0.325,125.687386067561,,30.4991067893894,1.51267904038146,13729.7602761496,1.64986606087638,167.90513914799786,,94.9,120.698,68.848,44.8827523005509,13.717,,1.2446282,61.0790815,1.171936,89.0526315789474,,
PLW,2023,0.443007,-49.124,0.301,74.5725671547266,,28.8707822649542,2.21599800170485,15610.8231931032,2.40051382141797,180.44987982177733,4.087062146892655,77.58,120.2663,76.773,35.6249678298297,8.977,,1.2451365,61.0873379,1.17116,97.286012526096,,
PLW,2024,0.5049337,-34.574,0.314,,,,,,,221.0156972208821,3.15,76.63,122.893,69.673,,2.297,,1.2387076,62.4516257,1.1710347,95.7270847691247,,
PNG,2010,-0.9715433,-9.852,0.367,,45.4164854141367,0.249749808529939,10.1284540720232,1866.86889851208,6.85231014831385,119.99545832174232,,79.48,93.0541,17.286,,4.894,27.8968249359842,-0.9409904,48.0279329,-0.703271299999999,,73.80781964147,3.574
PNG,2011,-0.9769416,-9.605,0.3,,77.3301927875645,0.202496658911332,1.10754362619616,2288.37591141234,-1.79758471709076,153.18591263180687,,94.88,88.7767,16.278,,4.366,26.2680889498874,-0.9018493,48.1115104,-0.6611764,,73.7322586694221,4.531
PNG,2012,-1.0036539,-19.981,0.285,,73.8824913690792,0.135226482435046,4.65711959686239,2635.0873631547,1.78156409666185,161.96787185362544,,94.05,91.6361,19.124,,5.816,15.8152886420978,-0.879075899999999,46.9615294,-0.7227231,37.0596555013801,73.7189264479887,4.501
PNG,2013,-1.0035819,-23.907,0.288,,110.583402721767,0.126069328063533,3.82494632800675,2560.77458976327,1.05749757557005,136.24820703149317,,97.98,92.7611,24.89,,2.893,11.6658602971436,-0.7908101,47.5236417,-0.804179699999999,,73.628363241133,4.508
PNG,2014,-0.9742497,12.382,0.265,,89.5636730101092,0.126824295087963,13.5437706216546,2723.17529825196,10.6031750853758,121.88517901052042,,93.17,95.5876,26.895,,6.654,14.02772535223,-0.669148299999999,50.7814021,-0.5838074,,73.1220196138816,4.341
PNG,2015,-0.9734974,11.165,0.301,,100.404554250921,0.138228028178879,6.57835632304275,2484.5963398603,3.8989789371627,111.18462156014614,,48.66,108.1696,29.931,,6.327,12.7384528214768,-0.693792299999999,48.6681658,-0.614147,,72.8062350605112,4.266
PNG,2016,-0.984655,13.638,0.29,,97.1388021415025,-0.188417025477419,5.48957315278187,2316.39479758492,2.91791021651957,119.36261924864752,,43.29,113.0665,33.74,,6.612,14.3368397378808,-0.757626799999999,47.6208946,-0.6183169,,72.5794038796267,4.188
PNG,2017,-0.9946183,15.895,0.268,,79.5083290021728,-0.788236305745218,3.53461081750459,2477.76530986323,1.08692627161339,119.70533874025382,,50.8,112.8101,32.484,,4.7,16.0436340949199,-0.8689907,46.6177944,-0.6199276,,72.293761244485,4.207
PNG,2018,-0.940001,13.623,0.272,,77.8044370657937,1.27185526445477,-0.279252284959952,2566.36833735041,-2.56991254975047,120.1730401916504,,65.23,112.0038,36.676,,4.8,16.921880825492,-0.7969145,47.4962436,-0.6685244,44.5501121213216,72.1362684135271,4.185
PNG,2019,-0.987122899999999,14.377,0.385,,81.4496731940156,1.35581279394242,4.48051456942582,2575.77274140393,2.14824964998061,131.4715934540646,,56.99,115.7333,38.215,,2.735,13.8152037166577,-0.799196999999999,46.8509796,-0.7140866,46.2668456486691,71.9976496045366,4.119
PNG,2020,-0.5484433,14.358,0.366,,78.1107677202084,0.473794497066331,-3.16743204434815,2429.61134585269,-5.20688760573694,166.60730119735476,,39.16,117.774,48.68,,5.141,11.9417254747487,-0.768714799999999,45.6029066,-0.6603549,44.5528199220061,72.2316293320791,4.563
PNG,2021,-0.6567906,12.575,0.378,,80.3922795089323,-0.131822921345615,-0.511353418578196,2607.57861874444,-2.47024589818922,168.30067705253205,,68.14,113.1051,52.576,,5.694,27.3866812481734,-0.747625099999999,43.0106418,-0.6493713,45.848952374731,71.7132569741121,4.33
PNG,2022,-0.588226999999999,14.43,0.485,,65.8166135991383,3.76981381554657,5.70758404238197,3102.28968594061,3.73630441950243,167.90513914799786,,94.9,120.698,48.189,,3.412,,-0.6856785,43.082039,-0.5458926,,71.3898208399615,3.811
PNG,2023,-0.6018212,9.022,0.426,,54.2865345566668,0.140519776766319,3.81088622906051,2966.06830432055,1.94776007385025,180.44987982177733,4.087062146892655,77.58,120.2663,53.659,,3.861,,-0.530809,43.6505893,-0.510767499999999,52.0929750873194,71.4787048247142,3.792
PNG,2024,-0.7973513,14.546,0.37,,41.8854823852824,-0.6236311790975,3.79979560086888,3006.70564478923,1.96584743874992,221.0156972208821,3.15,76.63,122.893,53.7,,0.672,,-0.653875,45.3936104,-0.571332899999999,,71.3340167255996,3.782
POL,2010,0.6391266,-5.152,0.077,12.5897225593361,,3.94489462074706,3.16892748258036,12567.7317676382,3.46400853867873,119.99545832174232,,79.48,93.0541,53.748,20.8586688863455,3.1,4.33027218366267,1.1015819,69.3796607,0.6458707,100.207778930664,23.8236299481348,23.576
POL,2011,0.7618911,-5.123,0.072,7.74499192152891,,3.57128957712437,5.25546256612796,13867.6669408192,5.19888222323388,153.18591263180687,,94.88,88.7767,54.78,22.3450463094694,4.6,5.71416347861788,1.0564513,68.1654994,0.8414342,100.617851257324,23.6040450674272,25.523
POL,2012,0.8135218,-4.09,0.065,3.92000537548776,,1.52886091421625,1.51178167644575,13087.420943321,1.51202436704637,161.96787185362544,,94.05,91.6361,54.472,20.8019518666142,2.4,3.79887246755542,1.0636907,68.3264878,0.8705388,100.56485748291,23.0564421667561,26.322
POL,2013,0.8071492,-1.973,0.064,5.06049835860387,,0.258983446617592,0.684240607051805,13621.9023794031,0.745031977271424,136.24820703149317,,97.98,92.7611,56.859,19.1280449978263,0.7,3.33330904653522,0.9461127,69.0928873,0.8221108,111.516960144043,22.4228658424439,27.167
POL,2014,0.773833,-2.97,0.065,5.49759785345422,,3.85089176515991,3.92050862390032,14262.2841914116,3.99831832124629,121.88517901052042,,93.17,95.5876,51.13,20.8272789201168,-1.0,3.15767703778128,1.0543362,68.5171406,0.8809895,110.031021118164,21.8427242667217,23.732
POL,2015,0.8356935,-1.324,0.065,6.6086974119078,,3.29546177974363,4.43176700264478,12637.5220324406,4.50138467634895,111.18462156014614,,48.66,108.1696,51.056,20.8016958781231,-0.5,1.29098319489632,1.0637346,67.6749278,0.8357984,109.41478729248,21.6307956742069,20.686
POL,2016,0.8706559,-1.072,0.067,8.95924632654497,,3.81608753667806,3.03117767594847,12464.0110508476,3.07547528252388,119.36261924864752,,43.29,113.0665,54.129,20.0873009067718,0.8,2.02624729962296,0.5712287,67.6559059,0.7545596,109.117248535156,21.0363269565791,17.592
POL,2017,0.8294474,-1.194,0.064,9.09199036434809,,2.37812836572029,5.15245773325907,13913.3402919927,5.13933542172569,119.70533874025382,,50.8,112.8101,50.444,19.9081446848915,2.1,3.06146096477289,0.6020499,66.2486473,0.6191174,109.45922088623,20.6465800812769,14.762
POL,2018,0.776821,-1.964,0.063,6.75736767424607,,3.34803923662527,6.2458584723942,15658.2120316794,6.24607110540019,120.1730401916504,,65.23,112.0038,48.234,21.443880969665,1.1,2.71315064903734,0.630199,66.8854215,0.5473425,110.541938781738,20.403468622034,11.686
POL,2019,0.7162582,-0.276,0.066,5.33745531975404,,3.15455649244208,4.58045817256199,15874.5220531254,4.60600727341085,131.4715934540646,,56.99,115.7333,45.211,20.7076794491101,3.4,0.671601200907606,0.6735951,67.9175001,0.5263759,109.753303527832,20.0413694790876,9.835
POL,2020,0.7442004,2.417,0.063,-1.07566234288548,,3.31499059495462,-2.03556882399977,16150.9304813473,-0.861202002378917,166.60730119735476,,39.16,117.774,56.585,18.8394051569485,2.4,0.535468929487005,0.5545247,65.6740881,0.460073,112.576263427734,20.5919869878213,10.836
POL,2021,0.6869719,-1.297,0.062,12.303167738778,,5.44306737738578,6.92718266052501,18635.5104895754,8.47171799983406,168.30067705253205,,68.14,113.1051,53.014,21.8106734577786,8.6,1.03024380772929,0.5651963,65.4865691,0.4098572,110.52970123291,19.0588234263225,11.817
POL,2022,0.6673922,-2.288,0.057,7.40565016437485,,6.00626096603428,5.25545697386036,18891.2121169279,5.7122759744731,167.90513914799786,,94.9,120.698,48.786,22.059467565345,16.6,,0.537484,65.6980685,0.3545463,108.48217010498,17.7973099008004,10.56
POL,2023,0.7534838,1.78,0.062,3.71671371452815,,4.38918673390545,0.249610834017872,22145.2660647429,0.616853101336787,180.44987982177733,4.087062146892655,77.58,120.2663,49.718,17.6684506133329,6.2,,0.5055901,66.3020619,0.3564347,108.386131286621,16.56065768225,11.176
POL,2024,0.794073,0.136,0.06,2.00034070114312,,2.24523191798779,3.02841630700273,25103.565661423,3.38947422901255,221.0156972208821,3.15,76.63,122.893,55.282,17.8032326864165,4.7,,0.498655,65.6793889,0.5769112,107.881309509277,15.1037645349738,10.662
PRI,2010,0.5568988,,,,,,-0.413254119172365,26414.8810634548,0.0130918561743698,119.99545832174232,,79.48,93.0541,48.339,9.16037905577584,0.527,0.0,0.4065467,69.4176004,0.7594522,87.0993194580078,12.075009112981,35.446
PRI,2011,0.5095491,,,,,,-0.358510636850312,27170.0766543278,0.477827773852212,153.18591263180687,,94.88,88.7767,49.997,10.0696849181429,3.266,0.0,0.5022146,69.4263709,0.6798956,84.0764465332031,12.5514587039914,34.559
PRI,2012,0.5734808,,,,,,0.0292751500944064,27742.024476618,0.915046581773325,161.96787185362544,,94.05,91.6361,53.732,10.3344859636409,1.152,0.0,0.5744011,72.4942686,0.7748459,86.5407180786133,12.8281008876069,31.954
PRI,2013,0.5242394,,,,,,-0.306826666941774,28212.0499737431,0.506273089098627,136.24820703149317,,97.98,92.7611,52.308,9.52952659834065,0.811,0.0,0.0987437999999999,70.7682049,0.6447268,89.4305877685547,11.8150194843795,31.585
PRI,2014,0.4739515,,,,,,-1.19036347346942,28576.0988023209,0.0887811529566989,121.88517901052042,,93.17,95.5876,54.546,8.94121574530142,0.07,0.0,0.6356965,69.5505503,0.6813743,91.3355865478516,10.7618924498179,30.705
PRI,2015,0.2515234,,,,,,-1.04929003238674,29242.041465085,0.346031006728381,111.18462156014614,,48.66,108.1696,52.736,8.59855575063724,-0.159,0.0,0.642722,70.9684862,0.7239439,99.0586395263672,9.71392883256154,26.574
PRI,2016,0.2525954,,,,,,-1.26369434781117,29978.0889268918,0.289081770174349,119.36261924864752,,43.29,113.0665,49.877,8.07529852870562,0.453,0.0,0.4983548,70.9844973,0.6713382,86.821891784668,11.1896743179516,26.197
PRI,2017,0.2407217,,,,,,-2.88521838398481,30328.479490518,-0.903680354883278,119.70533874025382,,50.8,112.8101,51.211,7.79415247642478,1.161,0.0,0.4048918,70.1170881,0.5862128,,12.6778117248969,24.054
PRI,2018,0.2420261,,,,,,-4.36142703162535,30679.9181934488,-0.869549149955759,120.1730401916504,,65.23,112.0038,52.453,15.3314097630601,0.569,0.0,0.3034965,68.6592632,0.5339062,88.8774795532227,13.6608662372666,20.497
PRI,2019,0.2828827,,,,,,1.67546379498209,31830.5284993358,1.30600530158883,131.4715934540646,,56.99,115.7333,48.836,15.3486659868501,0.529,0.0,0.1081481,67.2133551,0.5146832,,12.2547221392038,18.561
PRI,2020,0.2833466,,,,,,-4.1808743093346,31427.1130762831,-3.56474634356229,166.60730119735476,,39.16,117.774,50.226,10.880928994123,-0.082,0.0,0.3722414,67.1812003,0.515317,,10.5357456110094,19.574
PRI,2021,0.5017099,,,,,,0.385222719529239,32619.0704601174,0.966080975048015,168.30067705253205,,68.14,113.1051,48.879,11.3679286945181,4.157,0.0,0.4249881,67.1682662,0.5130714,,10.3658723160416,17.201
PRI,2022,0.4768446,,,,,,2.95709565499587,35353.6821570014,4.31830960037016,167.90513914799786,,94.9,120.698,16.728,14.8152247335601,6.075,,0.3070682,67.1261186,0.4254537,,10.3750268643886,13.684
PRI,2023,0.3527223,,,,,,0.731492105366186,36980.7884784287,1.24540069820311,180.44987982177733,4.087062146892655,77.58,120.2663,16.663,14.2399370270239,1.945,,0.2902359,64.6482849,0.5366948,110.409713745117,10.3745362640621,13.178
PRI,2024,0.3976986,,,,,,3.17707554784896,39343.7154660139,3.19308375394527,221.0156972208821,3.15,76.63,122.893,17.745,14.1765984690411,2.169,,0.4382506,65.158503,0.546037,81.4824139700154,10.3429689839387,13.084
PRT,2010,0.741273,-10.257,0.075,9.17765231887651,,3.77376819569615,1.73762453640036,22551.935098809,1.69092747575826,119.99545832174232,,79.48,93.0541,100.075,21.1994526798182,2.444,0.219238742769667,0.773195,69.7608054,0.881024,107.523330688477,15.6375419220633,22.753
PRT,2011,0.7934673,-6.103,0.079,6.88342362269998,,4.23648756430888,-1.71352745905065,23246.5425416481,-1.56885655182528,153.18591263180687,,94.88,88.7767,114.024,18.6613799007397,3.498,0.244908396407978,0.7839002,66.6460287,0.8670733,108.864181518555,14.4764859767598,30.305
PRT,2012,0.7983905,-1.489,0.08,3.08840494019637,,7.21535195239496,-4.05090267621935,20593.4274224109,-3.66111452137058,161.96787185362544,,94.05,91.6361,128.604,15.7536608050077,2.09,0.259819202336753,0.8412014,66.0360028,0.8880919,110.253372192383,14.8900650058631,37.978
PRT,2013,0.7363017,1.534,0.087,7.25966935075878,,6.43654323197598,-0.984106574148328,21676.4859642714,-0.439198387971658,136.24820703149317,,97.98,92.7611,130.841,14.6835299275763,0.171,0.196206023994317,0.7633997,66.4369612,0.9006196,118.932960510254,14.7978514154899,38.452
PRT,2014,0.6840178,0.343,0.079,4.30353808531238,,5.43851031792652,0.741391420706506,22120.6850127107,1.28604644379557,121.88517901052042,,93.17,95.5876,132.453,15.3444039472278,-0.27,0.204731493524196,0.9403714,64.2949546,1.0181872,114.901290893555,13.2525160150446,34.663
PRT,2015,0.7238455,0.505,0.078,6.25225147303532,,0.63522205292535,1.58979803702681,19215.7813014347,2.01139554784055,111.18462156014614,,48.66,108.1696,131.023,15.9379888733382,0.291,0.159709580402046,1.0004341,68.2696066,1.1272881,116.804588317871,12.3172723968206,31.786
PRT,2016,0.7134054,1.421,0.072,4.71166935649117,,3.56282992803299,2.00414129666575,19980.2808866516,2.32643063621838,119.36261924864752,,43.29,113.0665,131.18,16.0283624571119,0.881,0.158382699146323,0.9588082,68.1083627,1.1156915,115.488418579102,11.8962123042733,27.799
PRT,2017,0.8191801,1.484,0.074,8.39056022440997,,5.02041551787587,3.31472008175986,21442.3842768879,3.56700126187077,119.70533874025382,,50.8,112.8101,126.029,17.44628649988,1.618,0.191626691576631,1.054818,69.4430444,1.1722683,117.235328674316,11.3126137171573,23.802
PRT,2018,0.803067,0.752,0.08,4.29682054211177,,3.46584287446499,2.94628343449202,23541.1401075289,3.11123658697107,120.1730401916504,,65.23,112.0038,121.112,18.5247214985093,0.635,0.240667367524237,1.0917404,69.6061698,1.13034,118.28833770752,11.0039773190079,20.235
PRT,2019,0.7971215,0.78,0.082,4.0044109420303,,4.5038935303436,2.74568432648596,23343.3628970034,2.72130207848775,131.4715934540646,,56.99,115.7333,116.11,18.76826598288,0.369,0.221431953517005,0.9941251,70.6329587,1.1165505,119.519371032715,11.0767436055774,18.326
PRT,2020,0.795911,-0.689,0.073,-18.3346612609226,,1.8141455418251,-8.20463159324387,22299.4044062173,-8.30107079726919,166.60730119735476,,39.16,117.774,134.096,19.4185791809348,-0.29,0.200282467054982,0.9830461,67.530389,1.1830529,118.68286895752,11.10059702799,22.46
PRT,2021,0.8188182,-0.663,0.068,12.0345448786013,,3.60836004516304,5.55875672070374,24711.4510062111,4.89913107175563,168.30067705253205,,68.14,113.1051,123.878,20.9347674224953,2.784,0.291415692065373,0.9584396,66.7000979,1.1690784,118.984870910645,10.9255508514694,23.424
PRT,2022,0.7860609,-2.024,0.076,17.1528640579488,,5.08368921917484,6.98584137580278,24620.5197587181,6.24247031136021,167.90513914799786,,94.9,120.698,111.232,21.3735177177842,9.805,,0.8869409,67.6155815,1.1256864,120.926139831543,10.5043536639948,19.183
PRT,2023,0.7848198,0.553,0.071,4.30737535761017,,3.96325428743124,3.09997909018263,27634.6183139773,1.69802567248595,180.44987982177733,4.087062146892655,77.58,120.2663,97.733,20.4972768619235,1.891,,0.7890296,67.1715892,1.0824285,120.347076416016,10.2186690811122,20.463
PRT,2024,0.8241683,2.154,0.075,3.11291378920495,,4.30503475485494,2.13967177177636,29292.242104753,1.02697035140542,221.0156972208821,3.15,76.63,122.893,94.927,20.3671429506228,3.104,,0.536927,66.5361271,1.0721547,,9.78146212627527,21.766
PRY,2010,-0.7003918,-1.137,0.382,23.6462625385945,62.4432011001041,2.76173378510708,11.0952312685449,4750.96273669458,9.80314731435514,119.99545832174232,,79.48,93.0541,12.976,23.834958440668,7.224,2.08299287196264,-0.5333587,46.9206309,-0.710524199999999,73.1651100594436,42.0789657330733,10.614
PRY,2011,-0.6726051,-0.678,0.393,0.33941901979108,49.6955356539035,1.95875255092925,4.28637120706239,5805.40154542925,2.91154988839506,153.18591263180687,,94.88,88.7767,11.052,24.6615700086338,4.888,1.67187532266737,-0.5668194,47.9160615,-0.7081535,75.882698059082,41.4641621582157,11.361
PRY,2012,-0.7579324,-1.818,0.349,-5.68324095572341,52.267953218174,2.61172771954696,-0.708043112304196,5642.16991672846,-2.09516519053814,161.96787185362544,,94.05,91.6361,12.312,21.2642113310265,4.03,1.69034010085165,-0.5745262,47.9075354,-0.7586864,82.8002090454102,42.1117817855873,10.045
PRY,2013,-0.947690799999999,0.866,0.352,13.6049680219009,44.7584021905892,1.13236628162524,8.29307648937821,6435.68342733004,6.74651223746731,136.24820703149317,,97.98,92.7611,13.495,22.0169832494221,3.753,1.6980914846184,-0.6183216,48.0608084,-0.7655462,,38.2344501560093,9.497
PRY,2014,-0.9760553,-0.787,0.341,-4.30082471642136,44.5515229721803,2.5135375460501,5.30123864475758,6652.25478942461,3.78558222391715,121.88517901052042,,93.17,95.5876,15.589,22.6588064100141,4.201,1.68579710915118,0.0107526,50.2136326,-0.5971079,,37.2446361233513,11.097
PRY,2015,-0.951100899999999,-0.211,0.315,3.20434124820615,49.8107351914534,2.22350808882639,2.95715168364671,5879.33792308762,1.46452361944058,111.18462156014614,,48.66,108.1696,18.613,21.878682412934,3.135,1.69931574477657,0.0826536,51.9341873,-0.5495654,,38.7850907937032,10.922
PRY,2016,-0.8070807,4.601,0.328,9.16639718910768,49.609074942482,2.27032682691763,4.26802583314358,5775.15963399596,2.76597250767421,119.36261924864752,,43.29,113.0665,19.39,19.806173956137,3.909,1.89364402448299,0.0944783,52.413271,-0.4907217,81.8651046483746,39.1281703163587,11.529
PRY,2017,-0.8291544,3.357,0.341,8.47843133795539,45.3224495165738,1.9468132140751,4.81007885552178,6152.2671153779,3.32962942295241,119.70533874025382,,50.8,112.8101,19.847,20.6000429017992,4.493,1.68483913659766,-0.0283019999999999,52.3707166,-0.4932562,,36.7942385474886,14.28
PRY,2018,-0.8709501,-0.233,0.348,-0.396515039915343,44.3037518212439,0.787454987833137,3.20425034080199,6258.44991640984,1.77964425721512,120.1730401916504,,65.23,112.0038,22.331,22.7820847953359,3.2,1.51126155574886,-0.0337829,52.9432586,-0.454061699999999,,37.6361397115738,14.52
PRY,2019,-0.8760395,-0.578,0.314,-3.40920871376605,48.6178098889894,1.28022785728015,-0.401855100701937,5821.18199548738,-1.74219112721019,131.4715934540646,,56.99,115.7333,25.768,21.6853116218499,2.81,1.37779411178328,0.0355269,52.3287693,-0.4294945,,36.8985214007282,15.3
PRY,2020,-0.8101421,1.873,0.336,-9.01240336058355,61.730412643043,0.816723740272366,-0.819785390945569,5365.47220721104,-2.15166731598009,166.60730119735476,,39.16,117.774,36.899,20.0414603496263,2.168,1.68263325547904,0.0082817,52.1358502,-0.3727181,85.6669309236136,40.7229513773516,17.152
PRY,2021,-0.905500299999999,-1.108,0.337,2.0600044094343,58.8994043286729,1.46195175389463,4.01673731776404,5976.93179789949,2.7649134745394,168.30067705253205,,68.14,113.1051,37.501,23.9981273744216,6.827,1.34701587848651,-0.0550381999999999,51.9292524,-0.5280024,84.787987118923,39.6540635501631,16.203
PRY,2022,-0.953862099999999,-7.155,0.258,-1.06083236141183,62.1946052686948,2.03844719825164,0.176038366149214,6205.62595379319,-0.954302474160954,167.90513914799786,,94.9,120.698,40.528,27.6864351426555,8.117,,-0.0659073999999999,51.665723,-0.540378799999999,82.3071472143291,37.3347799949593,14.601
PRY,2023,-1.0149203,-0.564,0.32,35.0447994640385,64.060294286157,2.57834141880415,4.9992279112746,6299.99026533713,3.71542341761371,180.44987982177733,4.087062146892655,77.58,120.2663,41.06,20.1583849669205,3.674,,0.0023837999999999,51.7540935,-0.580114999999999,79.7518585422984,36.2303155998669,13.185
PRY,2024,-1.0248859,-3.943,0.322,-1.6088758206474,69.740945590813,2.46843780233781,4.24996010464072,6416.09708970845,2.97101932232356,221.0156972208821,3.15,76.63,122.893,45.244,22.8357199630034,3.775,,-0.0738359,52.6360518,-0.5835849,79.1305613911018,36.4327335054968,13.393
QAT,2010,1.3446901,20.009,0.517,,,3.77775259249383,19.5921744776308,76462.6119486736,19.0056903213096,119.99545832174232,,79.48,93.0541,30.425,31.6551222991847,0.398,32.4299374160987,1.1765666,68.4410183,0.7067019,98.150178716375,0.668225728622296,1.296
QAT,2011,1.1504795,31.068,0.528,,,0.559389030984015,13.3752345495477,103261.510293068,12.8219517991965,153.18591263180687,,94.88,88.7767,33.474,29.0318354942345,2.12,36.7182426077088,1.0908808,68.2737292,0.641775,96.4676867591291,0.39742106578587,1.306
QAT,2012,1.1558661,33.185,0.453,,,0.211888706229028,4.73008513739958,108470.387023229,-1.20900847640003,161.96787185362544,,94.05,91.6361,32.118,27.1443989918744,2.635,35.1062400831471,1.1565419,69.868193,0.7277942,98.6139808267348,0.308349874610098,1.475
QAT,2013,1.1766023,30.424,0.456,,,-0.422882374002756,5.55610364218512,103697.062789144,-5.12869057023956,136.24820703149317,,97.98,92.7611,30.883,27.8278903298317,2.49,32.063390113225,1.1121079,69.7748783,0.7628549,97.3663778760953,0.240931252541097,1.109
QAT,2014,0.8617689,23.959,0.529,,,0.504490726802349,5.33434159770252,95840.6898934238,-6.18522597672184,121.88517901052042,,93.17,95.5876,24.912,31.790053219975,2.798,27.6978144663127,1.1056965,65.9261217,0.5935569,97.8845311253665,0.200008151183776,0.737
QAT,2015,0.8450167,8.502,0.512,,,0.662099797361452,4.75332372902957,68985.2433380102,-3.86139446926616,111.18462156014614,,48.66,108.1696,35.547,37.067203825843,3.735,19.0641343344092,0.9673463,66.9662264,0.5358302,101.946830749512,0.242165743136165,0.569
QAT,2016,0.8601436,-5.45,0.49,,,0.510044269018025,3.06410503214877,61253.6217997091,-2.45109169349175,119.36261924864752,,43.29,113.0665,46.707,48.8690827894008,1.495,15.9817678598717,0.8292355,66.935551,0.5818673,97.44147524298,0.236309247653622,0.482
QAT,2017,0.7457912,3.989,0.488,1.27713346695464,,0.612038519716031,-1.49756209084892,63279.8767486216,-4.15596174260121,119.70533874025382,,50.8,112.8101,51.569,42.6113473715086,0.591,18.8986723864413,0.8357284,63.708272,0.470148,101.989694099425,0.23131094337514,0.505
QAT,2018,0.7493739,9.083,0.464,-1.15193277556578,,-1.19249557946474,1.23483197031548,71039.9308240078,-0.134744639831709,120.1730401916504,,65.23,112.0038,52.177,40.6590534659993,-0.697,23.9995278669173,0.8707185,65.5413763,0.4639058,102.1549014004,0.283198812693433,0.309
QAT,2019,0.8776184,2.415,0.49,-2.19505665350556,,-1.59472392179342,0.688255893930972,66841.3623185691,-1.52202223094245,131.4715934540646,,56.99,115.7333,62.087,43.7353659391394,-0.411,22.3739866660968,0.882266,67.311917,0.4938622,105.162567508393,0.486942862752798,0.295
QAT,2020,0.8746817,-2.068,0.425,-1.54535810085336,,-1.68550654608129,-3.55750284254954,51683.5681078949,-8.92441265745882,166.60730119735476,,39.16,117.774,72.614,43.8491508547382,-3.374,20.2259593186526,0.8905079,68.1661792,0.4786325,105.869328366077,0.595151824791335,0.48
QAT,2021,0.8394432,14.644,0.4,,,-0.608353395238639,1.62693587314129,71751.9363398856,13.3616375901992,168.30067705253205,,68.14,113.1051,58.396,36.8015347930758,6.473,27.2897873992471,0.9259515,68.1491839,0.5003341,95.6694483531864,0.406365085767321,0.693
QAT,2022,0.8197673,26.778,0.504,,,0.0322850595933247,4.18497018544697,88701.4689763536,-1.79101615520977,167.90513914799786,,94.9,120.698,42.565,30.643232538678,5.933,,0.9163182,68.8041552,0.5977458,102.968360766419,0.470141578845495,0.559
QAT,2023,0.7757739,17.114,0.413,,,-0.21820397647038,1.53979117720789,81816.9797967481,1.58952825429188,180.44987982177733,4.087062146892655,77.58,120.2663,43.672,,1.645,,1.0147153,69.7069997,0.5728637,100.136596679688,0.443272761169379,0.574
QAT,2024,0.7548293,17.212,0.4,,,0.209965001654649,2.35970586926597,76688.6941743178,-4.86788389922177,221.0156972208821,3.15,76.63,122.893,40.839,,-1.637,,0.9511752,70.1032913,0.589593,99.578857421875,0.451537435526326,0.573
ROU,2010,-0.2925809,-5.13,0.094,15.6205408244869,,1.88971859139686,-3.90581157302972,8399.5374234284,-3.33335291355054,119.99545832174232,,79.48,93.0541,30.164,27.1890794202952,7.978,1.71353438994212,0.1933713,61.521932,0.1036882,102.467903137207,24.6799144310149,22.18
ROU,2011,-0.1779463,-4.718,0.091,12.1121758331179,,1.23042689104897,4.49558909946313,9560.6755277458,5.01083371448033,153.18591263180687,,94.88,88.7767,32.597,27.809701397226,3.133,2.28817644873145,0.1207194,60.7753019,0.1520925,100.735900878906,22.8908665796654,24.061
ROU,2012,-0.3587285,-4.641,0.091,1.05999399689563,,1.70143772893217,1.90361696799603,8929.95366231474,2.35828066727251,161.96787185362544,,94.05,91.6361,36.167,26.7222427286412,4.964,2.18833144039798,0.0478106,59.7154009,0.1468062,97.4503707885742,23.0182362820783,22.806
ROU,2013,-0.282036,-1.121,0.098,20.7343777704129,,2.03100513989555,0.278771877470234,9497.67411615237,0.651822267051088,136.24820703149317,,97.98,92.7611,39.262,25.2514905784046,1.569,1.87595138869643,0.143861,61.0062002,0.2051222,95.6988983154297,22.5151997072202,24.017
ROU,2014,-0.2306942,-0.322,0.099,8.53596345067199,,1.9372882717301,4.11600109267832,10031.7710755404,4.50672544401942,121.88517901052042,,93.17,95.5876,40.474,25.2257196462876,0.828,1.51017281377838,0.2061238,60.9773922,0.3653419,93.5339965820312,21.8640122839819,24.364
ROU,2015,-0.0980376999999999,-0.65,0.103,4.58319203185249,,2.42725822119064,3.1570360543854,8977.01748158196,3.64306941096366,111.18462156014614,,48.66,108.1696,39.354,25.4960152893431,-0.947,0.975979399576012,0.3468551,62.0032978,0.3856172,91.3377075195312,18.9147162638236,22.029
ROU,2016,-0.0698652,-2.085,0.112,16.3395296126543,,3.37417569649644,2.85993252302089,9404.54005870715,3.45169541464914,119.36261924864752,,43.29,113.0665,39.548,23.6646873522112,-0.534,0.688993508362941,0.3246759,61.9207644,0.3702403,88.7795104980469,16.7289025303272,21.024
ROU,2017,-0.0489883999999999,-3.185,0.114,7.76522545383564,,2.8327307446025,8.19547826641261,10727.9822007426,8.82266657090874,119.70533874025382,,50.8,112.8101,37.107,23.9867377562262,3.32,0.884924035595192,0.1382404,61.4735595,0.3958057,88.3843231201172,16.4436686192616,18.726
ROU,2018,-0.168955,-4.605,0.114,5.26212435634736,,3.03714660753952,5.39452228185675,12416.134317959,6.01553045118388,120.1730401916504,,65.23,112.0038,36.167,23.0435742456948,3.261,1.07026334712177,0.1435505,60.9392095,0.3070465,86.5577163696289,15.4700537924496,16.607
ROU,2019,-0.1199219,-4.85,0.111,5.3590242195382,,2.94522918789332,3.96028958497598,12909.6104013244,4.50941296110349,131.4715934540646,,56.99,115.7333,36.533,24.4073793139433,4.047,0.798252105262357,0.64527,60.4963512,0.3667769,86.4074096679688,14.5542901236642,17.143
ROU,2020,-0.0497221,-5.069,0.112,-9.46092484450737,,1.43737355732839,-3.59802546034757,13009.1770573223,-3.06561724934225,166.60730119735476,,39.16,117.774,49.26,24.3319634913981,2.068,0.508984051380759,0.6180826,59.6370643,0.4593734,86.416877746582,14.1588337143858,17.584
ROU,2021,0.0096051,-7.192,0.099,12.637321180006,,4.12834531077957,5.58735072538869,14907.9803652143,6.37801653902932,168.30067705253205,,68.14,113.1051,51.532,26.4231138988583,8.188,1.144376067244,0.6671952,59.8243483,0.4615581,86.1970901489258,13.6964450746488,21.149
ROU,2022,0.0662149,-9.522,0.096,9.30711548485901,,3.88647349252643,4.18771305104109,15503.551804598,4.59004052061825,167.90513914799786,,94.9,120.698,51.721,27.0611653434665,16.371,,0.5499041,61.0724244,0.4352333,83.0334701538086,13.4197241244954,22.874
ROU,2023,0.0314923,-6.625,0.103,-1.34812726642605,,2.50426860654842,2.25773416555121,18244.4186876321,2.19035297025793,180.44987982177733,4.087062146892655,77.58,120.2663,52.142,26.2097285719548,6.606,,0.4983587,60.301724,0.4118457,81.6316070556641,13.3227318239018,21.701
ROU,2024,0.0259732,-8.273,0.107,-2.49525615004667,,1.87134949618788,0.916003764382594,20080.2096215595,0.965042709085722,221.0156972208821,3.15,76.63,122.893,57.244,24.9970256084173,6.098,,0.1588848,60.9104172,0.3710995,,13.2477609866641,23.63
RUS,2010,-1.07554859999999,4.13,0.366,7.00025425199931,28.2773715301649,2.8308286983175,4.49999999920672,10674.990234375,4.45309639834757,119.99545832174232,,79.48,93.0541,10.105,22.6150505519736,8.777,13.6767287816453,-0.712889099999999,49.1532411,-0.930049599999999,,5.56526473166804,17.177
RUS,2011,-0.9445528,4.753,0.377,0.300123459762602,27.4162213475377,2.69236118071968,4.30002918567749,14305.33203125,4.17697624368184,153.18591263180687,,94.88,88.7767,10.34,24.2607379312639,6.101,16.2675600700583,-0.940576499999999,48.8536298,-0.685372499999999,94.5758904929741,5.86016336019545,15.512
RUS,2012,-1.06889979999999,3.253,0.382,1.36042166380135,27.6477290740837,2.29079869889368,4.02408615746921,15401.8515625,3.76271915500016,161.96787185362544,,94.05,91.6361,11.167,24.5536933545168,6.576,14.293372457197,-0.9015976,48.0511263,-0.9650892,95.5384826756866,5.76468174442149,14.97
RUS,2013,-1.002184,1.461,0.377,4.56172779947288,30.2102878450986,3.01940211363344,1.75542214874298,15941.4482421875,1.45314767875932,136.24820703149317,,97.98,92.7611,12.348,23.2716819870194,6.45,12.799885012616,-0.8279576,48.4637966,-0.915144099999999,95.9993761959632,6.03779355387631,14.201
RUS,2014,-0.887628899999999,2.807,0.37,0.510432046002023,27.8421875364677,1.0698764102333,0.736267221765672,14055.47265625,-1.12194041744186,121.88517901052042,,93.17,95.5876,15.136,22.3908642287739,11.362,12.4271978897589,-0.6996599,47.7630882,-0.8526414,95.6056322692131,5.91978405720421,14.053
RUS,2015,-0.913436199999999,4.996,0.316,3.67326230339928,37.125952762227,0.502607961400285,-1.97271922580408,9277.7138671875,-2.2762114110788,111.18462156014614,,48.66,108.1696,15.286,22.148725318159,12.908,9.761666714108,-0.7905888,46.732052,-0.9088341,96.3292563031308,5.96823571957404,16.389
RUS,2016,-0.8264543,1.911,0.3,3.16885489636786,43.1184713428485,2.54849998807899,0.193690071260534,8663.158203125,-0.0904862004782103,119.36261924864752,,43.29,113.0665,14.849,23.0954224731096,5.375,8.19418914130003,-0.7684605,48.1709261,-0.867073499999999,95.8434944997854,6.24503027870332,16.688
RUS,2017,-0.9134357,2.043,0.303,5.01364318112,33.8872742360339,1.81409297475419,1.82579006401834,10658.9130859375,1.61387325924203,119.70533874025382,,50.8,112.8101,14.311,23.6067558621651,2.523,9.71546623895349,-0.5386198,48.6086729,-0.8371632,97.5206298303399,5.32470688314795,16.329
RUS,2018,-0.888736499999999,6.998,0.327,5.5542171784525,29.548796109,0.530060790633169,2.80724541059601,11211.8876953125,2.71659271660542,120.1730401916504,,65.23,112.0038,13.62,21.9180891512463,4.269,14.4734868157828,-0.3681038,49.2220487,-0.832458799999999,99.1831046517789,5.43634022949716,16.99
RUS,2019,-0.7696119,3.872,0.315,0.732544576447339,29.6288697909038,1.88851731564914,2.19807571335009,11447.701171875,2.14202624717367,131.4715934540646,,56.99,115.7333,13.748,22.6615137722235,3.046,12.2071140110196,-0.3986491,49.2760437,-0.866817899999999,100.471744682473,5.3105572874315,15.209
RUS,2020,-0.7746533,2.377,0.247,-4.17037731724965,31.6125814211445,0.634851184443604,-2.65365450102773,10108.3271484375,-2.52680431743222,166.60730119735476,,39.16,117.774,19.156,23.4558291480158,4.912,7.58812544004463,-0.5068977,47.8440917,-0.8254091,91.5812884026933,5.44976455181605,16.986
RUS,2021,-0.7788442,6.832,0.269,3.28049543500286,26.4340953468359,2.21136527873962,5.86649177292595,12425.029296875,6.21857740869952,168.30067705253205,,68.14,113.1051,16.524,23.0093392226061,8.393,18.5109394363314,-0.5061895,48.9957382,-0.902773199999999,92.171155276901,5.43356978174351,16.144
RUS,2022,-0.772806099999999,10.356,0.308,-13.8867776512648,16.757438584072,-1.73680981421063,-1.43588213859842,15619.6142578125,-1.09717176252111,167.90513914799786,,94.9,120.698,18.48,23.2028710254613,11.923,,-0.740939599999999,40.795601,-1.0548583,92.7729443625069,5.26163184409599,14.388
RUS,2023,-0.8877345,2.4,0.275,,,-0.484918766027148,4.08252481259281,14159.3876953125,4.37751097028844,180.44987982177733,4.087062146892655,77.58,120.2663,19.487,27.0076136288036,7.417,,-0.8184163,40.8431771,-1.0734047,92.4840470838527,5.19803885060721,11.147
RUS,2024,-0.8911386,2.882,0.293,,,-0.430126781944773,4.34437475491529,14889.0185546875,4.55626099351906,221.0156972208821,3.15,76.63,122.893,20.303,26.2988564685306,9.514,,-0.903284699999999,38.0144371,-1.15651859999999,,5.0115954043712,8.256
RWA,2010,0.2778291,-6.518,0.45,8.2491685248917,20.3065120591755,3.52981463633808,7.33465645006753,593.624927744346,4.65979796365141,119.99545832174232,,79.48,93.0541,18.816,20.5325011611394,0.237,6.48655252910732,-0.2188587,50.4032082,-0.4603771,32.4029083251953,44.0471833510497,16.096
RWA,2011,0.2939461,-6.928,0.519,23.691649671646,21.393893240066,1.62859755954292,7.95838869847094,651.133677964662,5.34277697300234,153.18591263180687,,94.88,88.7767,18.717,20.9013969880418,8.274,6.99565680326328,-0.3008288,51.9363401,-0.4166968,36.6210098266602,43.7475934033246,16.289
RWA,2012,0.4271324,-9.681,0.47,9.01165915315116,24.0267798798109,3.52219420805752,8.64150815836322,706.817269168561,6.07172678530065,161.96787185362544,,94.05,91.6361,19.086,23.3041445547138,3.93,6.39423290634701,-0.2583623,52.4088203,-0.3228854,39.662769317627,43.4673043639227,16.251
RWA,2013,0.4277974,-7.482,0.467,18.8832642222014,30.1055329314487,2.98932057367113,4.71984856978263,704.92421851123,2.23301483103715,136.24820703149317,,97.98,92.7611,26.662,24.4311537415127,3.571,6.50475580749802,-0.309006499999999,53.7275209,-0.2889095,30.2092864949597,43.2402384640715,16.42
RWA,2014,0.4896227,-11.343,0.423,7.24058033903994,36.1466647538998,3.81112336248267,6.16716615166932,724.957526520906,3.63164570583949,121.88517901052042,,93.17,95.5876,29.14,23.2290320311828,2.13,6.4521550362679,-0.1267104,56.7437483,-0.2189234,41.8218654918977,43.0313030635298,16.554
RWA,2015,0.5000821,-12.68,0.327,6.25498898589645,41.1859009324245,1.89710171173713,8.8568555974538,733.998629882494,6.28259221925458,111.18462156014614,,48.66,108.1696,33.075,24.240978094561,4.568,5.77813915585401,0.0986635999999999,57.5611337,-0.1582498,39.4099042857311,42.7975632384509,16.599
RWA,2016,0.5807531,-15.306,0.371,12.9316173056149,51.0672797854825,3.21723490346275,5.97074525431094,729.519133812945,3.48878829333981,119.36261924864752,,43.29,113.0665,41.07,25.8958453602119,7.312,5.99862102587479,-0.0457773,57.2971611,-0.1233215,38.506238583342,42.5794939471748,16.595
RWA,2017,0.5061897,-9.46,0.394,41.9100869866291,56.6439342203484,2.96153582649288,3.91817093628465,758.300966509647,1.50906456900377,119.70533874025382,,50.8,112.8101,45.634,23.8350248025789,0.626,6.01492971463291,0.094453,57.6085268,-0.138634999999999,39.6912128982215,42.1539814844502,16.732
RWA,2018,0.4362084,-10.114,0.412,10.873033496416,61.1514887573938,3.79950138241727,8.51646722592409,771.773511207309,6.03177996523696,120.1730401916504,,65.23,112.0038,49.236,22.3221933243073,1.137,4.71387568610559,0.1598446,56.7957183,-0.143413899999999,41.1796940634956,42.1391018853725,16.264
RWA,2019,0.4520132,-11.894,0.411,19.9004230659749,65.1410718001911,2.54289979218123,9.44738518613097,810.051412137354,6.97929630145144,131.4715934540646,,56.99,115.7333,53.643,27.0287152007204,6.696,3.81709032313618,0.121607,56.5891947,-0.14057,44.0779032495009,41.8773612031353,16.052
RWA,2020,0.5134655,-12.063,0.524,-9.59211292015267,82.4503892484163,1.49998346928248,-3.37368746369782,778.701498925026,-5.51636902603423,166.60730119735476,,39.16,117.774,68.714,23.7346563348968,3.749,4.10481845130795,0.1600853,56.77857,-0.0314872999999999,,42.4925911556522,15.947
RWA,2021,0.4694992,-10.909,0.297,2.41499144959489,85.8558898695688,2.10659286861252,10.8584320184896,829.544845263697,8.45600930488553,168.30067705253205,,68.14,113.1051,67.251,26.7349156072212,1.885,4.01723634071877,0.115233,57.4184528,0.0190329,44.1820840550314,37.0760418523457,23.312
RWA,2022,0.5279544,-9.367,0.376,29.3507975055999,74.3314388443279,2.29121488787355,8.16120720872912,975.469323735369,5.81773274151854,167.90513914799786,,94.9,120.698,60.903,25.7418263768417,21.665,,0.0294569,57.3046415,0.0067627,44.1547093958443,37.9814501939121,22.203
RWA,2023,0.6808504,-11.496,0.378,25.7899872119922,81.0157835253365,3.19322395833009,8.24990302014558,1027.03446826565,5.8960009035884,180.44987982177733,4.087062146892655,77.58,120.2663,63.422,23.5855215423605,6.423,,0.0380223,58.4144685,0.0714762,45.1251505756161,40.1715872855134,18.172
RWA,2024,0.6254936,-12.676,0.381,16.0082995968087,93.8824280218587,4.02009319742237,8.89065529573114,999.65456165547,6.58326731079626,221.0156972208821,3.15,76.63,122.893,67.244,25.914149825303,6.779,,-0.0436888999999999,59.1148394,0.1002757,48.790277194547,39.8379854447349,16.555
SAU,2010,-0.121664399999999,14.088,0.689,4.35385045044536,,0.923670092367435,5.0395150823517,22028.3901426586,6.08720360847519,119.99545832174232,,79.48,93.0541,8.426,30.9262320159049,3.725,38.8834681571132,-0.295186399999999,60.3517431,-0.1795887,,3.31607854559994,24.738
SAU,2011,-0.2131986,24.378,0.721,10.4481791241819,,0.688133631504519,11.758820686671,27126.7498747702,6.79984191573597,153.18591263180687,,94.88,88.7767,5.34,26.765793867763,2.549,50.2036438017781,-0.512941299999999,61.082138,-0.1576511,,2.89900839820271,25.11
SAU,2012,-0.1950621,23.41,0.715,3.10809919404637,,0.669626013751334,5.76157382270968,28733.4375513452,1.40889754697817,161.96787185362544,,94.05,91.6361,3.012,26.4578386746131,3.615,48.5007097596571,-0.5972185,58.6352084,-0.186143299999999,,2.62560543280954,24.843
SAU,2013,-0.1775677,18.978,0.741,-0.103363037038804,,0.437984195574321,2.94563789152025,27865.465604962,-2.47720466086211,136.24820703149317,,97.98,92.7611,2.127,26.2949562527888,2.519,45.530927478843,-0.660277,59.1553247,-0.2026797,93.0168905157466,2.45594682538784,26.946
SAU,2014,-0.2508778,10.47,0.702,-2.25018286641955,,0.191711517264834,4.02467158380668,27805.4850319422,1.5065962283723,121.88517901052042,,93.17,95.5876,1.541,28.5328325808043,1.904,41.3384300115975,-0.308626499999999,57.9327825,-0.434598,98.8496091524944,2.28462722889923,28.603
SAU,2015,-0.140992099999999,-7.863,0.549,0.483871604314572,,0.572622097928938,4.65512316652699,23256.1549553531,-0.634810334471936,111.18462156014614,,48.66,108.1696,5.668,32.4339384933454,1.231,24.8553045322483,-0.4683535,58.6054982,-0.267793,102.979200639837,2.3663067286073,28.156
SAU,2016,0.1203849,-3.672,0.613,6.86412751032015,,3.18518611850268,1.70404739202878,22267.7217050387,-2.03439520588341,119.36261924864752,,43.29,113.0665,12.676,28.1170520868555,0.969,20.7349959872418,-0.5059085,57.8279089,-0.199981599999999,105.491550199825,2.28744215208108,24.275
SAU,2017,0.1100011,1.696,0.57,-1.92395479187724,,0.136801407151884,1.18210705878283,23929.2907135982,1.10646877226159,119.70533874025382,,50.8,112.8101,16.532,25.4757265766537,-1.113,24.4865557580774,-0.667506399999999,56.4465642,-0.3327389,106.244903966787,2.17086355589604,31.504
SAU,2018,0.1556309,8.618,0.597,4.95637092434281,,1.36945683303735,3.2269508901591,29360.0658968566,5.89707730206987,120.1730401916504,,65.23,112.0038,17.639,22.3727056762612,1.91,29.2707418122277,-0.5983975,56.1327398,-0.2326451,106.376211565111,1.69420116807041,30.213
SAU,2019,0.2130276,4.585,0.602,-3.15511343754686,,0.346411455797861,1.65158925617395,29566.7933827436,2.09953683085793,131.4715934540646,,56.99,115.7333,21.558,25.5522842268021,-0.182,25.453167735458,-0.5528727,57.6909104,-0.169569499999999,104.048257824894,3.24079973092822,25.477
SAU,2020,0.32153,-3.479,0.53,-9.91890265664219,,0.211115523412857,-3.80478901996312,24338.8307301067,-8.3434729070232,166.60730119735476,,39.16,117.774,30.997,23.3158218039549,5.329,17.3184270283149,-0.5528267,57.5945518,-0.1793363,104.411027399625,2.50862661157698,29.627
SAU,2021,0.2365231,4.637,0.54,1.80152304333625,,2.8850612174452,6.51959698325419,31920.7653655643,9.17745692710805,168.30067705253205,,68.14,113.1051,28.615,26.3426467287873,1.243,25.5652418188141,-0.4672131,60.9762692,-0.1658751,104.280975297041,2.24482025584916,19.772
SAU,2022,0.2767396,13.563,0.596,19.4538456033534,,2.1556449627378,12.0005874752929,38510.2276211037,7.15912905732745,167.90513914799786,,94.9,120.698,23.816,26.5159908508109,2.037,,-0.3617761,63.6030924,0.0393234,122.158039993668,1.79501458482731,15.964
SAU,2023,0.476953,3.291,0.588,-6.9729135548006,,1.87131032249407,0.542592439393161,36156.848337701,-4.01429387790023,180.44987982177733,4.087062146892655,77.58,120.2663,26.235,29.2016398479372,0.382,,-0.2452065,64.4850665,0.1165635,,1.57374630001703,13.474
SAU,2024,0.7528275,-0.524,0.549,2.03662981398548,,1.72104243015611,1.99650173436159,35121.6628687742,-2.61945058525819,221.0156972208821,3.15,76.63,122.893,29.874,30.2367878635492,0.269,,-0.048171,66.0645617,0.2103549,110.66346516974,1.69797108537072,11.502
SDN,2010,-1.4777406,-2.625,,9.0000001417613,41.2309784294958,3.50004539535845,3.85824195230107,1305.63598632813,0.758886048751407,119.99545832174232,,79.48,93.0541,74.568,20.3985392323003,15.352,11.9428584964653,-2.4305404,33.919137,-1.383167,39.6667785644531,39.0368588684501,26.4
SDN,2011,-1.46601389999999,-3.992,,-96.3644190953262,41.8849817755024,3.15234852962884,-3.21353209253371,1332.6572265625,5.87200118550977,153.18591263180687,,94.88,88.7767,78.113,23.2624340175259,18.895,16.7759073133375,-2.3438684,34.1519878,-1.4311591,35.2129783630371,39.2664544230272,32.17
SDN,2012,-1.57216549999999,-12.787,0.564,-76.6000108213832,62.0028273281422,6.14212434699966,-17.0046884048945,1019.22210693359,-7.20056369222739,161.96787185362544,,94.05,91.6361,117.671,19.7241316199789,44.436,6.64669345938477,-2.3155934,32.7933604,-1.42399229999999,38.7272605895996,39.5815031602764,30.834
SDN,2013,-1.5693861,-11.007,0.687,61.9999732465502,56.487760867855,3.92312074519106,1.95514463302422,1138.62780761719,-0.372546263586997,136.24820703149317,,97.98,92.7611,105.752,17.1950466966314,41.903,7.51778871746273,-2.2572174,31.5652004,-1.4727537,40.9434089660645,39.8679665673917,29.155
SDN,2014,-1.5461064,-5.838,0.482,72.000056621067,45.2388242895741,2.52698516017578,4.66137954229873,1275.43835449219,1.86452924090501,121.88517901052042,,93.17,95.5876,84.426,15.0415341466529,25.668,5.17423775201674,-2.2236606,32.2862556,-1.4368402,42.046989440918,39.8119648926251,27.283
SDN,2015,-1.4808042,-8.462,0.422,-1.99997942549113,42.8323529853489,3.34135261447755,1.91017689052751,1292.37963867188,-1.14810293147822,111.18462156014614,,48.66,108.1696,93.196,12.8081335322639,12.582,2.97569090164715,-2.0365601,31.8408659,-1.4901668,42.5230712890625,40.165761583908,25.229
SDN,2016,-1.4810828,-6.493,0.379,-3.04005800050805,51.1473148369104,2.49532759301928,3.46764218409288,1033.21594238281,0.369473161527822,119.36261924864752,,43.29,113.0665,109.93,9.3059152625505,30.474,2.74050635867162,-2.16225439999999,32.5946168,-1.4810009,40.9556007385254,40.3143813505549,23.625
SDN,2017,-1.480461,-9.429,0.438,8.99999422596123,55.4341564956713,2.58043876395005,0.70925628476644,966.505676269531,-2.71987452387332,119.70533874025382,,50.8,112.8101,149.539,10.7686344431485,25.151,2.48029512284545,-1.9473364,32.3639503,-1.3822481,43.0903282165527,40.7288036338678,22.198
SDN,2018,-1.5184609,-13.928,0.364,8.00002383777598,71.4394464809636,3.51269523880448,-2.6809305497999,731.027465820313,-6.01716755998106,120.1730401916504,,65.23,112.0038,209.809,9.9893502376745,72.935,6.14770644131694,-1.71645009999999,31.1206277,-1.3679719,42.1366996765137,40.994427491401,20.795
SDN,2019,-1.47108899999999,-15.182,0.375,7.00001532778467,74.3660545239152,2.55226968828806,-2.17825104530091,709.975280761719,-5.00795943799888,131.4715934540646,,56.99,115.7333,216.501,14.3050078362201,57.011,8.25976911220096,-1.65533209999999,30.7397038,-1.4223111,43.5378608703613,41.2571477085569,19.37
SDN,2020,-1.3828975,-16.577,0.437,5.23413689113607,93.152816991005,2.65193447042229,-3.62980082410752,577.795227050781,-6.18595807947966,166.60730119735476,,39.16,117.774,278.332,5.78653523341068,269.334,9.29265238055366,-1.3881394,31.1921338,-1.344873,,40.977793682228,19.783
SDN,2021,-1.292527,-7.456,0.546,8.00003049207125,69.8676399582301,1.52754029838982,-1.8685204827207,712.122009277344,-4.47700779563793,168.30067705253205,,68.14,113.1051,189.636,3.46580920270714,318.208,12.7502116848016,-1.7826483,31.387641,-1.3405003,,40.0867048815628,17.406
SDN,2022,-1.4462818,-11.32,0.463,11.9999979833292,44.3585061389123,1.11000421594226,-0.957816591119183,1046.24084472656,-3.59800846557803,167.90513914799786,,94.9,120.698,186.779,2.17826429341476,87.319,,-1.92571989999999,30.4201038,-1.4230148,,39.6653000762195,12.0
SDN,2023,-1.4513517,-3.753,0.498,-37.09999131211,58.0030635125029,1.37399372870934,-29.4332718325149,797.283447265625,-30.363173571103,180.44987982177733,4.087062146892655,77.58,120.2663,259.645,2.17279846218936,113.299,,-2.0604154,29.5639854,-1.65553779999999,,,
SDN,2024,-1.557432,-3.507,0.504,-30.0000071565927,45.3986291468877,,-13.9643375197179,984.607666015625,-14.6570236407403,221.0156972208821,3.15,76.63,122.893,271.979,2.88674000548273,151.11,,-2.0243381,28.6395041,-1.7733122,,,
SEN,2010,-0.5598176,-3.522,0.267,-0.802141351972566,29.1069276963651,1.68778336701059,3.39088925336209,1275.88357492357,0.952269607225944,119.99545832174232,,79.48,93.0541,34.6,20.0869466642817,4.294,2.97597316384999,-0.432497199999999,48.9005025,-0.3419317,37.1267013549805,66.51743911433,2.937
SEN,2011,-0.3719629,-6.504,0.241,2.12879844278879,33.0931855562814,1.90106996405963,1.33409107961258,1374.67591873844,-1.19544188286081,153.18591263180687,,94.88,88.7767,32.877,21.0003400122128,2.735,3.6495940769705,-0.333963,49.7209697,-0.3452903,42.6368983156004,66.4020296201262,2.978
SEN,2012,-0.2609003,-8.759,0.251,7.26531373169888,40.9303592307614,1.56368019565039,4.00299555090457,1326.83798848379,1.2557464643975,161.96787185362544,,94.05,91.6361,34.489,24.6240972538796,1.134,4.86398118749562,-0.1570391,50.9807671,-0.2019456,46.4158677062967,66.7561475391985,4.29
SEN,2013,-0.221789899999999,-8.264,0.242,-2.78088081701793,43.9606094091967,1.64581763022307,2.41238527605579,1379.83196553924,-0.578035528287558,136.24820703149317,,97.98,92.7611,36.86,24.0663485140699,-0.076,3.42436224964169,-0.0972566,51.2493039,-0.2085281,49.0776594909389,66.6762819884755,5.654
SEN,2014,0.03561,-6.981,0.24,4.63608525628239,55.4082525783348,2.03613121185767,6.22407443790986,1398.89137601382,2.91207940579723,121.88517901052042,,93.17,95.5876,42.366,25.8807867671935,-0.808,3.1569476524477,-0.0890915999999999,50.6713145,-0.1359198,50.546931380439,66.1968320905702,6.825
SEN,2015,0.0806390999999999,-5.715,0.232,9.36224802556514,60.4794401983364,2.30194934655844,6.36704365066983,1218.00613555438,3.15103873013858,111.18462156014614,,48.66,108.1696,44.509,25.8333087504104,0.959,3.47911885653568,-0.0746024,52.3890682,-0.1373394,50.5380516052246,65.7912294059009,8.045
SEN,2016,0.0315258,-4.188,0.221,4.14768713189562,61.7783390785996,2.48110320660753,6.35606857181878,1266.43957151587,3.23503572393487,119.36261924864752,,43.29,113.0665,47.524,25.3616730282266,2.859,3.9796411050175,-0.222101599999999,52.2751323,-0.0666168,,70.608725190609,6.374
SEN,2017,-0.0177432,-7.276,0.223,8.1827458702687,69.7334917042792,2.80185380597297,7.4074861863013,1356.80518449031,4.3502357301897,119.70533874025382,,50.8,112.8101,61.139,29.8155743419591,-0.792,3.21232528542185,-0.1422197,51.9114907,-0.129583199999999,,68.292316198573,5.836
SEN,2018,0.0271111,-8.808,0.248,8.1891152676079,88.9673360108035,3.6676580901097,6.20924103389086,1452.55612562445,3.27615846996514,120.1730401916504,,65.23,112.0038,61.523,32.6479409412239,1.116,2.88655464408866,-0.1420966,51.3527707,-0.1376841,,66.0701706723963,4.92
SEN,2019,-0.0003286999999999,-7.918,0.262,14.6951284895614,91.3064501670604,4.55247618583033,4.61362809749708,1431.18128932159,1.80892290260792,131.4715934540646,,56.99,115.7333,72.088,31.9656603434826,0.638,2.75988310568798,0.0630715999999999,51.6037477,-0.111789,44.4624552560012,63.8569357989007,4.037
SEN,2020,-0.0155587,-10.867,0.252,-13.2303146780322,107.855994435083,7.52395708111684,1.3420737726679,1461.08720350553,-1.29147593329481,166.60730119735476,,39.16,117.774,81.628,35.632965093467,2.433,2.86963190075436,-0.0271012,51.0489422,-0.0993883,44.7866297761573,64.9042299744272,4.817
SEN,2021,0.0360917,-12.068,0.254,22.5418246469026,114.383429271668,9.40426405095026,6.54400109964304,1598.10676952274,3.8734325976821,168.30067705253205,,68.14,113.1051,89.387,38.3530133013182,3.825,4.40159712005452,-0.1040585,51.0670241,-0.1485159,45.1726204964815,64.1867782898778,4.661
SEN,2022,0.0169424,-20.015,0.271,3.69041765336773,132.297928341272,10.5411241953817,3.85043193735768,1574.0281059306,1.31913435017567,167.90513914799786,,94.9,120.698,94.629,45.3064643568889,12.8,,-0.2028622,50.899161,-0.1356248,45.3756792066535,63.7301648214595,3.902
SEN,2023,0.0381077,-18.997,0.28,-6.03836470037649,153.247351028687,15.6044600024418,4.2574308328029,1698.03387300843,1.79788238969797,180.44987982177733,4.087062146892655,77.58,120.2663,107.356,41.928839419992,0.788,,-0.1534325,50.6656509,-0.170334799999999,44.0673682244069,63.5514222455658,3.859
SEN,2024,0.1130413,-12.132,0.239,12.598424475089,150.690164087921,6.1461393599949,6.06055141198976,1773.21829923448,3.62766288039693,221.0156972208821,3.15,76.63,122.893,113.673,37.4782050534292,0.235,,-0.228555999999999,51.0517148,-0.2046739,,63.3288036973486,3.868
SGP,2010,2.07204,22.933,0.261,17.7876650340506,,23.0694716770802,14.5197497108994,47236.683084953,12.5085215498552,119.99545832174232,,79.48,93.0541,98.674,27.6582275190447,4.593,0.038512160672046,1.1901335,86.4798046,1.3929086,,9.1798497996429,9.413
SGP,2011,2.0725464,22.218,0.261,7.69048603691513,,17.5960314065854,6.21493416858989,53891.4570264372,4.02338164865897,153.18591263180687,,94.88,88.7767,103.13,26.6919943455279,5.543,0.154301445478482,1.1188701,85.5341928,1.4205904,,9.58980117120697,8.868
SGP,2012,2.0881784,17.643,0.246,1.3971546433355,,18.7435244231802,4.43549759378537,55547.5553077786,1.90446223662212,161.96787185362544,,94.05,91.6361,106.725,29.2629426703058,4.324,0.143294198627007,1.256811,88.3833661,1.5532143,,9.28157431368887,8.529
SGP,2013,2.0543133,15.707,0.253,6.13984290044986,,20.9344810446532,4.81763099120676,56967.4257940383,3.13397914899265,136.24820703149317,,97.98,92.7611,98.185,29.9795021855415,1.504,0.119459449682427,1.232658,87.7924378,1.4835114,,8.65673903410736,8.903
SGP,2014,2.0560463,17.95,0.252,3.61996188755937,,21.8184880782679,3.93554027709007,57564.8023114977,2.59472315486744,121.88517901052042,,93.17,95.5876,97.749,29.4300082792766,-0.063,0.104879469325881,1.0665318,88.9478347,1.5393572,,9.2849592525659,8.378
SGP,2015,2.0799858,18.693,0.231,4.96769782563081,,22.6541826890491,2.97679931634806,55645.6068614606,1.76232468638902,111.18462156014614,,48.66,108.1696,102.165,25.353193018866,-0.643,0.0343911572935456,1.1123429,90.0384427,1.5460708,,8.27319995699337,8.894
SGP,2016,2.1044197,18.006,0.23,0.13831831773787,,20.3766287562495,3.74757848792792,57005.5887176547,2.41021443466256,119.36261924864752,,43.29,113.0665,106.306,26.3971777576543,0.165,0.029353972319112,1.2788614,89.5352634,1.5473758,107.745868589242,8.52429617566227,8.723
SGP,2017,2.1125052,18.604,0.241,7.54710545516755,,29.6706336940046,4.47689915845876,61236.251270627,4.38437834929044,119.70533874025382,,50.8,112.8101,107.646,27.2765104656237,0.377,0.0004528888819046,1.3859813,88.7548541,1.49284,107.472873863465,8.72759985450916,9.338
SGP,2018,2.1254362,15.693,0.238,8.25429430337539,,22.8377290626019,3.4519759658687,66881.6067035265,2.96719699276471,120.1730401916504,,65.23,112.0038,109.373,24.7748536752848,0.464,0.000188767152938,1.2994328,88.5630657,1.5337126,105.745250914262,8.89357181335446,8.437
SGP,2019,2.1188705,15.384,0.227,0.0732082543754728,,28.2256543399099,1.30804118153127,65952.0378959293,0.15539750940367,131.4715934540646,,56.99,115.7333,127.911,24.5014074011136,0.765,0.000169266160429,1.2580714,89.2601751,1.5263702,104.621987875083,9.16541056209865,7.629
SGP,2020,2.1272918,17.501,0.247,-0.444442881067388,,22.7176808064108,-3.81470885510713,61410.0792630788,-3.51423380533573,166.60730119735476,,39.16,117.774,148.205,22.8053955630909,0.038,0.0002420722685562,1.2855556,88.3329386,1.4703849,103.115839213946,9.68474174390962,10.558
SGP,2021,2.0800635,19.798,0.26,8.7942972051696,,32.5964610130302,9.7568044629903,80056.1288247844,14.4308159309526,168.30067705253205,,68.14,113.1051,141.73,24.0192234940025,3.964,0.0001809891091995,1.2816641,88.5386295,1.4327468,102.951274385922,9.71401945721408,9.499
SGP,2022,2.0329943,18.422,0.265,4.92272330359252,,28.3188156351916,4.10800021897151,90299.0694637269,0.719821622511958,167.90513914799786,,94.9,120.698,154.303,22.2139256940454,6.471,,1.164789,87.1812874,1.4279068,103.009804103267,9.19152251402134,7.924
SGP,2023,1.9240956,17.688,0.248,5.7116177511807,,24.8866145212528,1.82140694115385,85412.230345235,-3.00715571486563,180.44987982177733,4.087062146892655,77.58,120.2663,172.798,21.2437977714338,3.751,,1.2040374,88.4485778,1.4244438,103.082801906213,9.06840038273305,8.515
SGP,2024,1.9681221,17.541,0.253,5.44318932835321,,24.676735941018,4.38802362461865,90674.066632628,2.32663656705263,221.0156972208821,3.15,76.63,122.893,174.299,22.200257821565,1.496,,1.2318778,88.4893485,1.4311756,,9.42642739829392,6.329
SLB,2010,-0.411535999999999,-17.02,0.682,32.7254922474588,27.0135365745914,18.4740701129879,9.70817235491481,1685.14535823757,6.65612594404901,119.99545832174232,,79.48,93.0541,22.948,17.9438829858377,0.893,15.7647772737329,0.3572344,36.0399105,-0.4768434,50.952808380127,70.8827859048671,2.932
SLB,2011,-0.427587899999999,-1.948,0.578,32.0713348438599,26.0092463285008,11.2842365456827,7.43023752099302,1924.05795643133,3.54895845172413,153.18591263180687,,94.88,88.7767,18.344,15.0193620851994,9.355,19.9027124452237,0.3523933,38.1996457,-0.416557099999999,49.3238906860352,70.2439562459785,2.373
SLB,2012,-0.4011688,2.234,0.559,13.9863474058574,20.2249196824666,2.01494633587355,2.46591837712438,2066.25738638356,-1.22485253459861,161.96787185362544,,94.05,91.6361,13.266,14.6175746552631,5.087,20.8519077419093,0.3518822,38.26117,-0.393768699999999,49.0498504638672,69.9696645504582,1.817
SLB,2013,-0.405030899999999,-2.086,0.598,-5.16849264106114,15.8150933188393,4.15538562986034,5.23744704670068,2161.38627543917,1.46287648550671,136.24820703149317,,97.98,92.7611,11.569,14.646866906762,0.88,17.7681136707893,0.3503208,38.3305642,-0.396376199999999,,69.7947965670157,1.274
SLB,2014,-0.3998249,-3.731,0.653,-11.3108940674709,14.202644727771,1.5740038730018,1.18945509547778,2164.95289873002,-2.41306586755394,121.88517901052042,,93.17,95.5876,10.143,12.6368121226921,5.78,20.6416871336495,0.5553271,39.3016752,-0.2321864,,69.5520436108431,1.294
SLB,2015,-0.4012117,-2.655,0.606,-6.46542328805408,16.1611693966709,2.46368311219347,1.67578612030815,2045.47721526649,-1.90313667351086,111.18462156014614,,48.66,108.1696,7.876,15.944874295532,3.505,16.6664900887493,0.6020153,40.4504923,-0.2315499,,69.4972619173416,1.297
SLB,2016,-0.4109498,-3.726,0.704,10.7022895179948,19.7388826152978,2.70706733520786,5.55494348257992,2082.62383124213,1.8954619438627,119.36261924864752,,43.29,113.0665,7.535,17.2166308860163,-2.191,14.3004643478535,0.360596,40.464081,-0.205064299999999,,69.336087553099,1.297
SLB,2017,-0.1494384,-4.284,0.643,5.16324881901427,22.40219027726,2.91769302207799,3.07546176144591,2143.57670489272,-0.426120235207534,119.70533874025382,,50.8,112.8101,8.77,19.5610453907099,2.138,22.9192896376451,0.1156377,40.4784598,-0.200866799999999,,69.1362991144034,1.291
SLB,2018,-0.1478206,-2.964,0.685,6.21809184151007,19.8609933517187,1.54707244532947,2.74585244829055,2278.19908624102,-0.648914414273463,120.1730401916504,,65.23,112.0038,7.948,19.1385050921666,3.888,22.3396585662881,0.3816525,40.4843725,-0.1622764,,68.9842290817059,1.288
SLB,2019,0.0004546,-9.51,0.633,-2.84192041745779,19.0295414493182,2.02495638459342,1.74925244485951,2223.65890942466,-0.912183037350545,131.4715934540646,,56.99,115.7333,7.819,22.6955773604969,2.591,19.145353163623,0.4195676,43.0236864,-0.0826312,,68.84400849407,1.299
SLB,2020,-0.0256466,-1.648,0.614,-21.8455740103018,20.5207798207263,0.584583885803386,-3.38125925839405,2063.32780991967,-5.50324350800385,166.60730119735476,,39.16,117.774,12.839,16.7238165802949,-2.619,19.1938888891881,0.5368126,40.4902631,0.2111308,,69.7755727926143,1.486
SLB,2021,-0.1748432,-5.086,0.581,-1.23401905839017,29.1164554184841,1.79162262618701,-0.227975292792024,2043.44413170658,-2.59513572745166,168.30067705253205,,68.14,113.1051,15.936,22.4863245864744,4.611,18.395048524098,0.4456005,38.1800039,0.015353,,69.1414556873371,1.37
SLB,2022,-0.1752124,-13.695,0.556,-1.89076259692986,30.3157419260252,2.77627597762606,-2.58448361755723,1877.78104490956,-4.88870843999941,167.90513914799786,,94.9,120.698,15.506,20.8786485938958,8.724,,0.7315157,38.1507479,0.1473971,,69.0424833768775,2.945
SLB,2023,-0.1764808,-10.364,0.464,23.6082255871882,31.3053346970914,5.23830750788181,2.84111851154807,1882.64394148042,0.406498798558516,180.44987982177733,4.087062146892655,77.58,120.2663,20.304,21.2240408441806,4.295,,0.7318958,38.1538659,0.1522162,,68.9487909474215,2.927
SLB,2024,-0.1401036,-3.708,0.442,7.82981746660036,33.8252498362145,2.08128126058924,2.99755987604104,1933.55538435227,0.584428781115449,221.0156972208821,3.15,76.63,122.893,22.022,19.4589053652813,5.627,,0.7499116,40.8504209,0.1533565,,68.7991269939351,2.936
SLE,2010,-0.6318848,-14.022,0.248,19.4271180480046,22.0976274453058,5.59265918271249,6.35566595800495,685.039673490948,3.5002192188053,119.99545832174232,,79.48,93.0541,28.936,34.433555789299,7.405,10.5288662404631,-0.237476,39.7734552,-0.8366323,,88.0240889191167,7.802
SLE,2011,-0.6666656,-39.875,0.256,-1.30350492333076,22.6211203104743,19.5505875068329,8.10065518714917,761.146365577281,5.31595837430623,153.18591263180687,,94.88,88.7767,25.774,46.5454157294241,6.646,10.9869587677677,-0.2639912,40.0458387,-0.783612,40.4235687255859,87.8205294606846,8.158
SLE,2012,-0.7690941,-21.061,0.295,133.776497215946,22.4038471121465,11.7630516727995,10.578331663387,937.504428180231,7.81299564274897,161.96787185362544,,94.05,91.6361,24.064,29.4098051807138,6.203,9.77051963302454,-0.2587444,39.9158759,-0.741593,44.5522918701172,87.4295836435811,8.442
SLE,2013,-0.801596699999999,-10.943,0.376,14.5439792699153,19.807672602076,5.72675143806855,14.6633238075229,1117.47183075115,11.8800866018127,136.24820703149317,,97.98,92.7611,22.291,17.6517899195356,5.374,7.22686963531629,-0.10195,40.1520655,-0.8619589,39.2237892150879,86.8263262841576,8.736
SLE,2014,-0.8422333,-7.25,0.652,26.9533567311571,19.6194520524364,4.88007878489104,-7.81501512457241,1117.7586465721,-9.99126868436694,121.88517901052042,,93.17,95.5876,26.848,15.982290990834,4.606,8.02771244072182,-0.1346918,40.8361682,-0.894407899999999,,86.4174200982451,9.442
SLE,2015,-0.7988086,-14.859,0.294,-22.532824300475,23.3391838239619,3.71866092366771,-4.36333262093788,964.575980888989,-6.55487587621558,111.18462156014614,,48.66,108.1696,28.826,18.0613249475414,8.383,10.5713602396516,-0.0242965,40.2811609,-0.789320799999999,39.8463706970215,86.5360546223957,8.135
SLE,2016,-0.826636199999999,-4.867,0.224,20.6160807869834,27.1271641031085,2.27663664378768,6.43743652764257,844.416411175476,3.96056326178993,119.36261924864752,,43.29,113.0665,38.86,17.6618966541204,17.42,14.6732645434772,-0.2703676,40.4544273,-0.8024905,42.1386795043945,86.453582297112,6.706
SLE,2017,-0.6651075,-11.671,0.271,-3.44797424472675,31.7565767199893,7.19540249608134,3.20786087715987,779.186007841728,0.774679247758442,119.70533874025382,,50.8,112.8101,44.182,19.1399846347627,15.324,14.9365306672881,-0.1470976,40.3730515,-0.7575713,41.5312194824219,86.4075251683012,5.087
SLE,2018,-0.5315771,-10.919,0.226,-16.9631002931476,28.9998131303477,2.90502880166707,2.8938564123677,845.914540460932,0.50674429876733,120.1730401916504,,65.23,112.0038,44.165,15.6172570776756,14.237,8.55532841443589,-0.2065515,40.3917044,-0.736684799999999,43.119270324707,86.3202964836759,3.573
SLE,2019,-0.512898499999999,-12.153,0.227,-10.3681881068896,29.9000056256083,1.86680073448091,5.50270937378153,843.712517809977,3.08171137743476,131.4715934540646,,56.99,115.7333,45.274,16.0259388280212,13.902,7.49079656656829,-0.1611098,40.8066709,-0.781942199999999,61.1980781555176,86.2210676719891,3.583
SLE,2020,-0.4611415,-4.795,0.226,-0.538313211190925,32.9305757433431,0.762524726187775,-1.2533490322766,845.277557920549,-3.50677788869559,166.60730119735476,,39.16,117.774,46.366,15.3412107315104,10.447,8.22978194152241,-0.366900299999999,40.5946053,-0.6747383,62.5606803894043,87.4636319615755,4.082
SLE,2021,-0.478002999999999,-5.52,0.244,69.7699988957656,35.6443712586542,2.98593617691379,5.8968527047094,885.396401885395,3.51527957069044,168.30067705253205,,68.14,113.1051,47.062,14.0995510593104,17.938,9.03701414128967,-0.2367225,40.4559666,-0.759120999999999,73.4251403808594,86.9520389016352,3.902
SLE,2022,-0.5533309,-6.35,0.341,8.98836597889827,34.0264597502258,2.03619504430889,5.3135546141915,860.371067916096,2.99519003006155,167.90513914799786,,94.9,120.698,53.981,14.876867806648,37.09,,-0.265426899999999,39.0056536,-0.7806301,,86.766097222455,3.513
SLE,2023,-0.568678999999999,-9.479,0.419,4.81657758366927,37.7976134256055,2.27421424673208,5.7100218981806,758.329137378248,3.41471641633679,180.44987982177733,4.087062146892655,77.58,120.2663,49.873,19.7051016386647,52.156,,-0.5558929,39.1025137,-0.8268953,86.9079513549805,86.4983984141748,3.484
SLE,2024,-0.702284199999999,-5.459,0.389,129.183929808919,31.1262398944279,1.7469962843978,4.29322336690163,806.654650417726,2.10273334346427,221.0156972208821,3.15,76.63,122.893,43.002,20.4557869154859,13.78,,-0.4501536,38.1620198,-0.8385756,,86.274163949486,3.492
SLV,2010,-0.2559994,-2.888,0.216,13.4378549259295,64.1870275761026,-0.613406192808089,2.15419536693635,3040.07300952878,1.81801613607789,119.99545832174232,,79.48,93.0541,66.794,16.6715814032151,2.13,1.02874215933074,0.0373531,62.5286423,-0.7999777,68.1448218125398,37.6719454250784,10.156
SLV,2011,-0.168123,-5.481,0.197,7.22830425526557,64.7282677643228,0.603930846788838,3.77358499834686,3330.60049486653,3.40079170641816,153.18591263180687,,94.88,88.7767,65.598,17.7899287016523,5.052,0.832361782908174,0.0229262,62.0424425,-0.6816525,69.7446217742312,37.9353765092752,8.541
SLV,2012,-0.412827599999999,-5.797,0.193,0.450628070672025,66.0385885611869,2.01123945886672,2.88770010188691,3497.91256915509,2.48637921457058,161.96787185362544,,94.05,91.6361,69.994,17.7095456638993,0.783,0.771015636279707,0.1962335,58.4976201,-0.8105369,70.8309781500769,37.5444353072407,8.435
SLV,2013,-0.3454095,-6.905,0.201,6.30857647873849,67.2925042869877,1.11490857279595,2.18295232499635,3582.26694005169,1.76908303690966,136.24820703149317,,97.98,92.7611,69.655,17.0194025181256,0.786,0.938918673106463,-0.1174817,58.5649562,-0.681355199999999,72.2452860122263,37.6423762611436,8.512
SLV,2014,-0.4848632,-5.371,0.208,3.19839288634871,70.3861891341649,2.2408951362935,1.7293998423459,3666.01248913873,1.33132680650547,121.88517901052042,,93.17,95.5876,71.791,16.397215655674,0.477,1.0550593254644,-0.1004167,57.8661104,-0.6097108,71.3858349113676,35.3900603003827,9.597
SLV,2015,-0.523622599999999,-3.216,0.207,3.2774429021319,69.8285240399009,2.10997804482034,2.40000008852115,3790.34089108162,2.05686593954016,111.18462156014614,,48.66,108.1696,73.464,16.0169876236441,1.014,0.850742982932215,-0.1411131,56.5082463,-0.7675683,70.725825383614,36.0008841199992,8.661
SLV,2016,-0.5627985,-2.274,0.212,0.206405059292038,72.2721022773975,1.98198031581358,2.53906241135864,3901.34014965811,2.25589267443243,119.36261924864752,,43.29,113.0665,75.214,15.967514115536,-0.931,1.0221138126124,-0.2511021,54.6737304,-0.7459281,68.2966095615156,35.9847365975662,9.499
SLV,2017,-0.5282498,-1.86,0.203,3.38677570333186,72.8746784050405,2.01688451540263,2.24761908134138,4020.12671373919,2.0380895055328,119.70533874025382,,50.8,112.8101,77.136,16.6770019364119,2.035,0.88816041131789,-0.3360373,53.864114,-0.8610369,66.1074423967185,36.3573999140128,9.747
SLV,2018,-0.579658,-3.302,0.208,1.55505769163366,67.9677797506065,1.58620478716365,2.4124442237792,4183.54620971358,2.30913946286621,120.1730401916504,,65.23,112.0038,76.961,18.3715366715538,0.438,0.663649690465912,-0.420064599999999,54.4818521,-0.831723099999999,66.9325713689265,34.309632917246,9.278
SLV,2019,-0.5208324,-0.422,0.211,8.51554936476046,68.0055117047585,2.59024369040438,2.43747159065784,4320.11671534627,2.39613321946494,131.4715934540646,,56.99,115.7333,77.906,18.3447949008115,-0.009,0.562349124959244,-0.2138062,53.9808099,-0.7489712,64.8486537180759,34.6109339052804,9.6
SLV,2020,-0.5107438,1.11,0.186,-24.0707465193707,78.5146265012445,1.55101998611342,-7.893101359867,3997.19279583709,-8.07562588564387,166.60730119735476,,39.16,117.774,95.365,17.2116179042815,-0.08,0.764177304476048,-0.1497936,53.6791988,-0.6910565,65.1837191291627,34.9186374995032,11.084
SLV,2021,-0.5616664,-4.306,0.195,29.8076129453722,74.3625867555421,2.7560499827498,11.9047617015957,4642.60743101342,11.5271594106656,168.30067705253205,,68.14,113.1051,87.955,23.3549127263788,6.114,0.535264947589614,-0.222007099999999,50.2997981,-0.83512,64.9813787512946,33.112479940051,9.804
SLV,2022,-0.680151,-6.822,0.2,11.9618557101986,70.8097768378782,0.0823187568481088,2.95461516549889,5074.60210221806,2.55237486650837,167.90513914799786,,94.9,120.698,83.346,24.4715740009765,7.316,,-0.0998814,48.7776873,-0.9646984,65.2267824913058,32.0681011931043,7.48
SLV,2023,-0.6099566,-1.369,0.175,5.33173785224552,72.0850222295654,1.89928827474734,3.5391566928735,5365.44491399171,3.05826987824165,180.44987982177733,4.087062146892655,77.58,120.2663,84.684,20.6846824919049,1.229,,0.0822243,49.8317655,-0.707075599999999,65.5709865566541,31.5097717413482,7.031
SLV,2024,-0.5765882,-1.389,0.161,12.1217980315107,75.3936981274716,2.61241857793703,2.60202016121069,5579.65969165029,2.13954811058277,221.0156972208821,3.15,76.63,122.893,87.584,20.3442333880768,0.3,,0.0061325999999999,52.083202,-0.7133592,62.1425847697468,31.1743630629028,7.507
SMR,2010,,,,,,,-5.47368421052632,56543.1898204098,-6.05328650752219,119.99545832174232,,79.48,93.0541,19.964,,2.65,0.0,1.5781203,,1.3800148,66.6119766235352,,
SMR,2011,,,,,,,-8.3147735708983,55601.3929703047,-6.48781473647414,153.18591263180687,,94.88,88.7767,16.621,,2.339,0.0,1.5682717,,1.3950696,65.9253387451172,,
SMR,2012,,,,,,,-7.04453441295546,47945.8991734281,-9.40251314800584,161.96787185362544,,94.05,91.6361,17.242,,2.531,0.0,1.5672321,,1.389334,64.1398315429688,,
SMR,2013,,,,,,,-0.78397212543554,50807.8289138024,0.501232920728725,136.24820703149317,,97.98,92.7611,23.16,,1.458,0.0,1.5640556,,1.3765136,,,
SMR,2014,,,,,,,-0.702370500438988,51260.4938347125,0.471381910733299,121.88517901052042,,93.17,95.5876,21.01,,0.494,0.0,1.5750282,,1.3829867,,,
SMR,2015,1.1685187,,,,,,2.29150556129265,43146.8240435428,1.53901918424206,111.18462156014614,,48.66,108.1696,19.307,12.0862040532505,0.232,0.0,1.3290711,68.5327496,1.6705872,,,
SMR,2016,1.1716528,,,1.71524088265843,,,2.34440586055426,44359.4797662688,1.7136618106599,119.36261924864752,,43.29,113.0665,21.385,15.7691979335881,0.83,0.0,1.3245352,68.5735707,1.6711104,,,
SMR,2017,1.1694105,-0.391,,-1.23943520281865,,,0.258265466328027,45192.0279766943,-1.88769119879011,119.70533874025382,,50.8,112.8101,56.585,19.119353754217,1.041,0.0,1.3250909,68.6167623,1.6698301,,,
SMR,2018,1.1732244,-1.887,,1.16969878337869,,,1.49390531817373,47950.6880557136,-0.555259040981809,120.1730401916504,,65.23,112.0038,56.672,20.6091867014135,0.785,0.0,1.3290002,68.634521,1.6178208,60.3284671532847,,
SMR,2019,1.1784788,2.034,,0.471670464994432,,,2.06568514732739,46630.1443120725,1.6505086881123,131.4715934540646,,56.99,115.7333,56.214,24.0244731514119,0.497,0.0,1.2066984,68.6826695,1.6176246,61.0058309037901,,
SMR,2020,1.1797991,2.782,,-7.13551712560869,,,-6.64791081780605,44326.9556746411,-6.93518932061002,166.60730119735476,,39.16,117.774,69.789,18.05086817635,-0.378,0.0,1.2062355,68.6006897,1.4570337,61.8604651162791,,
SMR,2021,1.1772281,5.404,,26.5873492582724,,6.75333409502216,13.8977895076234,54176.4798021628,15.6202890686695,168.30067705253205,,68.14,113.1051,77.189,22.2349479785745,3.22,,1.2044193,68.5677148,1.4510365,61.0071942446043,,
SMR,2022,1.1763452,15.519,,15.5661126924329,,3.92890134686182,7.89844145767604,54190.8417700372,9.48711055571971,167.90513914799786,,94.9,120.698,71.339,23.025957538683,7.304,,1.3786309,68.4798333,1.2429348,61.6779239246356,,
SMR,2023,1.1733125,13.553,,-5.40593679437409,,-0.893347982047045,0.401934896977224,59879.7173015651,0.0905880817326192,180.44987982177733,4.087062146892655,77.58,120.2663,69.881,16.5828775318379,3.039,,1.3791391,68.4891968,1.4100336,60.7940446650124,,
SMR,2024,1.1762344,6.309,,,,,,,,221.0156972208821,3.15,76.63,122.893,65.195,,1.585,,1.3727102,68.5104015,1.1578037,60.3746397694525,,
SOM,2010,-1.684578,,0.631,,110.242347630463,4.16696585149836,6.69435192555878,219.202453852397,4.07910489707555,119.99545832174232,,79.48,93.0541,,,,,-2.9277889,20.7066987,-2.3849652,,48.6246895852882,33.644
SOM,2011,-1.6615444,,0.661,,102.033543095271,3.50997923598382,6.69435192565855,235.325945610434,5.94202931699242,153.18591263180687,,94.88,88.7767,,,,,-3.01651169999999,20.1909544,-2.380498,,48.1335077945999,33.743
SOM,2012,-1.649052,,0.751,,67.3687213629642,2.45906325256211,6.69435192553358,350.261946720512,5.73256533810552,161.96787185362544,,94.05,91.6361,,15.7360330751388,,,-2.90139839999999,21.5888385,-2.35479259999999,,47.7763994563787,33.826
SOM,2013,-1.64551309999999,-6.34,0.754,,58.417132359056,5.09591217775954,10.9592986164747,393.398703952979,7.43785495856901,136.24820703149317,,97.98,92.7611,,14.3695600150118,2.8,17.8127642098138,-2.85136569999999,19.8878545,-2.3576872,,47.3947902223592,33.655
SOM,2014,-1.73994569999999,-2.297,0.686,10.3629393121473,49.7936798453941,4.55624629490798,8.97800590573206,429.431656725102,5.13914593415699,121.88517901052042,,93.17,95.5876,,13.4104063533751,1.3,18.2921917574279,-2.4369844,22.0434292,-2.2284291,,47.0298985999989,33.548
SOM,2015,-1.7297878,-2.145,0.738,7.13948969575455,45.2495379770867,4.92510820324606,10.4621881235166,445.583080073396,6.72219258601305,111.18462156014614,,48.66,108.1696,,13.1480812127699,0.292,18.8761765982543,-2.2815589,22.7373922,-2.1954112,,46.6641931415805,33.352
SOM,2016,-1.7350014,-5.521,0.686,0.239647158262272,41.6905357744833,4.9896102178043,7.03487260042048,460.928490585175,2.99347020739935,119.36261924864752,,43.29,113.0665,,12.8456368959279,1.214,19.5454511774019,-2.2701767,21.9091576,-2.2378636,,46.3520544663466,33.467
SOM,2017,-1.721871,-3.56,0.523,-9.33323608563049,37.4050831874032,4.84156553446397,14.7357956045282,510.939952317726,10.3677043802939,119.70533874025382,,50.8,112.8101,,13.8251070470324,6.091,18.697269661953,-2.022776,21.9264273,-2.3167845,,45.9863129751675,33.201
SOM,2018,-1.80642059999999,-3.178,0.469,9.97566260774538,67.7767660919484,5.18226851263813,2.05431507259452,509.497273804534,-1.48470237917039,120.1730401916504,,65.23,112.0038,,16.1056776324146,3.221,11.735774261604,-2.06147769999999,23.6696629,-2.3047801,,45.7263116662369,33.602
SOM,2019,-1.6343465,-9.666,0.491,-3.82671480144404,62.3503074480711,5.16404805914972,2.80033312513012,539.954816211694,-0.909258009902032,131.4715934540646,,56.99,115.7333,,16.0813308687616,3.126,10.7304105687897,-2.0704895,23.7353761,-2.27689089999999,,45.5444702850766,33.844
SOM,2020,-1.5494727,-4.678,0.528,1.8018018018018,53.4531991684809,6.18915159944367,-2.76455696202532,518.16113333875,-6.38636194168187,166.60730119735476,,39.16,117.774,,16.006026889198,4.835,11.455284804417,-2.3507544,25.3921244,-2.18341659999999,,46.6617912364141,35.91
SOM,2021,-1.6031075,-7.055,0.497,17.0353982300885,43.8741204568577,6.33765685964357,3.44719850031242,549.056994756254,-0.267727633939771,168.30067705253205,,68.14,113.1051,,17.9795423389223,5.668,11.2356934915275,-2.60696149999999,26.6632126,-2.16817529999999,,46.1279568402807,35.287
SOM,2022,-1.59878449999999,-8.592,0.54,13.6735979836169,40.3125376815559,6.23346074683917,2.71821202053759,573.141165798229,-0.342614533940647,167.90513914799786,,94.9,120.698,,23.6499068901304,6.055,,-2.092858,26.6518083,-2.2051746,,46.1199827529124,34.286
SOM,2023,-1.61685259999999,-9.781,0.537,41.7960088691796,28.3163805466625,6.17357181967512,4.17524257571303,596.885985135589,1.01616806512138,180.44987982177733,4.087062146892655,77.58,120.2663,,23.6083226866216,6.603,,-2.1717975,28.0555751,-2.1303739,3.34785008430481,46.0895176612681,34.091
SOM,2024,-1.7861136,-9.231,0.757,42.2595777951525,14.918886594174,6.39257959388318,4.11139335779471,629.538899449007,0.548466776307393,221.0156972208821,3.15,76.63,122.893,,26.7485585359739,5.574,,-2.2630781,27.6160004,-2.2054496,,46.041100924009,34.137
SRB,2010,-0.365913799999999,-5.771,0.077,16.8608693575283,77.138104941376,3.88925451665989,1.61097281449412,5970.92660940072,2.02027708357562,119.99545832174232,,79.48,93.0541,38.198,17.3241841893613,10.245,2.51068899120357,-0.221943399999999,50.4168773,-0.4156392,91.4276275634766,31.1314554545562,46.439
SRB,2011,-0.3321697,-7.792,0.074,5.62873477108863,64.1515087547296,9.6203440965999,0.0542724836581954,7082.2861666075,0.813571323609423,153.18591263180687,,94.88,88.7767,42.01,18.149940401775,7.004,3.35044641406988,-0.196118699999999,50.4784379,-0.2316858,93.6310501098633,28.5643429811022,51.182
SRB,2012,-0.392706,-10.366,0.068,2.8574665998822,78.6508215754673,2.82759932149649,-0.443956070983248,6263.04086072815,0.040200455150412,161.96787185362544,,94.05,91.6361,51.727,18.8103783793047,12.184,2.77478070010415,-0.1119391,50.4953306,-0.2133225,94.1696166992188,28.4204058344184,51.244
SRB,2013,-0.368659099999999,-5.506,0.114,18.0402686253208,73.3708700362815,4.08141056622247,0.451578805330726,7040.41812068781,0.941379127713546,136.24820703149317,,97.98,92.7611,54.102,17.1235575159888,2.195,2.05963239192195,-0.0234258,50.9473049,-0.203697,94.4092102050781,28.2572842221001,49.464
SRB,2014,-0.2208569,-5.36,0.105,4.26740407068064,67.8319073531775,4.07119376860245,-1.80427041681132,6886.67809068704,-1.32558635982964,121.88517901052042,,93.17,95.5876,63.474,16.4778532272023,1.752,1.89442302636645,0.1732464,54.8908413,-0.0706309,94.3444137573242,28.1396206590348,47.632
SRB,2015,-0.3238735,-3.316,0.091,9.04236504259555,76.6569667101022,5.67381755834409,1.2957386351958,5820.3215576888,1.81545266180656,111.18462156014614,,48.66,108.1696,67.078,18.5143098449514,1.556,1.27718856590432,0.2787874,56.0846496,-0.0388041,96.6696090698242,26.384807886842,43.23
SRB,2016,-0.3507415,-2.816,0.087,10.8855972050591,69.7849323080997,5.57770746372387,2.97519807160826,5982.37030126471,3.5158880281917,119.36261924864752,,43.29,113.0665,64.978,18.1669241245312,1.532,1.17155898842791,0.1629002,54.7222701,-0.0692373,96.234733581543,28.0683656013172,34.962
SRB,2017,-0.408215599999999,-5.026,0.081,7.8637676636572,71.731970143462,6.29636171721257,2.3634031250553,6548.03653824187,2.90962447502095,119.70533874025382,,50.8,112.8101,55.257,19.7183969139317,3.017,1.52263044010001,0.1168497,55.1398973,-0.100076,95.4950866699219,27.2580928231229,31.905
SRB,2018,-0.386952199999999,-4.644,0.081,9.04312531210374,61.8350318338554,7.71374568954873,4.64935035491007,7559.86165747394,5.22266888313776,120.1730401916504,,65.23,112.0038,51.137,22.4992604945944,1.987,1.54067953539602,0.1163728,56.2769537,-0.0999067999999999,95.0872421264648,24.6704834461949,29.696
SRB,2019,-0.3635548,-6.571,0.083,7.25188317026613,63.4151328334607,7.92487427143519,4.75020793899014,7755.632986437,5.31381889246718,131.4715934540646,,56.99,115.7333,49.454,24.9266250234247,1.846,1.19461693747908,0.0620767,55.8765472,-0.0652981,94.4721908569336,24.3366747982905,27.495
SRB,2020,-0.3682278,-3.934,0.078,-4.5852598634585,71.7394155616814,6.23865408002072,-0.950023991851594,8098.70955668849,-0.288042264925664,166.60730119735476,,39.16,117.774,54.325,24.0974936172696,1.259,0.947608509343353,-0.0681568,55.8925158,-0.1348535,92.2411727905273,23.9035890568031,26.608
SRB,2021,-0.4707878,-4.106,0.076,20.4275168698308,65.9213320272095,6.95312089132574,7.94905650472278,9680.52798074468,8.97258082321535,168.30067705253205,,68.14,113.1051,53.637,24.9450929619478,7.857,1.74631766481948,-0.0436914,55.7399573,-0.1926347,92.3795013427734,24.3037407198294,24.498
SRB,2022,-0.484904899999999,-6.519,0.081,17.0313185618957,70.4741891397955,6.90354140371273,2.70347705543654,10024.8191112596,5.32139169050186,167.90513914799786,,94.9,120.698,50.907,26.3842034681714,15.122,,-0.0525867,56.2704953,-0.1559554,91.9540023803711,24.0710644765474,23.27
SRB,2023,-0.501692,-2.345,0.084,2.72851608089648,65.1823892579672,6.06995232091603,3.74793303561771,12281.707946167,4.3943385787905,180.44987982177733,4.087062146892655,77.58,120.2663,45.667,24.6160934874749,7.649,,0.0879568999999999,56.2043515,-0.1840377,,24.0494455233662,24.129
SRB,2024,-0.5608287,-6.327,0.084,5.19048081365361,62.2479849600107,6.20170332537196,3.94992622592932,13679.2065983557,4.52924814890834,221.0156972208821,3.15,76.63,122.893,44.479,25.0264449793479,4.278,,-0.168638999999999,56.0984827,-0.2000778,89.8402786254883,24.1105838439042,21.448
SSD,2010,-0.214174099999999,,,-1.5669014084507,,,5.49341639529945,1498.27034985194,0.0553052206663267,119.99545832174232,,79.48,93.0541,,10.2896550768433,,43.7092935094988,,,,,80.4532176615233,19.401
SSD,2011,-1.2275676,18.02,,-2.06880104930543,,,-4.64031673600859,1448.98435006408,-9.66551859182802,153.18591263180687,,94.88,88.7767,0.0,9.48877706805626,,51.7868586633182,-1.51136989999999,29.993121,-1.3454875,10.8023195266724,80.7741314107578,19.605
SSD,2012,-1.34178249999999,-15.911,0.995,-91.8848167539267,,1.34937246395858,-46.0821223743007,1109.26050083408,-48.4287258315307,161.96787185362544,,94.05,91.6361,8.906,7.0742528372385,25.239,5.60460947133863,-1.4983578,32.4232635,-1.1549676,,82.2352754484683,19.907
SSD,2013,-1.4236144,-3.89,0.997,99.549887471868,,-4.30359174766787,13.1297311406943,1650.18943353528,8.97551236063792,136.24820703149317,,97.98,92.7611,17.587,11.3677738263753,-8.787,14.7084526216951,-2.0671128,30.0941906,-1.3517382,,82.8148364133026,19.733
SSD,2014,-1.71827969999999,-1.213,0.998,52.8,,0.0074187791098501,3.37364847715736,1242.73450181032,2.7406396602203,121.88517901052042,,93.17,95.5876,38.141,7.9945088302124,9.88,28.4570049428564,-2.5030889,28.544087,-1.6791346,,82.7410626395525,19.576
SSD,2015,-1.77074769999999,1.654,0.994,-52.3106867299138,,0.0012502291294692,-10.7933646271143,1080.14718624765,-9.76929494253935,111.18462156014614,,48.66,108.1696,57.243,5.75075637151052,109.856,13.0532234224485,-2.2792733,28.4674316,-1.6930815,11.5348100662231,82.8557631732366,19.419
SSD,2016,-1.7919554,-0.254,0.985,,,,,,,119.36261924864752,,43.29,113.0665,150.48,,401.732,,-2.33343,27.1286746,-1.7566012,,82.985290998798,19.847
SSD,2017,-1.7562035,-36.93,0.986,,,,,,,119.70533874025382,,50.8,112.8101,162.956,,153.424,,-2.44555199999999,26.5572334,-1.7533888,,82.6444067150927,19.849
SSD,2018,-1.8304337,3.856,0.942,,,,,,,120.1730401916504,,65.23,112.0038,80.269,,31.408,,-2.3307387,25.1220594,-1.8708086,,82.0676985980013,19.555
SSD,2019,-1.8861426,2.177,0.928,,,,,,,131.4715934540646,,56.99,115.7333,43.1,,30.019,,-2.39114589999999,25.2004591,-1.87228589999999,,81.4697594840917,19.263
SSD,2020,-1.80683669999999,7.93,0.794,,,,,,,166.60730119735476,,39.16,117.774,48.982,,87.709,,-2.1055063,24.0730391,-1.90756779999999,,81.7321582386401,21.846
SSD,2021,-1.82343179999999,13.847,0.772,,,,,,,168.30067705253205,,68.14,113.1051,51.087,,2.434,,-2.21948739999999,24.3631591,-1.97781689999999,,81.1156511767052,20.797
SSD,2022,-1.861122,24.073,0.799,,,,,,,167.90513914799786,,94.9,120.698,39.112,,-13.03,,-1.6425543,24.3495563,-1.9298809,,80.5251263012678,18.717
SSD,2023,-1.87741769999999,30.282,0.785,,,,,,,180.44987982177733,4.087062146892655,77.58,120.2663,49.687,,66.966,,-1.52967079999999,23.2975773,-2.00017059999999,,80.2629920494231,18.524
SSD,2024,-2.0647211,1.182,0.792,,,,,,,221.0156972208821,3.15,76.63,122.893,54.323,,216.581,,-1.4896464,24.4315487,-1.9725304,122.120628356934,,
STP,2010,-0.2249869,-23.589,0.368,,93.7169816477426,26.6286088078235,1.44845522890635,1045.20958234528,-0.755150615358019,119.99545832174232,,79.48,93.0541,82.992,,12.89,3.97441398723173,0.3709721,42.3477185,-0.487468499999999,50.2788581848145,36.4738546968996,20.841
STP,2011,-0.158021599999999,-28.568,0.445,,95.7217902401045,14.1981181119688,1.99943210333259,1219.80189089671,-0.114189921572034,153.18591263180687,,94.88,88.7767,86.018,,11.939,3.82221922487921,0.288448,43.6822883,-0.488221199999999,48.8370208740234,36.2136578769438,20.273
STP,2012,-0.1592074,-23.877,0.44,,84.6264382872933,9.95129371315347,2.94294277416023,1192.0202911189,0.883420959148197,161.96787185362544,,94.05,91.6361,86.318,,10.406,3.81740404574064,0.2880403,43.240586,-0.578294299999999,56.3386497497559,36.1001490835745,19.398
STP,2013,-0.1937576,-16.353,0.488,,76.366141111182,4.55447319839345,5.11967735428513,1382.5757842916,3.10107564312558,136.24820703149317,,97.98,92.7611,77.142,,7.134,3.33902231905861,0.393194,41.4135316,-0.666458,63.3046607971191,35.8708581138488,17.099
STP,2014,-0.0806894,-24.527,0.569,,68.4888000658699,9.03727468460171,4.90621048664867,1489.67633417608,2.97674276212585,121.88517901052042,,93.17,95.5876,67.427,,6.426,3.04723492306762,0.4791965,42.3016329,-0.636713299999999,74.2815475463867,35.5418211784095,14.854
STP,2015,-0.0797689999999999,-14.54,0.669,,89.0041060347429,10.7400374911446,1.5397042826735,1298.10946596396,-0.246825905363622,111.18462156014614,,48.66,108.1696,84.318,,4.183,3.41287577328636,0.3792166,43.0185275,-0.5832763,82.4009170532227,35.3311165418052,12.798
STP,2016,-0.1169146,-7.183,0.648,,81.6349841295116,7.98279155418215,5.17682468684113,1434.87018050521,3.42223386315462,119.36261924864752,,43.29,113.0665,81.689,,5.123,3.27531389837999,0.2641856,43.3392141,-0.505767899999999,83.8791198730469,35.0550776536531,10.611
STP,2017,0.0961283999999999,-15.291,0.624,,84.7322641724861,10.6236604862763,4.11297966281954,1555.79477812888,2.46252459071385,119.70533874025382,,50.8,112.8101,74.726,,7.69,3.15239782697584,0.2145007,42.7356198,-0.4991696,90.4435729980469,34.7584276039499,8.388
STP,2018,0.1565474,-12.952,0.964,,66.305224714666,6.17598418618007,4.37812808264972,1825.59971753966,2.78057714923384,120.1730401916504,,65.23,112.0038,71.493,,9.045,2.33693840944991,0.4666013,41.7971603,-0.4949939,,34.5227938721762,8.312
STP,2019,0.1759771,-12.778,0.478,,66.7996943664537,5.85791781434652,2.01431672129407,1935.2931816596,0.482132360625684,131.4715934540646,,56.99,115.7333,76.387,,7.674,2.04664899329107,0.5232443,41.398585,-0.4874284,,34.282173707038,8.403
STP,2020,0.0892524,-11.193,0.336,,65.7252583186697,9.99771582880853,2.62485949543812,2167.22001796925,0.716646434339125,166.60730119735476,,39.16,117.774,70.752,,9.353,1.98018939747641,0.4748721,41.7600912,-0.356877899999999,,35.9070244903945,9.417
STP,2021,0.1620477,-13.056,0.427,,62.1259590970738,11.250926099997,1.89929891337832,2362.58827248102,-0.17852659147141,168.30067705253205,,68.14,113.1051,59.228,,9.49,1.88439596006627,0.6052679,41.8956308,-0.3937827,,35.3679165491965,9.089
STP,2022,0.1448531,-14.367,0.451,,52.0339662799472,10.2819916432401,0.168698492216564,2389.73729784737,-1.75407310474412,167.90513914799786,,94.9,120.698,55.077,,25.181,,0.4930734,41.9543257,-0.294381499999999,,35.2300323799244,8.487
STP,2023,0.1218554,-12.501,0.404,,46.4432911879943,-3.73659884967941,0.372252775001456,2990.6606143535,-1.6128371937285,180.44987982177733,4.087062146892655,77.58,120.2663,44.687,,17.142,,0.6193032,40.9661815,-0.3531339,,35.1354019282024,8.54
STP,2024,0.1841644,-10.179,0.402,,42.7472134373302,-2.02904327860989,1.09999940100751,3490.56883486557,-0.902376020183738,221.0156972208821,3.15,76.63,122.893,43.465,,11.567,,0.4890127,40.8123471,-0.3531666,,35.0775256011042,8.56
SUR,2010,-0.1624579,13.913,0.49,,,-5.85344056449596,5.16882515225814,7943.60482816915,3.95347703289852,119.99545832174232,,79.48,93.0541,17.317,36.2044525973484,10.3,22.1694362010361,0.1307885,47.4438935,-0.0810578,70.6480069546381,17.968417241673,13.452
SUR,2011,-0.1481547,9.108,0.495,,,3.28538383339053,5.84936767173009,7949.88867218383,4.64182224452708,153.18591263180687,,94.88,88.7767,18.738,,15.2,31.9335594131783,0.079854,48.2874358,-0.0758264999999999,68.2217083635148,18.0644656955989,19.21
SUR,2012,-0.1383846,3.044,0.517,,,3.40245351551791,2.69034974668847,8851.24050668908,1.52880858968571,161.96787185362544,,94.05,91.6361,20.096,,4.3,29.1297720421828,0.0654961999999999,48.7659786,-0.0675487,68.4763406082679,18.2186483020757,19.595
SUR,2013,-0.1615538,-3.557,0.501,,,3.62949532348678,2.9334416518612,9043.19281529222,1.77805890287095,136.24820703149317,,97.98,92.7611,27.902,,0.6,20.7444083074763,0.0569667,49.3147184,-0.0681876,68.5071438994946,18.4271478588742,19.335
SUR,2014,-0.3215014,-7.419,0.458,,,-1.13866864622319,0.255503031645475,9108.18905406764,-0.851471419293389,121.88517901052042,,93.17,95.5876,25.208,,3.9,13.3454910423686,0.2245948,44.6337954,-0.1298785,67.3043899536133,18.6571629623602,15.603
SUR,2015,-0.202065,-15.341,0.562,,50.118614456154,3.5828587235507,-3.41304268067621,8813.61705392067,-4.45160318607753,111.18462156014614,,48.66,108.1696,41.175,,25.1,5.12495877980327,0.2981115,45.1233261,-0.1964371,70.1560287475586,19.0979286218718,13.027
SUR,2016,-0.1787366,-4.838,0.765,,94.0048924623215,6.9833403838341,-4.91166050905851,5644.2061057532,-5.90338246401519,119.36261924864752,,43.29,113.0665,75.395,,52.4,15.0617975898749,0.1759261,44.7438468,-0.2097569,71.6250318633699,19.3036260295482,24.957
SUR,2017,-0.195415199999999,1.929,0.765,,97.8194437840169,2.67494793416759,1.56603782534897,6049.52128553675,0.547149370341614,119.70533874025382,,50.8,112.8101,73.029,,9.296,19.7854729048857,0.1667453,44.337012,-0.241387699999999,,19.4536674391395,24.914
SUR,2018,-0.2886333,-2.971,0.824,,98.1010259179764,3.27713336345246,4.94827108468886,6665.74180472239,3.93294702617604,120.1730401916504,,65.23,112.0038,68.627,,5.441,8.44388268533074,0.1496981,43.430537,-0.260691599999999,74.745979309082,19.5492755422349,24.788
SUR,2019,-0.281896,-11.162,0.819,,108.97590105528,2.09560541663346,1.16758977233877,6629.66775248603,0.12296002295291,131.4715934540646,,56.99,115.7333,84.027,,4.215,6.83251753458721,0.1321528,45.3650405,-0.248591999999999,74.4114544472174,19.6085019483268,24.661
SUR,2020,-0.3026185,8.924,0.814,,158.856512570807,0.0357132024302943,-15.9751917148622,4755.39221710693,-16.8738740468232,166.60730119735476,,39.16,117.774,146.436,,60.739,4.60122863820656,0.4628889,43.8917138,-0.185081599999999,73.11669921875,19.3949498430558,28.839
SUR,2021,-0.311597299999999,5.709,0.785,,152.48097804211,-4.26991302669251,-2.43538583612838,5029.84838543953,-3.31629942420831,168.30067705253205,,68.14,113.1051,115.824,,60.694,9.59272209392741,0.3607899,44.9491339,-0.1971687,65.6294708251953,18.7338249491236,27.463
SUR,2022,-0.308943099999999,2.102,0.737,,120.403535980358,-0.245419018781694,2.40622235601218,6084.43876736445,1.54051769500568,167.90513914799786,,94.9,120.698,116.944,,54.58,,0.2466594,43.533242,-0.2196339,78.0214761948254,18.8820662207092,25.534
SUR,2023,-0.3292402,4.296,0.702,,129.106954223841,-1.52896596211284,2.41659223498058,5521.97602122638,1.48474172349111,180.44987982177733,4.087062146892655,77.58,120.2663,98.234,,32.617,,0.3004618,43.3391857,-0.1875599,76.1109237670898,18.853572870583,24.982
SUR,2024,-0.3768745,-2.818,0.542,,,-0.850285319023894,1.72095737011739,6961.78955961526,0.831904488689332,221.0156972208821,3.15,76.63,122.893,87.218,,10.093,,0.4782277,40.3728954,-0.2085757,,18.6672861106731,24.942
SVK,2010,0.2279608,-4.632,0.157,18.0367547456066,,2.32222893370545,6.79058159142423,16899.448680529,6.69110844613654,119.99545832174232,,79.48,93.0541,40.637,25.3783368279954,1.292,0.337208259001387,1.12655,70.6100964,0.2706597,94.7793426513672,12.8425346650569,33.749
SVK,2011,0.2279303,-4.882,0.154,10.0895270805303,,5.44765747649664,2.56242473215553,18469.4354316836,2.43026958601608,153.18591263180687,,94.88,88.7767,43.25,26.5333923090075,4.593,0.359867998454853,0.9502652,70.1388637,0.3221474,94.9994125366211,12.8677089021333,33.487
SVK,2012,0.1773254,0.928,0.166,9.21016484852932,,1.87551069035637,1.56917104702706,17516.9691054078,1.39646371759601,161.96787185362544,,94.05,91.6361,51.674,21.474904237703,3.358,0.325157520045924,1.0152253,70.2370487,0.3349536,95.0492630004883,12.8711021710862,34.102
SVK,2013,0.1495037,2.935,0.172,5.3815272876617,,1.01266878582834,0.703323545247201,18312.7805149823,0.595167879643,136.24820703149317,,97.98,92.7611,54.583,22.1131489252307,0.36,0.296934539699268,1.0379263,68.302602,0.3144728,93.529670715332,12.8696196859551,33.711
SVK,2014,0.1860971,1.739,0.175,3.30124279627275,,-0.356803047431846,2.70795151449488,18770.9289896545,2.608326498525,121.88517901052042,,93.17,95.5876,53.347,22.7798159146212,-0.139,0.288569282906269,1.1421663,66.3341836,0.2201051,92.7571029663086,12.4795729988755,26.745
SVK,2015,0.192681,-2.063,0.183,6.75241976116079,,1.70487122540291,5.17687909722133,16442.0760860018,5.07697290945579,111.18462156014614,,48.66,108.1696,51.524,25.7777282551685,-0.449,0.26302479249352,0.944233,66.026849,0.2446535,91.8957290649414,12.4714316446743,26.571
SVK,2016,0.2841166,-1.454,0.197,4.9024797473985,,5.27770700739813,1.94781841524558,16636.0769133073,1.81646959957402,119.36261924864752,,43.29,113.0665,52.047,24.5392697834922,0.301,0.261669771629207,0.7354497,68.0983558,0.2743489,91.4534378051758,12.6787550670292,22.274
SVK,2017,0.2266169,-1.735,0.19,3.64169143263635,,4.39986424621101,2.87473327453695,17645.5298716761,2.71521709643727,119.70533874025382,,50.8,112.8101,51.286,23.5559590901028,2.098,0.333116894336664,0.8542516,66.5592118,0.2586648,91.2535934448242,12.4594216744778,18.962
SVK,2018,0.26406,-1.633,0.217,5.47642478511412,,2.11269531583982,4.06211981896483,19573.3717031314,3.91808506492153,120.1730401916504,,65.23,112.0038,49.188,24.2014212638106,2.015,0.289202597240663,0.7129564,65.6685855,0.3056611,91.7815399169922,12.3161043536917,14.971
SVK,2019,0.2499712,-3.527,0.235,1.35655513267361,,2.15394548631737,2.27589910019393,19406.0589683582,2.13758470717096,131.4715934540646,,56.99,115.7333,47.918,24.0619105210669,3.299,0.251989434209045,0.6744971,66.3324661,0.3671757,91.3246917724609,12.4733257375334,16.12
SVK,2020,0.4197316,-0.466,0.256,-6.35535306900033,,-1.05975666677956,-2.58551241733207,19735.4858280801,-2.66902849173539,166.60730119735476,,39.16,117.774,58.305,20.2268098788151,1.736,0.219233025168727,0.6167177,64.477053,0.5265879,90.813346862793,12.4747441106597,19.438
SVK,2021,0.3575001,-4.831,0.229,10.6610621875004,,2.25677867211963,5.6558588065555,22123.3342114545,5.88046673143569,168.30067705253205,,68.14,113.1051,60.061,22.6863824228676,5.092,0.226150293544136,0.5857562,66.552818,0.7070856,91.0899124145508,12.0801465035228,21.211
SVK,2022,0.3774853,-9.618,0.217,2.76875182987904,,4.16872005912019,0.544591632137454,21317.7943982363,0.831412246801008,167.90513914799786,,94.9,120.698,57.571,23.3083572565552,15.031,,0.5294743,66.3156805,0.5921835,92.2043075561523,12.3414458607171,19.924
SVK,2023,0.3846188,-1.685,0.256,-0.672789520205058,,0.393861455912485,2.11263633214959,24614.8734642794,2.20694498399155,180.44987982177733,4.087062146892655,77.58,120.2663,55.997,19.7276184665634,6.56,,0.5856273,63.3366469,0.5534478,92.6436767578125,12.4017512016968,19.867
SVK,2024,0.1108201,-2.776,0.251,0.0224049023346993,,3.55503662060591,1.93867445549446,25992.6748502048,2.02649250952174,221.0156972208821,3.15,76.63,122.893,58.017,20.1257200812979,3.23,,0.6343713,61.245571,0.5609435,93.1929931640625,11.8354436540986,18.995
SVN,2010,0.7280642,-0.697,0.112,10.322863585419,,0.667761282375457,1.11213719306735,23329.8417691156,0.672167911403392,119.99545832174232,,79.48,93.0541,38.607,22.5601344858632,1.857,0.300599361470026,1.0753011,67.7420115,0.8289311,98.5378189086914,15.4826470098405,14.7
SVN,2011,0.6998632,-0.772,0.104,6.69026793880639,,1.71085960342006,0.655438128379743,24940.6284841605,0.446560894988352,153.18591263180687,,94.88,88.7767,46.815,21.8690049997807,2.002,0.35989971304657,1.1136359,66.5993989,0.7793556,98.4782180786133,14.8156992766563,15.764
SVN,2012,0.6842766,1.41,0.102,0.746699874372567,,0.072644638587861,-2.91553782040462,22442.1417859955,-3.11922481726151,161.96787185362544,,94.05,91.6361,54.074,18.8609355850954,2.676,0.252704524589708,0.9825256,65.0103337,0.7982103,98.1137313842773,14.5430835611988,20.649
SVN,2013,0.6001872,3.527,0.103,2.79564702877457,,0.217315881641324,-0.823776417691676,23236.9655321695,-0.958293257973466,136.24820703149317,,97.98,92.7611,70.836,19.7842267864778,0.674,0.206400677505941,0.8890197,64.6034515,0.7389481,110.558929443359,15.3233834125503,21.665
SVN,2014,0.6036712,5.327,0.107,5.83055857684327,,2.05875310395561,2.76283327639742,24013.0682060959,2.66181374029557,121.88517901052042,,93.17,95.5876,81.133,19.7452653119649,0.14,0.264570914876485,1.054531,63.3789979,0.8102133,110.182746887207,16.4774622190543,20.236
SVN,2015,0.6575394,4.116,0.104,5.43043168283323,,4.05096848349793,2.39330621338168,20697.2748530619,2.31634491842804,111.18462156014614,,48.66,108.1696,83.418,19.4686216573949,-0.449,0.263848700764214,1.0294179,63.9180477,0.8075466,109.655220031738,14.5917012980378,16.299
SVN,2016,0.7620923,5.284,0.11,6.43041164410103,,3.26541395278807,3.03441486663654,21447.8377796036,2.95902414777296,119.36261924864752,,43.29,113.0665,79.43,18.8479088939625,0.511,0.261246243560769,1.0204175,65.0040219,0.8161277,115.216941833496,12.7815368110266,15.243
SVN,2017,0.7942102,6.793,0.116,11.0703767176082,,2.4842141360232,5.17440215579958,23303.077705959,5.10589384792048,119.70533874025382,,50.8,112.8101,74.89,20.2503347880345,1.745,0.268545994107094,0.9455099,64.4348235,0.7256837,114.595596313477,13.0605447220858,11.24
SVN,2018,0.819582,6.51,0.118,6.15538029466998,,2.86489909951597,4.37908347331195,25888.0481065655,4.00130649890984,120.1730401916504,,65.23,112.0038,71.007,21.5608446841882,1.421,0.261790471547443,0.9840178,65.1364703,0.7585508,113.556167602539,12.8872104569205,8.817
SVN,2019,0.848482,6.449,0.129,4.48061530743493,,3.99098612082388,3.50525332381912,25814.1687167572,2.78704541391961,131.4715934540646,,56.99,115.7333,66.02,20.8345240702316,1.827,0.23437135303998,0.9481029,68.8169159,0.9164028,111.369567871094,11.5474620778702,8.136
SVN,2020,0.7760206,7.673,0.148,-8.53073565492291,,0.948340847721794,-4.08500094942896,25392.0651093612,-4.72524968037921,166.60730119735476,,39.16,117.774,80.17,20.1896719461532,-1.082,0.214171558575469,0.7478672,67.8206368,0.9364183,110.359169006348,11.5403921376583,14.179
SVN,2021,0.6986582,3.75,0.141,14.1214028146947,,3.60613978687237,8.41686457725321,29192.8401933019,8.12577517618843,168.30067705253205,,68.14,113.1051,74.832,21.7979271644933,4.884,0.189323915465621,0.7356372,67.9447815,0.9260486,108.17887878418,11.2005471802566,12.846
SVN,2022,0.7480799,-1.119,0.197,7.43736329855709,,3.64010857871706,2.66850555542486,28360.3041467268,2.47421045586167,167.90513914799786,,94.9,120.698,72.739,24.5714885958339,10.256,,0.7749516,66.4897497,0.9211902,107.874809265137,11.1881036393213,10.14
SVN,2023,0.6814999,4.47,0.269,-1.91243293763539,,2.09028809314832,2.3758326648385,32660.4753581346,1.97100496138407,180.44987982177733,4.087062146892655,77.58,120.2663,68.394,22.510001872287,4.166,,0.8589449,67.4059809,0.9707915,107.626876831055,10.9647991555924,9.948
SVN,2024,0.6743495,4.448,0.348,2.33604374454872,,2.5587649173879,1.73139722479493,34301.0318686594,1.39957708502673,221.0156972208821,3.15,76.63,122.893,67.039,21.5339676972715,1.864,,0.7209146,67.4509563,0.9786636,,10.7672749413442,11.029
SWE,2010,2.1306982,5.876,0.096,11.0505793990285,,0.126859666003955,5.75076477579255,52542.5759090299,4.85304553694191,119.99545832174232,,79.48,93.0541,38.593,22.4219023210946,1.777,1.41416853353088,1.0865676,82.433022,1.8755255,102.25106048584,8.2208205677918,24.76
SWE,2011,2.1230571,5.466,0.096,6.77619240147405,,1.22329216394859,3.16388567406926,60379.4814599322,2.38777753247983,153.18591263180687,,94.88,88.7767,37.67,23.2373150954555,0.835,1.6957695570353,1.1573733,87.4426451,1.9089859,102.14037322998,7.81902514980134,22.782
SWE,2012,2.1691497,5.496,0.095,0.708094799631695,,0.777373680569339,-0.414397702454409,57749.5615420853,-1.14837721022437,161.96787185362544,,94.05,91.6361,37.992,21.9937736525354,0.973,1.06629092584269,1.1548415,86.7436005,1.9386912,103.106872558594,7.85516991332714,23.608
SWE,2013,2.07534,4.334,0.091,-0.126820386004383,,0.2546975094246,1.13766671801426,60843.9888799369,0.284298669472349,136.24820703149317,,97.98,92.7611,40.777,21.899375975039,0.253,1.00193412946544,1.0499372,85.9518547,1.9038352,132.713500976562,7.95406884459979,23.518
SWE,2014,2.0070816,3.287,0.091,3.91862353683898,,-1.0454392642501,2.29577238758284,59583.4584491714,1.28579244857269,121.88517901052042,,93.17,95.5876,45.686,22.8644895912017,0.309,0.908726777199877,1.0182733,82.0803778,1.880538,133.660247802734,7.77281432725019,22.821
SWE,2015,2.0948719,2.599,0.09,5.09040536522024,,1.94926707461038,4.38824673608589,51188.1652120493,3.29020421290397,111.18462156014614,,48.66,108.1696,44.456,23.7906694877918,0.851,0.488159781498559,0.9288589,83.0277119,1.9483702,137.462966918945,7.68505802669591,20.363
SWE,2016,2.1058509,1.876,0.091,3.06145124705075,,3.01534061830454,2.13117914731151,51703.5088332851,0.855975824436371,119.36261924864752,,43.29,113.0665,42.786,24.3491111935187,1.416,0.722466863316197,0.9187513,83.3458545,1.9454234,137.561157226562,7.48049551789,18.894
SWE,2017,2.1093078,2.064,0.09,3.29688896747513,,4.54156677126576,1.88282184966646,53210.2233318965,0.519214362381689,119.70533874025382,,50.8,112.8101,41.558,25.0919649215298,1.772,1.04602397797532,0.8668924,82.3920542,1.874601,142.641586303711,7.36701250653476,17.873
SWE,2018,2.1157895,2.224,0.097,4.36174340403517,,-0.129928906336359,1.7702553546772,54018.4554391861,0.594886136077946,120.1730401916504,,65.23,112.0038,39.81,25.3360254860097,2.221,1.06109616438888,0.928959,82.6107707,1.8388537,140.821746826172,7.22337017397752,17.398
SWE,2019,2.1292113,5.324,0.096,6.95473374776066,,2.9559286166832,2.60823012869524,51648.9892820514,1.57332206499805,131.4715934540646,,56.99,115.7333,35.694,24.4772455073125,1.719,0.404780111504663,0.9427192,82.901326,1.8669616,136.641006469727,7.29201365305831,20.092
SWE,2020,2.1337232,5.839,0.093,-5.42790335683229,,3.36375559523307,-1.93379704032216,52568.5726980146,-2.63997048116038,166.60730119735476,,39.16,117.774,40.139,24.4207542408468,0.412,0.370599691340783,0.955794,81.9153993,1.8204763,136.426132202148,7.45304045903179,23.891
SWE,2021,2.0899139,6.688,0.088,11.558055585835,,9.17868162234424,5.2258643028773,60647.5416365347,4.5957806799404,168.30067705253205,,68.14,113.1051,36.685,25.2716067156906,3.918,1.20827979934218,0.9471541,81.3707932,1.7883138,138.688186645508,7.27547146058212,24.555
SWE,2022,2.0255279,4.701,0.092,6.05348013330868,,9.35228228785513,1.25543620445816,54836.8907235124,0.568648782156174,167.90513914799786,,94.9,120.698,33.629,26.9218066455024,10.239,,0.9419053,80.476847,1.7381383,139.406524658203,7.08441503324903,21.597
SWE,2023,1.9804259,6.973,0.095,2.56298870547351,,3.22512369002956,-0.204061304891439,54950.2834725622,-0.674701257933236,180.44987982177733,4.087062146892655,77.58,120.2663,31.461,25.2626527566229,3.028,,0.778803,81.237255,1.6947293,134.244293212891,7.03710979747757,21.941
SWE,2024,1.9676051,7.431,0.092,1.96016854368442,,4.47808450970011,0.820071806703865,57117.4877440616,0.504564017875396,221.0156972208821,3.15,76.63,122.893,32.642,25.3566898119593,1.75,,0.6035115,81.2293598,1.7267013,131.96354675293,6.94901143325659,24.336
SWZ,2010,-0.0920035999999999,-8.748,0.285,,24.1391712883702,3.11096766561026,3.82443487429767,3922.74039390733,3.21763655344279,119.99545832174232,,79.48,93.0541,13.829,,4.5,2.3895930131961,-0.0016446,48.5079518,-0.601492599999999,64.5977020263672,34.6041578639294,54.535
SWZ,2011,-0.132006899999999,-5.84,0.283,,22.9488599336301,2.08998856482498,1.83973625916165,4225.06049411911,1.27643647351354,153.18591263180687,,94.88,88.7767,14.168,,7.763,2.64276236861755,-0.539824699999999,47.8346399,-0.6936422,67.2353363037109,34.5359121687053,53.245
SWZ,2012,-0.111456099999999,5.026,0.301,,18.8962580139771,0.557730516305156,4.09048190124592,4224.54789174487,3.53199247160502,161.96787185362544,,94.05,91.6361,14.382,,8.265,4.18067033297096,-0.5257872,48.3263203,-0.6112614,69.2019271850586,34.2915566791835,51.687
SWZ,2013,-0.134462,10.84,0.302,,17.6734334793297,1.83246466722921,4.09458522119226,3949.94310039907,3.53016648859264,136.24820703149317,,97.98,92.7611,14.707,16.1345781176745,4.419,4.50064467722075,-0.547354999999999,50.2323343,-0.6068486,70.8080825805664,34.0973155342642,50.462
SWZ,2014,-0.2843032,11.569,0.299,13.4746982798008,13.108811523473,0.601685882709023,2.05738179246586,3771.07228381938,1.49073514248317,121.88517901052042,,93.17,95.5876,13.594,19.6275885076679,6.169,3.43977917921013,-0.3976089,48.8603248,-0.5813088,73.7052383422852,33.8887494172076,49.309
SWZ,2015,-0.2787246,12.967,0.341,-1.84662948089891,11.9994441455595,0.805945191942897,1.70425806017289,3419.82276559528,1.12454682394791,111.18462156014614,,48.66,108.1696,15.436,17.2217061828251,4.91,3.40740844429257,-0.4462561,48.7753689,-0.537880399999999,76.2872772216797,33.7458734234361,48.353
SWZ,2016,-0.2738615,7.873,0.355,3.3044101613181,21.7512062655663,0.721382841978235,2.94916821059911,3238.17611961364,2.34965752297238,119.36261924864752,,43.29,113.0665,19.816,17.3577663965022,8.682,4.60471033148777,-0.4484062,48.2858855,-0.5377407,82.023935767308,33.5794506992548,46.973
SWZ,2017,-0.0881199,6.245,0.31,4.75991206089186,20.9427406874014,-1.2917821060433,3.52095345987983,3853.09956569679,2.74440888521023,119.70533874025382,,50.8,112.8101,21.894,17.6967903356276,4.706,4.03940046980401,-0.380332699999999,48.7626493,-0.4682555,,32.9339506888999,48.365
SWZ,2018,-0.272451599999999,1.344,0.326,-1.32784179940755,17.7234455671085,0.670381040235302,0.0653956557843571,3972.65450620357,-0.853481330729949,120.1730401916504,,65.23,112.0038,26.55,19.8490383026284,5.22,3.14380015317315,-0.5468116,46.9602724,-0.46541,,32.2497320471597,49.927
SWZ,2019,-0.2969784,3.89,0.311,10.5587172643793,20.1691133934728,2.7717218211659,6.43186888691574,3913.14577547336,5.4445627805287,131.4715934540646,,56.99,115.7333,31.408,16.2318349707561,2.003,3.2760764754406,-0.3182636,46.6148767,-0.5571124,,31.4191919008918,51.201
SWZ,2020,-0.3014253,7.064,0.339,-5.15374542845916,25.6454974655845,0.938105324268348,-2.95183453409287,3466.56936278145,-3.9978006899122,166.60730119735476,,39.16,117.774,38.653,15.2902282173586,4.589,3.38164464300091,-0.1948628,46.5960835,-0.6595902,,31.0914093549374,58.611
SWZ,2021,-0.5806756,2.62,0.321,11.3265123970771,26.6554744640975,2.34790226144325,4.23621913615419,3984.00229174306,3.03852368946784,168.30067705253205,,68.14,113.1051,37.008,19.7885871413021,3.454,2.99915237990705,-0.428643699999999,46.6027011,-0.6977002,,30.0613307737083,56.669
SWZ,2022,-0.6085804,-2.701,0.312,-4.28478058621724,28.5949516963393,0.281255609924273,0.386070835562705,3894.1620089869,-0.628894036514311,167.90513914799786,,94.9,120.698,40.697,22.0925604538439,5.59,,-0.400835,45.0533389,-0.726965099999999,,29.3830998910646,58.474
SWZ,2023,-0.6292553,2.245,0.308,9.38962748304633,28.5901780121957,0.608772714416035,3.53257662836211,3755.52111232464,2.55749887128813,180.44987982177733,4.087062146892655,77.58,120.2663,37.343,20.8277519082123,4.311,,-0.7261847,45.0553103,-0.7274341,,28.7408919322272,54.239
SWZ,2024,-0.785159899999999,1.588,0.31,14.3312321288594,27.7538826674716,1.55448906259813,2.97391075973985,3909.55892378182,1.95346963066669,221.0156972208821,3.15,76.63,122.893,36.422,14.9720984162991,3.875,,-0.7327829,44.8006019,-0.8598771,,28.5935386113967,54.37
SYC,2010,0.4410844,-19.38,0.505,-4.75056570698361,,16.2787980957365,4.50513204312067,10934.79494629,1.62737013590673,119.99545832174232,,79.48,93.0541,82.224,37.0314238165867,0.386,0.146953956678162,0.8564804,58.2771183,0.1074652,76.172233581543,,
SYC,2011,0.4403622,-22.959,0.434,2.2639420957899,,13.5270690867223,9.5097833517957,12110.0937461973,12.4265876590009,153.18591263180687,,94.88,88.7767,82.508,34.816249355555,5.512,0.149780680938161,0.7752841,57.1856635,0.1120002,74.46608040201,,
SYC,2012,0.4106607,-21.138,0.605,12.8467803332346,,56.2882654419862,3.1106784939243,12337.1554669388,2.10412826503328,161.96787185362544,,94.05,91.6361,80.069,37.7299203495349,5.797,0.1644793129234,0.7257334,57.708412,0.1387238,84.5009231567383,,
SYC,2013,0.4170086,-11.945,0.636,14.065413745942,,4.29723724959436,1.25373496242949,14821.2921476077,-0.599133304568014,136.24820703149317,,97.98,92.7611,68.199,38.5669057079413,3.419,0.136887236537623,0.7331354,56.7425859,0.1582385,84.6974263853466,,
SYC,2014,0.4713108,-22.368,0.601,11.4255860494874,,7.80896304548278,4.0636918123521,15188.1902175113,2.45761243916046,121.88517901052042,,93.17,95.5876,70.392,29.0548988749451,0.524,0.122451367247677,0.4579186,53.4671095,0.140185,89.3980343980344,,
SYC,2015,0.9238577,-17.888,0.499,-1.03675534132323,,7.39272196242003,8.9140088750469,15333.1051727105,6.51232550996488,111.18462156014614,,48.66,108.1696,64.673,26.8795153716518,3.167,0.100073979606541,0.7647495,59.3315025,0.2919363,92.0911695105244,,
SYC,2016,0.9114965,-2.867,0.508,6.28922629894524,,4.35742188671966,12.1175272453913,16566.9946042294,10.6277900412689,119.36261924864752,,43.29,113.0665,62.844,25.1347394249892,-0.236,0.0990332020466637,0.7625994,58.8420191,0.337312,101.712798026857,,
SYC,2017,0.7220791,3.894,0.786,17.5654574689979,,11.7771697387857,6.95416218794271,17480.3651911372,5.65298679577909,119.70533874025382,,50.8,112.8101,56.653,24.5351766928824,3.498,0.11671286310133,0.813523,56.9076654,0.2519102,112.311212814645,,
SYC,2018,0.8163729,-2.352,0.413,-2.81203386573475,,17.1030662941746,4.93947272254312,18440.2340460932,3.94280692985572,120.1730401916504,,65.23,112.0038,51.258,21.9869866164983,3.382,0.121453194976473,0.7800693,58.8493418,0.4346563,108.274060095805,,
SYC,2019,1.0734136,-2.847,0.387,-0.0078880399376686,,13.7575701960234,5.5142920737342,19141.5118743615,4.58155113586345,131.4715934540646,,56.99,115.7333,48.854,22.0855945287218,1.692,0.0974947166802459,0.6921848,59.1892222,0.4330134,100.825877494838,,
SYC,2020,1.1448063,-12.521,0.485,-28.4321501837352,,5.79027015191072,-11.7398608281732,14041.4754074575,-12.4901374474458,166.60730119735476,,39.16,117.774,77.371,21.3213198960022,3.784,0.13148617576909,0.727409,59.166882,0.532971,102.18818380744,,
SYC,2021,1.1441374,-10.259,0.474,20.7345204714426,,7.52808883301193,0.552281631207279,14982.9111487767,-0.254097866449726,168.30067705253205,,68.14,113.1051,71.248,16.4677161262206,7.854,0.120645132507182,0.7262104,59.157897,0.5521392,102.952278242114,,
SYC,2022,1.1495314,-7.089,0.5,26.6407543776201,,9.40509377025538,12.7104688902836,16836.6721895387,-6.67665692527599,167.90513914799786,,94.9,120.698,60.008,18.0729742622698,2.525,,0.8411889,60.0165231,0.5983146,76.8818747010999,,
SYC,2023,1.151735,-7.155,0.501,-4.12446505148232,,10.9586044074443,2.25925322283285,18262.7115849287,2.34889965056195,180.44987982177733,4.087062146892655,77.58,120.2663,55.293,20.5743415497622,-2.707,,0.9207856,61.6153209,0.5546447,74.2514404458298,,
SYC,2024,1.2307957,-7.522,0.489,3.82395674283906,,10.4342001858715,3.46568066415341,17858.8226383978,2.11772970143255,221.0156972208821,3.15,76.63,122.893,57.804,17.169290907803,1.712,,0.9164443,61.008506,0.5968987,70.824577331543,,
SYR,2010,-1.0905246,-2.843,0.29,11.1881455069689,9.1913069653018,2.3931861526359,5.19190584075331,2730.61477118949,2.82697106833621,119.99545832174232,,79.48,93.0541,30.024,,6.321,4.10943264371734,-1.1174939,43.1098235,-0.7628841,70.8321380615234,32.5970492709212,20.493
SYR,2011,-1.106722,,0.272,-47.2697580046518,7.90836038522254,1.19065657189387,2.8500028435797,2952.14349372257,1.07121071780338,153.18591263180687,,94.88,88.7767,,,,20.3536054160127,-2.13376019999999,41.651762,-0.981771,72.3000030517578,32.9356533716409,21.107
SYR,2012,-1.19016529999999,,0.22,-67.1592274194759,11.4414279165918,,-26.3390170772532,1897.66115018696,-25.9560309972065,161.96787185362544,,94.05,91.6361,,,,15.2359708811944,-2.4554347,32.40427,-1.3261066,73.1369705200195,33.9368816533561,33.807
SYR,2013,-1.20834819999999,,0.255,-30.5165392584125,23.3162725196197,,-26.3000876615061,985.892669227054,-22.5827773307621,136.24820703149317,,97.98,92.7611,,,,10.4697183432435,-2.46599079999999,30.7936736,-1.5882155,47.5814208984375,35.9569747846481,35.447
SYR,2014,-1.5306381,,0.131,-14.4731430451592,22.2854134120769,,-10.310339909053,1060.59105886854,-4.14663574302196,121.88517901052042,,93.17,95.5876,,,,5.74137102637288,-2.34971829999999,29.04585,-1.6659053,,37.4914907363948,35.979
SYR,2015,-1.5307718,,0.166,-4.45539793219524,27.8870431007947,,-4.179791613232,847.731631942565,0.0084650386573628,111.18462156014614,,48.66,108.1696,,,,3.61325134885599,-2.4382136,30.4195487,-1.6477248,,38.1040881240954,34.807
SYR,2016,-1.5915844,,0.142,-4.43918765885698,36.0051389653551,,-6.4055907393619,656.3490586313,-5.28022453338099,119.36261924864752,,43.29,113.0665,,,,3.17208654310089,-2.5955347,29.0585255,-1.8462401,,38.7448700749437,33.634
SYR,2017,-1.5920556,,0.138,29.9818291944276,29.1823293373398,,-0.723281777470547,851.502005254153,-0.882509407808485,119.70533874025382,,50.8,112.8101,,,,3.11485462954234,-2.4453795,29.0097903,-1.807304,,38.9692717078294,32.888
SYR,2018,-1.5912541,,0.158,-14.3826735281008,22.1336673786985,,1.39317607830837,1098.0668642357,-0.435918888364867,120.1730401916504,,65.23,112.0038,,,,3.35036111849182,-2.4238579,30.4497683,-1.77685349999999,,39.0509739373421,32.411
SYR,2019,-1.6558161,,0.115,10.6959464256135,21.1296434834058,,1.22070522070523,1109.53926036049,-2.63689452644155,131.4715934540646,,56.99,115.7333,,,,3.76931985084524,-2.4527063,29.6814099,-1.8308474,,39.0248302528256,32.056
SYR,2020,-1.6873687,,0.126,47.1023322431005,41.2551368690377,,-0.697154504235129,572.355289831901,-3.98011071488936,166.60730119735476,,39.16,117.774,,,,6.37482598047532,-2.35367569999999,28.8698836,-1.8514471,39.0727806091309,39.5129176419703,36.288
SYR,2021,-1.79070699999999,,0.131,15.7659163239504,36.3553681697964,,1.85421590064124,663.614245706815,-0.874333294023842,168.30067705253205,,68.14,113.1051,,,,,-2.37452369999999,27.1837909,-1.8887237,39.4595794677734,38.8700320354633,34.645
SYR,2022,-1.79243509999999,,0.127,30.6858979187065,21.3077701970395,,0.732781301861365,1051.67149587463,-3.00434829701605,167.90513914799786,,94.9,120.698,,,,,-2.43824749999999,25.0212658,-1.8753611,39.6268081665039,39.105087522778,31.987
SYR,2023,-1.7817933,,0.132,,25.331886032781,,,,,180.44987982177733,4.087062146892655,77.58,120.2663,,,,,-2.4379022,25.0233571,-1.8617654,39.4672088623047,38.8330069583425,32.26
SYR,2024,-1.70162709999999,,0.129,,,,,,,221.0156972208821,3.15,76.63,122.893,,,,,-2.3680716,23.3597703,-1.813556,38.736930847168,38.8423845666035,32.768
TCD,2010,-1.3954646,-2.853,0.822,4.9332615055427,15.745364867055,2.22641001271938,13.6738272741836,1141.80069268412,9.80713115149598,119.99545832174232,,79.48,93.0541,22.856,21.8544482247032,-2.156,23.7814056347722,-1.08974669999999,35.8270578,-1.5453464,22.369271805704,90.4538375496253,1.299
TCD,2011,-1.3655434,-0.156,0.912,4.13267793725261,14.2424469659618,1.68950609671276,4.49542966941512,1308.1421872538,0.870883384911707,153.18591263180687,,94.88,88.7767,22.323,24.9696238126319,10.73,28.1688125971144,-1.1533318,35.9300389,-1.53988439999999,22.8224817551818,90.2648038182054,1.317
TCD,2012,-1.37646699999999,-1.97,0.809,13.5876155639283,13.3384401878252,3.24047414068829,9.0618039227671,1354.34344701937,5.29734255122003,161.96787185362544,,94.05,91.6361,19.94,24.9268683598444,2.064,24.7933556227023,-1.1726684,35.687058,-1.55651839999999,22.1087903431339,90.0903958186481,1.309
TCD,2013,-1.4313551,-3.748,0.922,-10.0027988943094,16.8493737025949,2.91179134022524,2.83821524768997,1304.88742971475,-0.767831669015877,136.24820703149317,,97.98,92.7611,22.279,23.9026222562092,0.897,20.0436304196548,-1.18913009999999,35.5527344,-1.55121589999999,24.5326035474767,90.0592776652026,1.362
TCD,2014,-1.47772829999999,-2.332,0.876,-17.6624996368866,21.2331866901316,-3.72317778039931,2.06283074347695,1278.78981422494,-1.51652756708047,121.88517901052042,,93.17,95.5876,29.503,29.4795971629017,-3.618,15.6882203824047,-1.3290695,36.4737696,-1.3726839,22.8485794067383,89.8914112441496,1.39
TCD,2015,-1.5175651,-4.743,0.872,42.6482844741924,19.6704195343239,3.84380092336452,3.30415979759636,993.990730610869,0.0674074942708955,111.18462156014614,,48.66,108.1696,31.312,22.8922387955511,2.014,11.9712071081449,-1.1227573,36.7254531,-1.3612518,22.2454248795188,89.7647452724175,1.426
TCD,2016,-1.50292809999999,-4.614,0.788,-14.2303597243469,22.25738421255,1.87837153237555,-4.12250332670322,861.831767630746,-7.0850619018951,119.36261924864752,,43.29,113.0665,40.274,18.3585890168831,-4.576,13.110061160108,-1.34170719999999,36.8461518,-1.4004476,22.530490847167,89.9028795974783,1.463
TCD,2017,-1.4572612,-5.994,0.8,-3.55771221531465,23.6912132934158,2.72215531343515,-1.61746922760291,854.46120040098,-4.81719581978666,119.70533874025382,,50.8,112.8101,38.925,18.5366518857505,2.919,16.8846139020106,-1.36771589999999,37.64593,-1.3185396,20.5855678473561,90.1058284991472,1.493
TCD,2018,-1.46041809999999,-4.242,0.823,7.0231687000533,20.9606490268413,3.00704966736056,5.74111580758154,948.656629871231,2.24768972082788,120.1730401916504,,65.23,112.0038,33.424,21.9262549263931,4.339,20.9399413766231,-1.3603311,37.1356993,-1.35745459999999,20.0021180694774,89.959194458676,1.512
TCD,2019,-1.4780052,-3.561,0.69,13.2364898368412,21.8161632484966,3.80153819394825,5.3828220290379,893.336441643325,2.04363651475524,131.4715934540646,,56.99,115.7333,38.184,24.2909930911624,-1.686,19.6499588651766,-1.4521212,36.7072687,-1.32118309999999,20.192877474143,90.0631793376349,1.494
TCD,2020,-1.48219979999999,-3.017,0.747,0.0649370899014059,23.5977258926379,3.73465690769548,-0.393646583111035,866.947814890409,-3.51319644461273,166.60730119735476,,39.16,117.774,41.072,22.7874455493419,3.051,13.9330901678111,-1.4524146,36.7671449,-1.33343259999999,,90.5674811443671,1.877
TCD,2021,-1.4920803,-1.973,0.662,-3.65662097461815,21.469664495408,4.17913326043699,0.29344264815208,946.358500208374,-3.10209208601812,168.30067705253205,,68.14,113.1051,41.563,19.9485528388339,0.962,21.3429312625159,-1.689273,37.6904732,-1.34307209999999,23.1541767734797,89.9933634890617,2.018
TCD,2022,-1.4663578,4.876,0.714,5.86538336413092,18.530654048138,3.44402627536712,4.12969897676332,966.036468278568,0.591759077197977,167.90513914799786,,94.9,120.698,32.228,17.971522488907,8.326,,-1.6491593,38.4076691,-1.38191249999999,,89.9818572181358,1.459
TCD,2023,-1.48878199999999,-0.744,0.673,6.16472203095502,16.8741433812547,4.97994045498876,3.98004368401293,949.333453674592,-0.668864501806979,180.44987982177733,4.087062146892655,77.58,120.2663,32.603,19.3001907209327,4.311,,-1.6839155,37.7675024,-1.454847,24.1941648001316,90.1074267881898,1.452
TCD,2024,-1.3909131,-1.328,0.676,8.51699519116001,16.4018679739397,5.2230945466515,4.19925854085865,961.55975562506,-0.831570679019237,221.0156972208821,3.15,76.63,122.893,33.8,26.7898570855335,3.718,,-1.77893219999999,37.7058267,-1.4446512,23.49298947746,90.175386856805,1.452
TGO,2010,-0.786170199999999,-3.617,0.219,14.3095329027395,27.3267687487826,2.63493273204289,5.85433399076879,704.986772286079,3.0128532960463,119.99545832174232,,79.48,93.0541,33.454,15.8404247844887,1.556,11.3076284343152,-0.3792993,41.2386817,-0.838355,,81.4795363739095,3.958
TGO,2011,-0.8497363,-4.903,0.212,19.9683555948044,11.2522214691311,13.4388023170829,5.82325622135289,783.988944671672,3.00979901078473,153.18591263180687,,94.88,88.7767,33.809,19.9043015015358,1.461,17.924810571738,-0.3850113,38.8907588,-0.7898362,52.7706298828125,81.2913168903166,3.15
TGO,2012,-0.818918399999999,-4.713,0.27,10.0872904385378,14.0277478412149,2.24458540176674,6.30271426865185,762.39162379069,3.54419025979273,161.96787185362544,,94.05,91.6361,34.342,17.6964729054914,2.909,20.9936889901917,-0.6511156,40.9709334,-0.9141876,,81.1038035673548,3.414
TGO,2013,-0.8443157,-8.716,0.262,11.655871510148,15.4731478649007,3.04894540679557,5.82425069283059,826.542799987227,3.14131477096478,136.24820703149317,,97.98,92.7611,41.071,22.1146688275227,-0.504,15.5653200902369,-0.5059279,38.794878,-0.9870469,,80.8185915014099,3.698
TGO,2014,-0.791632799999999,-6.558,0.272,-8.1004605222446,16.0093279906592,0.844950465027458,5.63323739145223,855.584809246574,2.98962512799103,121.88517901052042,,93.17,95.5876,44.93,22.3769666612391,1.831,13.3950715961836,-0.3001357,41.7751939,-0.9065907,,80.5090782429062,3.996
TGO,2015,-0.6308001,-7.469,0.235,-1.77453741364349,18.7626675363985,4.48026975109969,5.4680413807304,751.051987587248,2.84283067512166,111.18462156014614,,48.66,108.1696,52.382,25.1850151673938,1.624,12.7280087175611,-0.411126999999999,42.2395219,-0.8151079,,80.2507813639408,4.315
TGO,2016,-0.6534352,-7.192,0.255,6.34005891146474,19.8502415715083,-0.76275824996834,4.21490387414525,772.581357620609,1.62761006802251,119.36261924864752,,43.29,113.0665,59.909,20.1572457451871,0.438,9.003109569313,-0.280199,42.4801023,-0.799414499999999,,79.9173963692734,6.813
TGO,2017,-0.7306167,-1.513,0.318,-0.526229324105685,25.5707759681039,1.38645400988561,4.00791259566937,792.765700965864,1.44098718199137,119.70533874025382,,50.8,112.8101,57.106,16.8360654544298,-0.68,7.77733835842081,-0.835878399999999,42.6030799,-0.8070668,60.769472220228,79.5206668772319,9.282
TGO,2018,-0.7549576,-2.63,0.387,0.624028548522148,24.1991584437359,-2.57457902571647,4.79518333086139,851.120561233595,2.23660975297031,120.1730401916504,,65.23,112.0038,58.024,19.1360002540754,1.989,4.87362329556752,-0.8728328,44.0957976,-0.694814199999999,,79.0881662731161,6.232
TGO,2019,-0.7066703,-0.793,0.406,3.41346917957279,28.6354005954264,4.9437244573784,4.92283321360694,826.255209019798,2.39010092347198,131.4715934540646,,56.99,115.7333,54.933,18.6016944291693,-0.329,4.32587635811955,-0.8504632,45.0661579,-0.7029591,,78.7441430230892,3.076
TGO,2020,-0.644805899999999,-0.281,0.301,1.88394572870176,34.5123945153137,-0.79089727996859,2.16228657424364,863.468665870276,-0.272860217710488,166.60730119735476,,39.16,117.774,62.211,19.8105297114895,3.537,4.73168572169493,-0.8075061,47.134974,-0.6160719,,79.0328036929024,3.695
TGO,2021,-0.6519768,-2.241,0.309,5.64730170999495,42.3995466501444,-1.59478801736582,5.12890113701732,962.075187515872,2.65816955613427,168.30067705253205,,68.14,113.1051,64.863,21.5046308367343,6.157,7.86417419787513,-0.6682329,47.2652648,-0.6328001,63.0669365853803,77.3754575438599,3.778
TGO,2022,-0.630985799999999,-3.486,0.29,2.62264698553778,40.1159249857034,-2.00429827129667,6.29443692019429,951.232378690387,3.82282707918289,167.90513914799786,,94.9,120.698,67.408,24.4982811109098,7.716,,-0.760395399999999,48.225645,-0.675356699999999,,75.9643653484896,3.417
TGO,2023,-0.5879504,-2.885,0.382,,37.4241788914175,0.812296154474204,6.19211576941919,1055.01727877926,3.74285776726366,180.44987982177733,4.087062146892655,77.58,120.2663,67.96,,2.613,,-0.9186036,48.4869254,-0.6302782,63.4192515229188,75.7108704513656,3.395
TGO,2024,-0.6633762,-2.932,0.165,,43.1643453395059,0.786342441379874,6.53204505563791,1119.38160509429,4.17083175833358,221.0156972208821,3.15,76.63,122.893,70.619,,2.159,,-0.8094466,48.4262622,-0.632861,,75.4593427790663,3.4
THA,2010,-0.2171947,3.367,0.086,14.2202617102756,32.7909524216425,4.32320928209171,7.51339053261624,4973.86288823778,6.79479928649167,119.99545832174232,,79.48,93.0541,39.831,25.3566546340746,3.094,2.73568032123207,-1.2331956,57.6009739,-0.257822999999999,78.3943786621094,52.7124341125342,2.598
THA,2011,-0.147218899999999,2.542,0.08,9.50941647608943,32.5198283572833,0.667087644548593,0.840132083053334,5373.6232832898,0.215045559628464,153.18591263180687,,94.88,88.7767,39.116,26.7914582468449,3.533,3.14709998160529,-1.1386768,57.7530656,-0.127405,86.9894790649414,55.3811294752686,2.947
THA,2012,-0.3712467,-1.232,0.082,3.66167901291044,39.8440632252626,3.24456444314608,7.24279620249642,5725.52802835463,6.58038336266074,161.96787185362544,,94.05,91.6361,41.93,28.0241657146011,3.623,2.90571167294829,-1.22129129999999,56.1360565,-0.115414099999999,85.5365295410156,55.9679533802875,2.758
THA,2013,-0.2742545,-2.102,0.079,2.51433774067284,39.096781273119,3.79126450872817,2.68749556320556,6018.08244729255,2.08615316028128,136.24820703149317,,97.98,92.7611,42.19,27.4571011829666,1.681,2.61852748014065,-1.3578088,56.9411828,-0.223368999999999,83.854850769043,54.8578460659682,1.231
THA,2014,-0.446293599999999,2.858,0.076,0.345467727364124,38.0258800496312,1.22145318013998,0.984468863619426,5801.1978916205,0.45053655380589,121.88517901052042,,93.17,95.5876,43.334,23.9190195478501,0.599,2.8228271736769,-1.1368246,57.3820397,-0.397889999999999,123.525459289551,49.6768223947998,3.113
THA,2015,-0.5473428,6.916,0.076,1.25015222784658,32.3148092281891,2.22468548959784,3.13404724911635,5688.85335397884,2.65971785318402,111.18462156014614,,48.66,108.1696,42.559,22.3556406383245,-0.86,1.93092320697655,-1.156024,58.1254903,-0.3757008,124.330596923828,48.7320077388859,3.094
THA,2016,-0.408719499999999,10.508,0.078,2.69605274307708,33.2711074983591,0.843364340718618,3.43515771692182,5833.57715617098,2.96944155296718,119.36261924864752,,43.29,113.0665,41.745,21.1054892015174,1.123,1.5532188768547,-1.12638439999999,57.5485891,-0.3279698,122.563217163086,48.1136717457096,3.714
THA,2017,-0.3709316,9.631,0.08,5.18084536096465,35.229827656924,1.81550260101987,4.1776810321001,6413.09182530343,3.73797800283087,119.70533874025382,,50.8,112.8101,41.777,22.9342956887695,0.77,1.63215260676224,-0.984692599999999,58.1795579,-0.3190283,79.5062371844027,47.8973036683746,4.373
THA,2018,-0.3729339,5.62,0.079,3.35104986995172,35.6858960191966,2.71279835138662,4.22287028746071,7099.77650081458,3.90762624173355,120.1730401916504,,65.23,112.0038,41.941,25.2195901594439,0.36,1.81670642609227,-0.979869,57.1515751,-0.2986525,80.6045305135668,48.7818153109021,4.011
THA,2019,-0.3854632,7.033,0.077,-2.95355341651113,32.1769086458462,1.01734877580041,2.11455779628278,7605.69657797759,1.90583495758329,131.4715934540646,,56.99,115.7333,41.063,23.8147525746375,0.87,1.51242491485513,-0.588531399999999,56.2924522,-0.2002532,81.7206425877734,47.7419198534858,4.19
THA,2020,-0.3820186,4.183,0.084,-19.6812204390034,38.1852515690645,-0.857989527274493,-6.05003846851622,6985.64393892574,-6.20637326420599,166.60730119735476,,39.16,117.774,49.42,23.7553851722696,-0.27,1.1095683956846,-0.7333386,56.2170223,-0.2036855,82.3668560969625,48.0926725618564,5.199
THA,2021,-0.3893452,-2.118,0.078,11.0890506478232,40.2520564409155,3.04025282072429,1.55216608426647,7057.20754802279,1.43062175645008,168.30067705253205,,68.14,113.1051,58.35,28.6690364408067,2.173,1.8170265297611,-0.6963747,56.490505,-0.2575207,84.6644528199547,50.3658119706045,5.858
THA,2022,-0.403978499999999,-3.463,0.076,6.1590279746232,41.8986110741223,2.39179841841837,2.58037874709827,6909.35281815827,2.56894316437668,167.90513914799786,,94.9,120.698,60.547,27.8584292539583,5.894,,-0.5671596,56.6541981,-0.2682159,88.0661686868399,49.729756400914,5.208
THA,2023,-0.439334199999999,1.437,0.079,2.35691799619258,38.7070888237378,2.00183400496619,2.01775095328327,7195.10130919449,2.06455231923211,180.44987982177733,4.087062146892655,77.58,120.2663,62.321,22.4605099910508,-0.839,,-0.4398775,56.7392613,-0.1956309,93.3356315272258,49.7201215492207,4.491
THA,2024,-0.5273456,2.107,0.08,7.83826502003184,37.4891208226563,2.71636831286516,2.54182067735289,7346.62022142185,2.59107416696065,221.0156972208821,3.15,76.63,122.893,63.201,21.5809288126556,1.239,,-0.6833311,56.5410603,-0.2155096,92.507325535959,48.1425368175888,4.66
TJK,2010,-1.3765192,-10.3,0.495,23.000001941531,51.0948811337161,1.6649590356128,6.49999908585235,737.338883219356,4.24657467143167,119.99545832174232,,79.48,93.0541,36.838,23.8461818667509,9.804,1.67499054637824,-0.8701472,39.1321041,-1.21425799999999,83.9114990234375,31.2997948760221,13.073
TJK,2011,-1.2406842,-6.337,0.458,1.10001965500497,47.1598032861208,2.23653413214552,7.40000059956709,833.601978202852,5.0303552095006,153.18591263180687,,94.88,88.7767,35.512,29.2094402931719,9.315,2.03753218816376,-0.9993314,39.1961203,-1.2276567,85.0206298828125,31.1958457916342,13.195
TJK,2012,-1.3105533,-8.975,0.498,0.999975886499314,47.4048674756188,3.16697499395782,7.49999946321525,952.452819695469,4.96076448659319,161.96787185362544,,94.05,91.6361,32.462,23.2673636939311,6.444,1.70765801661998,-1.0705181,39.8474689,-1.227744,86.3469314575195,30.9649507973375,13.309
TJK,2013,-1.3323463,-10.402,0.464,-9.99997709855266,43.7543042685222,3.351407966942,7.39999974700379,1028.19704279396,4.75131202806213,136.24820703149317,,97.98,92.7611,29.292,24.9057147542124,3.707,1.3294136907651,-1.0538059,39.6899313,-1.2631732,86.9873504638672,30.7529508062865,13.44
TJK,2014,-1.2400034,-3.424,0.367,0.0,45.3573000176201,3.58397838530001,6.70000069016253,1081.54402932039,4.0554323883913,121.88517901052042,,93.17,95.5876,27.892,26.5156987249439,7.381,2.19331996280515,-0.6152413,40.0204435,-1.1408174,,30.4690108291947,13.578
TJK,2015,-1.2043521,-6.072,0.356,0.0,52.5018447634389,5.48892076080458,6.01930331771186,956.916310930656,3.34193519398252,111.18462156014614,,48.66,108.1696,35.019,44.6894530560362,5.082,2.26536441077173,-0.744602299999999,40.3201967,-1.09089939999999,,30.2575356134657,13.722
TJK,2016,-1.1861023,-4.158,0.328,15.0999986672633,64.1008259689526,3.45540459636672,6.89999999999999,788.710481734485,4.2256886170877,119.36261924864752,,43.29,113.0665,42.179,40.5223187316003,6.067,3.80725838932103,-0.7460947,39.8043593,-1.1009345,,29.907070862064,13.854
TJK,2017,-1.2132801,2.11,0.333,6.79999993367669,67.9150165150958,2.46572647891723,7.10000041864309,829.45714764957,4.50305161526772,119.70533874025382,,50.8,112.8101,46.3,29.9295561525461,6.658,4.54778525164425,-0.6533475,42.3924274,-1.16424859999999,,29.7177066416321,13.956
TJK,2018,-1.3482752,-4.891,0.298,-5.19999965844733,67.6998175368789,2.84433010113639,7.5999988895536,834.288404578801,5.04059320866072,120.1730401916504,,65.23,112.0038,46.585,37.2634366837792,5.383,5.40040742136206,-0.672519099999999,42.7259298,-1.10013499999999,,29.398749476801,14.055
TJK,2019,-1.27219939999999,-2.232,0.304,21.5000002047089,68.8669801750646,2.5637213527723,7.40000016310556,871.022372934846,4.89098971791482,131.4715934540646,,56.99,115.7333,43.495,35.3886623401905,8.047,5.22368712777317,-0.4236664,42.2317402,-1.2463947,,29.1702576642148,14.159
TJK,2020,-1.083847,4.349,0.377,21.8000003818986,72.6845862629147,1.30975252279444,4.40000111553493,834.311715460625,2.05116680370303,166.60730119735476,,39.16,117.774,51.762,33.4749512555638,9.427,5.13513488386848,-0.3288928,42.116377,-1.2395237,90.9012072790342,28.9916333364029,15.66
TJK,2021,-1.0874541,8.233,0.332,55.4000010549888,61.2573550692462,0.94025522151091,9.39999955037523,896.748053372182,7.01157366120653,168.30067705253205,,68.14,113.1051,42.097,34.8738527231408,8.042,9.04634759702914,-0.3984715,41.5942531,-1.2591682,91.2751683038557,28.7102798037506,15.122
TJK,2022,-1.1230133,15.579,0.273,-24.0000006171691,47.3124884939827,1.62432287476597,8.00000033846364,1052.17949484894,5.71622455034235,167.90513914799786,,94.9,120.698,32.501,35.4675046982739,4.234,,-0.4282098,41.5786457,-1.19932209999999,90.888637681585,28.466627579727,14.479
TJK,2023,-1.1236074,4.927,0.237,13.3999998813136,43.138609517573,1.14813698883392,8.29999921651935,1178.47990060249,6.13628181088259,180.44987982177733,4.087062146892655,77.58,120.2663,30.937,31.6513056719952,3.831,,-0.2876253,41.5803096,-1.2086884,88.4022015902249,28.5289289452113,14.511
TJK,2024,-1.21775639999999,4.692,0.233,,37.3947720942707,2.05083616601343,8.39999980983981,1341.20229027672,6.34141937002055,221.0156972208821,3.15,76.63,122.893,29.543,,3.672,,-0.2756522,42.8953543,-1.18373399999999,86.9035257819264,28.2506304116917,14.556
TKM,2010,-1.49626479999999,-8.888,0.342,,8.12996104896032,16.0841101892421,9.19999998805483,4058.53937000739,6.98701634742274,119.99545832174232,,79.48,93.0541,6.215,51.8808271961717,4.773,23.2100512626625,0.3024549,26.3248147,-1.4044219,,33.6545435765934,8.434
TKM,2011,-1.49687329999999,-0.746,0.545,,16.2712810493695,11.6000011402509,14.6999999278723,5143.61929334647,12.2971678479084,153.18591263180687,,94.88,88.7767,10.019,51.9318442057253,5.568,34.2784349181735,0.2327283,25.6795381,-1.4017015,,33.039984078613,8.529
TKM,2012,-1.4981376,-1.274,0.574,,20.5679513452169,8.90000000898042,11.0999999615545,6053.8748468749,8.70665885774136,161.96787185362544,,94.05,91.6361,13.762,47.2,7.832,30.8737007585666,0.232102,26.486191,-1.4032708,,32.4505207829223,8.888
TKM,2013,-1.5017629,-8.335,0.567,,23.136822646184,7.30000002103605,10.200000101399,6599.64529055481,7.77319736128649,136.24820703149317,,97.98,92.7611,16.014,,4.002,27.4926438120002,0.2343309,26.4798367,-1.4190144,,31.9180930780941,8.932
TKM,2014,-1.4626017,-7.311,0.574,,18.5866873573514,8.8000010883235,10.2999999705459,7164.14536184006,7.83190052629024,121.88517901052042,,93.17,95.5876,12.304,,4.418,20.1759840166561,0.0147681,27.463352,-1.4532956,,31.4381369547712,9.066
TKM,2015,-1.4615973,-16.742,0.618,,20.7791606059437,8.49997845154391,6.49999990951666,5759.497903834,4.09291832714018,111.18462156014614,,48.66,108.1696,14.545,,6.005,15.4827871650235,-0.126391199999999,27.5038151,-1.4449123,,31.0326920548666,8.916
TKM,2016,-1.464505,-22.621,0.577,,23.1856898510511,6.20181210651458,6.1999999664301,5686.98040962764,3.79096200658724,119.36261924864752,,43.29,113.0665,18.52,,6.115,9.65761604863881,-0.2753346,26.6476778,-1.4741195,,30.689600297774,8.788
TKM,2017,-1.4526795,-13.553,0.619,,23.795696531403,5.49999584909072,6.50000004682975,5828.4816623489,4.09374782222559,119.70533874025382,,50.8,112.8101,19.98,,10.419,13.0262092742703,-0.2289187,26.6576879,-1.480283,,30.3998710659558,8.561
TKM,2018,-1.4516946,6.13,0.589,,20.8966214216128,3.9411831208517,6.19999994137119,6125.05169712085,3.83102484770528,120.1730401916504,,65.23,112.0038,18.663,,7.2,20.0690091609088,-0.1316848,27.1248957,-1.48326239999999,,30.1461192725785,8.454
TKM,2019,-1.362369,2.913,0.627,,14.9151811375499,4.54209517895884,6.30000004226711,5998.0017434754,3.98119112698603,131.4715934540646,,56.99,115.7333,15.272,,6.267,13.4925127713072,-0.2189823,27.9058381,-1.5949263,84.1078318050495,29.9088611766437,8.483
TKM,2020,-1.3595471,2.937,0.632,,12.664880108034,3.45999795208479,5.900000048526,5972.72356566861,3.67579761156229,166.60730119735476,,39.16,117.774,13.323,,8.9,,-0.1270103,27.8833418,-1.53039329999999,86.8120225282998,29.415563976255,10.155
TKM,2021,-1.36021099999999,6.596,0.569,,10.0332360806775,3.17156362954225,6.20000001747076,5723.30227157906,4.07165530742274,168.30067705253205,,68.14,113.1051,10.653,,21.136,,-0.224582999999999,27.8742937,-1.5825855,89.9339065551758,29.02926029527,10.227
TKM,2022,-1.360439,7.028,0.607,,7.98184791210057,2.21764501242202,6.19999993621698,5837.84224538947,4.17079684424029,167.90513914799786,,94.9,120.698,5.772,,3.034,,0.2106842,27.8501776,-1.4336464,92.451789855957,28.7938838195637,9.109
TKM,2023,-1.350058,4.815,0.578,,6.51562475515089,3.00321589469314,6.30015758549871,6231.91323839698,4.36243135913014,180.44987982177733,4.087062146892655,77.58,120.2663,4.656,,1.394,,0.2072195,27.8527468,-1.4327839,102.546752929688,28.552110037468,9.198
TKM,2024,-1.297223,3.134,0.615,,5.21661265138383,3.2007384018073,6.2994265836889,6856.65802730208,4.45469950237209,221.0156972208821,3.15,76.63,122.893,4.621,,6.076,,0.2455892,28.2317608,-1.4131747,94.6464126735365,28.4015745226903,9.335
TLS,2010,-0.72329,180.18,0.372,28.0286965420013,,3.43944724816262,9.33149806305823,813.060220670369,6.72117942930667,119.99545832174232,,79.48,93.0541,0.0,42.7178116804653,8.022,,-0.591676099999999,38.2909716,-1.03633739999999,68.3026309590313,59.9809475575493,9.348
TLS,2011,-0.8197424,212.852,0.393,-24.9264030706618,,4.70566335701583,5.95855501570803,939.045238884406,3.52215352261622,153.18591263180687,,94.88,88.7767,0.0,70.3349362705814,15.493,,-0.5916549,38.9227353,-1.1152537,70.1640602638495,59.4351995968739,9.285
TLS,2012,-0.807659599999999,228.192,0.88,41.1538814402886,1.76077705580083,3.47958024159337,4.86062134121768,1022.61906675901,2.58043399760261,161.96787185362544,,94.05,91.6361,0.002,60.0291209351753,9.202,,-0.4206058,38.4572008,-1.1072365,70.0278421982138,59.0717880892024,9.198
TLS,2013,-0.7354721,171.382,0.646,-24.1024182016031,2.15548014674223,4.00200675225529,3.10436980963603,1204.56843320518,0.985680210416689,136.24820703149317,,97.98,92.7611,0.456,41.7887778225651,4.034,,-0.5293114,38.850272,-1.1932422,67.8276665960217,58.5247470298645,9.084
TLS,2014,-0.6498965,75.566,0.539,-22.5144056036931,3.12503706330901,2.34229136010836,4.47249922937381,1224.74956308733,2.42106373753114,121.88517901052042,,93.17,95.5876,1.524,43.1474080051201,0.306,,-0.3601212,40.4701782,-1.05130719999999,69.3739464182596,58.3563134583365,8.842
TLS,2015,-0.646685699999999,12.804,0.867,-28.2769136199562,4.18631483293713,2.70363935182192,2.48003785368208,1319.59295003154,0.50481165896521,111.18462156014614,,48.66,108.1696,2.95,36.9492795233264,-0.61,79.4309494383903,-0.427259699999999,39.6883447,-1.0527445,72.9840325557506,58.0281785501947,8.568
TLS,2016,-0.6402264,-33.191,0.422,8.47249315663711,3.64373313129695,0.333972458756695,3.00993358093274,1335.54391073349,1.06590529631157,119.36261924864752,,43.29,113.0665,4.705,39.8487595941984,0.0,44.5556159738805,-0.1166,39.9167039,-1.05221109999999,77.3856943732818,57.7844485410127,13.065
TLS,2017,-0.6807561,-17.89,0.537,-39.0519807140743,5.51559153978068,0.423750951361252,-3.18241515376397,1266.17771143471,-4.99167831534328,119.70533874025382,,50.8,112.8101,6.705,35.6344545611536,0.614,44.8705165836223,0.0703179999999999,40.0268389,-1.0513156,81.1665700933061,57.8885788857889,11.493
TLS,2018,-0.5893993,-12.288,0.506,16.6337012211804,7.06944424317143,3.08007810122631,-0.466502371512661,1219.46599728983,-2.35863567554246,120.1730401916504,,65.23,112.0038,9.312,35.9232510314811,2.136,62.7689541343655,0.2487237,40.0786842,-0.9247613,83.0952419040915,57.9307817668103,9.775
TLS,2019,-0.438596799999999,21.875,0.564,1045.4492937931,7.08840627014517,-7.79447354365124,24.2128789232326,1562.36458068032,21.8272415651768,131.4715934540646,,56.99,115.7333,9.506,26.7767827713997,0.299,44.8952633775622,0.2676531,42.5777668,-0.7800298,85.1248242560832,57.0387833472251,7.968
TLS,2020,-0.424278699999999,23.811,0.675,209.067156641547,9.78633311756728,-16.2053004878706,31.7257429812373,1630.86938521256,29.2315968537651,166.60730119735476,,39.16,117.774,10.091,16.4657019820047,1.192,34.3932968859447,0.2673205,41.2182798,-0.748894899999999,84.7410404382553,57.6282097263376,6.786
TLS,2021,-0.3019067,46.813,0.644,7.38606339805918,8.04403579120896,-6.59364357378021,5.36980163959615,2684.92676774277,3.49004182057652,168.30067705253205,,68.14,113.1051,6.527,14.3998179677712,5.299,34.7297460391742,0.2660158,41.2115233,-0.640091699999999,,57.1812068676051,4.791
TLS,2022,-0.4506594,12.718,0.616,-44.1479447087224,9.41955208465074,1.67248575304862,-20.5224785561874,2343.24954740187,-21.6343437136427,167.90513914799786,,94.9,120.698,7.899,10.6054855112109,6.897,,0.4239118,41.9587669,-0.663390399999999,,57.3174735632498,3.212
TLS,2023,-0.4265439,-8.526,0.655,-59.9912705365883,12.5555054727804,5.87499269142466,-18.135905003556,1502.41147438211,-19.0224448140371,180.44987982177733,4.087062146892655,77.58,120.2663,12.446,20.4884518790722,8.718,,0.4358404,42.141605,-0.6431026,,58.8010507517096,3.198
TLS,2024,-0.3775174,-26.293,0.593,-68.5136932785846,15.365375502464,12.0853687045097,-9.10069369772735,1331.9705130185,-10.161913982094,221.0156972208821,3.15,76.63,122.893,13.229,30.1076519396981,-0.401,,0.5260108,43.2827099,-0.6256762,,58.7958082616923,3.22
TON,2010,-0.232594,-23.822,0.303,-6.38320215973864,40.5604079269347,1.27041874988286,0.824396914081831,3416.08356601207,0.639458308941471,119.99545832174232,,79.48,93.0541,44.732,29.15474136719,2.731,0.0485079387936127,0.7566171,49.5248426,0.2153933,105.640548706055,39.8354152147108,4.185
TON,2011,-0.222012699999999,-20.249,0.285,-9.52415473498738,44.8662392078593,1.8451444721178,6.70369746238768,3849.99375750134,6.53506653770044,153.18591263180687,,94.88,88.7767,51.853,35.2538323322593,7.084,0.0478419579924403,0.9020811,48.2009501,0.0949646,107.053398132324,39.6486892995273,4.486
TON,2012,-0.2248143,-16.395,0.32,29.4776314524332,40.8256419312625,-0.178618753397925,0.919761024923076,4384.17058724217,1.02306619626815,161.96787185362544,,94.05,91.6361,60.047,36.4235322935616,2.301,0.0398683612912305,0.9015228,48.1393737,0.0321962,94.5147705078125,39.4978154161497,4.705
TON,2013,-0.224601299999999,-9.598,0.337,12.5001302816167,43.0938274916159,1.38770980540009,0.393922530137331,4219.24670113014,0.752077131516813,136.24820703149317,,97.98,92.7611,48.915,23.4827148315196,0.187,0.0401188794815067,0.899817,48.4628188,0.0290352,95.4586410522461,39.4541751527495,5.052
TON,2014,-0.5841786,-6.255,0.321,0.744822497785222,44.1110948754746,3.00261120308574,1.99053625497055,4136.59013792529,2.43921846288526,121.88517901052042,,93.17,95.5876,47.356,22.5969084625018,1.497,0.0521558048423682,0.93921,50.3291393,-0.0562157999999999,96.7714748784441,39.321718167872,5.498
TON,2015,-0.593882599999999,-10.925,0.402,8.233509510221,41.7017789110633,3.37347770551723,1.11374405685874,4123.90323993332,1.6036112932528,111.18462156014614,,48.66,108.1696,51.115,25.3614845265729,0.184,0.0421389970297059,0.9379016,50.5887164,-0.008633,103.261224756552,39.1226276968977,5.832
TON,2016,-0.592089299999999,-7.48,0.372,27.9534168316628,40.802216012321,3.9505771329227,6.59870436118344,3987.98626206287,7.1755196846192,119.36261924864752,,43.29,113.0665,49.382,24.6899407124926,0.214,0.0453861467678001,0.9346438,50.602305,-0.0084009,,38.7427552385199,6.01
TON,2017,-0.236292099999999,-7.132,0.399,-6.42052176150933,40.3523234006764,-3.40708330022208,3.2023165092282,4365.92932788383,3.36688225938528,119.70533874025382,,50.8,112.8101,44.718,27.9030716330403,9.792,0.0540904435129096,0.8010403,50.6166854,0.0785746,,38.3036014809828,6.318
TON,2018,-0.0849916,-7.012,0.35,2.96082037862273,36.4379252977617,4.70301138186589,0.527827266310538,4675.04791274385,0.326899215374226,120.1730401916504,,65.23,112.0038,45.824,24.5166595302554,6.689,0.0399575891818241,0.8562319,50.9058655,0.1556393,,37.9293852862568,6.679
TON,2019,-0.4390652,-3.823,0.378,-2.15809230992025,35.4250807477663,-1.20711457204864,-0.285208794735084,4788.83342304684,-0.381461325779526,131.4715934540646,,56.99,115.7333,42.797,27.5971984846829,-0.122,0.0355539728781376,1.0102973,51.0744619,0.2370136,96.0933090863485,37.0820496876855,6.473
TON,2020,-0.2816956,-5.739,0.351,-3.1300618180673,36.5330018306467,0.754966505925585,1.80618735341196,4792.35854741522,1.77247797101046,166.60730119735476,,39.16,117.774,42.552,24.5728729162426,-1.403,0.0390440712702677,1.1156731,49.119823,0.7544798,90.4639980016237,36.5055053030084,7.992
TON,2021,-0.3427691,-6.277,0.31,-49.9801210161991,40.8140175055665,0.049775545023486,-0.934926303735025,4922.80171378368,-0.733960091098751,168.30067705253205,,68.14,113.1051,43.044,33.1404848782355,6.911,0.0407524657583253,1.111896,50.199544,0.7498563,106.143896523848,35.3781512605042,6.375
TON,2022,-0.496913,-5.393,0.297,-4.11717411090166,38.6037543496664,0.523176247933185,-2.12854452405193,5298.01941509951,-1.71112661451836,167.90513914799786,,94.9,120.698,43.802,27.3260198961571,11.312,,1.3674794,50.4243387,0.7917887,96.996718063038,34.7327907864971,6.147
TON,2023,-0.4947162,-5.925,0.255,81.5491987712965,35.443706618369,0.44357392332268,2.79014366862668,5651.59373063157,3.22745653546359,180.44987982177733,4.087062146892655,77.58,120.2663,43.948,25.9304513697377,7.382,,1.2304624,51.1968655,0.7999012,91.8606656320055,34.0405849000298,4.632
TON,2024,-0.3992192,-3.914,0.257,,,,,,,221.0156972208821,3.15,76.63,122.893,38.248,,5.372,,1.254781,51.7954824,0.6942664,92.4258049730721,33.9423222104787,5.986
TTO,2010,-0.1175861,18.526,0.334,,,2.47947454143897,3.32322471027371,16815.424737361,2.72667409792857,119.99545832174232,,79.48,93.0541,17.404,23.1421157657785,13.353,13.5019281289188,0.0412562,63.3650875,-0.0729938,,16.5562121259138,9.85
TTO,2011,-0.0897853,18.257,0.347,,,0.161394418487235,-0.294354409043763,19151.0870229722,-1.06803812728484,153.18591263180687,,94.88,88.7767,27.301,21.8928313859828,5.25,21.1902057775941,0.1409464,63.0835471,-0.1046704,,17.3327096966136,8.586
TTO,2012,-0.1055709,14.243,0.333,,,-7.01485652796411,6.71074625448722,20332.1389531925,6.13730928249969,161.96787185362544,,94.05,91.6361,22.061,20.8107387973003,7.178,19.0454490519432,0.1326034,61.5937582,-0.0707812999999999,,15.8997311632638,8.608
TTO,2013,-0.1579496,19.507,0.364,,,-3.95638927717075,3.36819291689019,21304.9777496628,2.95466061754502,136.24820703149317,,97.98,92.7611,21.925,20.7680433910262,5.675,18.9417880426583,0.0741233999999999,61.2572513,-0.1457194,,16.231676235981,6.275
TTO,2014,-0.4187145,14.095,0.359,,,2.24404378789224,3.67086851032413,21908.3014555644,3.3020638436403,121.88517901052042,,93.17,95.5876,23.63,19.6970291308161,8.378,15.5987828212435,0.1740197,56.9807028,0.0193675,,16.7910122348162,5.882
TTO,2015,-0.2917364,7.664,0.342,,,0.658801127950337,-0.406283288730492,19887.2327716498,-0.725356979544244,111.18462156014614,,48.66,108.1696,26.397,25.510909120035,1.586,7.5354554955632,0.0718896,55.5877189,0.0080118,,16.7595473252775,5.869
TTO,2016,-0.256357599999999,-3.286,0.309,,,-0.0998893521188151,-7.53636305379372,17449.1538801956,-7.82511237114002,119.36261924864752,,43.29,113.0665,34.699,19.554532751341,3.122,4.12214241273861,0.0441046,55.0893121,-0.0255922,,18.1835188476288,8.719
TTO,2017,-0.259017,5.909,0.314,,,-1.97594519661626,-4.87274946918724,17566.0999700656,-5.06473832096466,119.70533874025382,,50.8,112.8101,40.071,20.9091101135151,1.325,5.76137730000007,0.0748617,55.0494198,-0.0060260999999999,,18.8501540165438,9.027
TTO,2018,-0.2775407,6.806,0.313,,,-2.93172548825317,-0.945449700943314,17571.498737278,-1.13201603020309,120.1730401916504,,65.23,112.0038,41.471,22.9190828412,1.027,11.2320374302733,0.1156046,53.8432531,-0.1219214,,19.4956959199856,9.164
TTO,2019,-0.2006209,4.325,0.325,,,0.783604895019003,0.467734528855885,17212.6128892163,0.114767755861862,131.4715934540646,,56.99,115.7333,45.849,20.9735100285165,0.37,11.0689882994292,0.0986674999999999,53.1878954,-0.137867699999999,,20.1536588580605,9.17
TTO,2020,-0.1941792,-6.462,0.281,,,5.0552618910961,-8.78879817831519,15283.6270531554,-8.97165770967038,166.60730119735476,,39.16,117.774,60.302,20.515037518445,0.829,5.88215476519225,0.059501,52.8339153,-0.1617074,,21.6414454851151,11.81
TTO,2021,-0.2305843,10.875,0.297,,,-3.85907284846354,-0.716740625909793,17712.5674104655,-0.777215541824603,168.30067705253205,,68.14,113.1051,60.536,20.2761339028349,3.47,7.85936855870429,0.1561926,53.9983792,-0.1513775,,20.7055131985903,13.145
TTO,2022,-0.2989622,18.394,0.352,,,4.1369722626234,0.86126082651883,20750.5202434652,0.990715463329252,167.90513914799786,,94.9,120.698,52.991,17.1792577387006,8.738,,0.3498483,53.6275127,-0.2477989,,21.2792385868688,10.596
TTO,2023,-0.3161967,13.326,0.312,,,-5.98486458707791,1.46645947294053,18308.4536298575,1.33995194217194,180.44987982177733,4.087062146892655,77.58,120.2663,59.321,18.9857170569527,0.731,,0.3397269,52.2587568,-0.315203499999999,92.9377899169922,21.1489353259776,8.041
TTO,2024,-0.339819,6.983,0.294,,,-1.76782828873977,2.50920813979569,18733.4110406494,2.44755276913735,221.0156972208821,3.15,76.63,122.893,64.502,,0.483,,0.3600136,51.604828,-0.371533,95.6815649255588,21.2151464426744,7.993
TUN,2010,-0.1941292,-5.342,0.162,26.7689415462432,51.3363537259654,2.88814231758981,2.97113275066512,4291.86120891575,1.86835635362381,119.99545832174232,,79.48,93.0541,38.803,25.8362686991415,3.48,5.80230500738706,-0.255652,55.2457787,-0.217492599999999,88.1112289428711,23.1626532694612,29.573
TUN,2011,0.0507,-8.04,0.165,-5.73337433259721,49.7498678288209,0.899077534980039,-2.04663389535644,4420.64772206537,-3.1268978636142,153.18591263180687,,94.88,88.7767,43.336,25.0372425723868,3.448,6.26002372605509,-0.3780941,51.4365785,-0.4029909,89.3414688110352,21.3459053035976,42.639
TUN,2012,0.0016466,-8.688,0.152,4.15752327857186,55.9749620256609,3.28518933963283,4.21667711535632,4297.26782454273,3.04657312459409,161.96787185362544,,94.05,91.6361,49.04,26.0970264685305,5.373,6.61237658820711,-0.673659999999999,52.182666,-0.175204,,20.0137669158038,38.444
TUN,2013,-0.0117731,-9.175,0.149,4.27058421592075,56.327937751119,2.1744128074392,2.42993096446429,4369.79345826358,1.2189966874892,136.24820703149317,,97.98,92.7611,45.628,23.8678486722665,5.225,5.46168537320013,-0.8919899,51.2056376,-0.2216627,87.2357025146484,19.1390552570924,34.828
TUN,2014,0.012509,-9.327,0.146,-1.24781564001748,56.8190675921791,2.03842746868013,3.09032803070775,4458.97895464547,1.87486431059185,121.88517901052042,,93.17,95.5876,50.733,23.8646110150307,4.444,4.59413759866907,-0.6013407,49.288899,-0.152277399999999,84.9663467407227,19.1905762370604,36.912
TUN,2015,-0.0143711,-9.144,0.141,-4.65368982774352,63.2230339634337,2.11999260597179,0.967834205635981,4014.94773686432,-0.165402101671091,111.18462156014614,,48.66,108.1696,52.401,21.7389997127019,3.819,2.68828674720116,-0.681206,48.9272508,-0.1094928,85.7816009521484,19.6584141515955,34.967
TUN,2016,-0.0577612999999999,-9.708,0.134,0.499999999999986,68.0294246068561,1.40344558640993,1.117231963992,3847.80354448809,0.0084982715857364,119.36261924864752,,43.29,113.0665,58.908,20.4750075823644,4.217,2.18515588296029,-0.8275855,48.1504689,-0.1019524,90.3264236450195,20.4302187304746,35.119
TUN,2017,-0.0490023999999999,-9.676,0.141,4.79999989612283,81.888186770087,1.9233125677007,2.25261437620587,3619.03247319953,1.18340493178839,119.70533874025382,,50.8,112.8101,67.099,21.294559927067,6.154,2.51025972718522,-0.7432926,52.9646462,-0.0902866,,18.313333870308,35.315
TUN,2018,0.0013373999999999,-10.799,0.141,4.60000014096984,84.6215604863162,2.32248034984414,2.60696965356362,3628.10366464236,1.60391587948506,120.1730401916504,,65.23,112.0038,72.908,22.9635661213165,7.493,2.82187987069052,-0.5600278,53.0175341,-0.0574128,,18.6910929000217,34.877
TUN,2019,-0.0286669999999999,-8.085,0.141,-4.2000001121332,98.5572804435593,1.94487649950903,1.55009304966742,3528.87213306798,0.613127731689971,131.4715934540646,,56.99,115.7333,67.297,19.803398083912,6.078,2.24739229652362,-0.5613583,52.5974008,-0.0268576999999999,,19.102588165739,37.867
TUN,2020,-0.019263,-5.968,0.137,-19.9999998900946,102.147025479701,1.46634304906862,-8.97512622934723,3548.65363663803,-9.72752601384167,166.60730119735476,,39.16,117.774,77.708,12.6882289097848,4.881,1.46717230583582,-0.4326193,53.1344129,-0.0116452999999999,,18.6691920536578,41.242
TUN,2021,-0.1415165,-5.97,0.138,11.8999998275859,93.8461326685163,1.16289301361367,4.73603648206102,3906.93926319391,4.08785924151975,168.30067705253205,,68.14,113.1051,79.728,15.8458804086219,6.606,2.24923087429424,-0.6668946,51.716865,-0.0151282999999999,,18.1254623760128,39.309
TUN,2022,-0.1992466,-8.996,0.137,17.4000002019598,93.3278878231755,1.43159199894021,2.75228761004381,3707.29283414381,2.15276458662672,167.90513914799786,,94.9,120.698,82.932,16.6738021219912,10.089,,-0.7395623,49.6003388,-0.236793299999999,,17.9540685936227,37.826
TUN,2023,-0.192361099999999,-2.691,0.153,8.99999988758108,90.2495580226375,1.46351333844229,0.184015548469745,3951.11683376921,-0.481913639518325,180.44987982177733,4.087062146892655,77.58,120.2663,82.519,8.20796640437897,8.114,,-0.776038,48.0108446,-0.3148235,,18.1042841059229,38.484
TUN,2024,-0.220154599999999,-1.664,0.142,-1.60000003837641,77.6996062630389,1.4797736580075,1.61444564976986,4181.13789301228,0.979801739421518,221.0156972208821,3.15,76.63,122.893,83.132,7.85819532475466,6.157,,-0.9248175,48.7100878,-0.3644942,,18.02527625894,38.85
TUR,2010,0.0487911,-5.739,,2.32107884111224,41.0990751678409,1.16274364749147,8.54219848467686,10698.9699409757,6.90544093016851,119.99545832174232,,79.48,93.0541,39.511,28.4520777825517,6.401,1.0333326630856,-0.5486911,60.7687394,0.0494591,84.2024002075195,32.4345095590541,21.578
TUR,2011,0.0464784,-8.879,,13.3746965339959,38.6013112607881,1.91686136260632,10.9799625273598,11373.6355760885,9.36292358017863,153.18591263180687,,94.88,88.7767,35.912,31.958286232969,10.448,1.15599036897188,-0.6966163,60.8813726,-0.0879284999999999,87.80322265625,31.7790811091608,18.208
TUR,2012,0.1585192,-4.762,,15.0242724994096,40.4357594121779,1.55241965245755,4.80762696633448,11776.7593362033,3.48010432023058,161.96787185362544,,94.05,91.6361,32.227,29.421538205313,6.164,0.748490714870341,-0.9196869,62.2976509,-0.1061886,85.0204315185547,30.727703994997,17.342
TUR,2013,0.1399698,-5.149,,4.72038357083602,42.3711460982425,1.40962960980578,8.48825689298511,12635.5570016068,7.10372830173409,136.24820703149317,,97.98,92.7611,30.892,31.3649431990856,7.4,0.621362748916478,-1.0321782,62.415875,-0.1149216,102.209701538086,29.9417878200711,18.442
TUR,2014,-0.1089047,-3.416,,7.02947283971341,44.4602073781668,1.41530142282668,4.60079447270559,12209.3862327674,3.19911298885714,121.88517901052042,,93.17,95.5876,28.277,30.2115390664919,8.17,0.515494221044849,-0.7998074,60.6809005,-0.3611001,105.97550201416,29.5939640712044,17.698
TUR,2015,-0.1063785,-2.463,,5.05591014346463,46.7405303729401,2.225752648523,5.80557386628684,11064.6494504662,4.4033792666971,111.18462156014614,,48.66,108.1696,27.163,30.062899150791,8.808,0.259377096732697,-1.10934889999999,58.28807,-0.4773732,107.243186950684,28.8142296804772,18.299
TUR,2016,-0.0845918,-2.55,,-2.19584046618301,46.3614777541171,1.58873607703875,3.32366508200445,10984.3643169061,1.9428315705164,119.36261924864752,,43.29,113.0665,27.747,29.8288300175216,8.533,0.381853603415781,-1.7801696,57.2964845,-0.5458731,108.547561645508,28.0716480856355,19.369
TUR,2017,-0.0665516,-4.091,,12.4507299068044,52.6882928024745,1.29532700760314,7.82585730002594,10756.3877677883,6.43664614092381,119.70533874025382,,50.8,112.8101,27.777,32.7946921972451,11.92,0.379263394718781,-1.70623179999999,57.1293832,-0.615377,112.977333068848,28.3715601440239,20.469
TUR,2018,-0.2317166,-1.831,,9.52560514728991,55.4453574540502,1.57923380202967,3.46815306092219,9684.11819884721,2.07704135618785,120.1730401916504,,65.23,112.0038,29.86,31.3408009091416,20.302,0.52996663633101,-1.1241116,55.6793272,-0.7089454,112.115409851074,27.7291319199479,20.011
TUR,2019,-0.1801871,1.975,,4.67370203826715,55.3071524639806,1.22536076199392,1.30162365464503,9395.23378001368,-0.136378469205951,131.4715934540646,,56.99,115.7333,32.39,27.5058303832163,11.836,0.382779823529053,-1.1924541,54.6143904,-0.5970473,111.910400390625,27.2453632622777,25.039
TUR,2020,-0.3242268,-4.32,,-16.4126972213936,60.3150906136416,1.02531493703228,1.80306247087255,8798.11791709313,0.819957444576985,166.60730119735476,,39.16,117.774,39.446,34.1540560799477,14.599,0.397202384078982,-1.0396051,52.2583184,-0.709944799999999,112.527458190918,25.8718429248838,24.919
TUR,2021,-0.3992138,-0.77,,25.0855072538277,53.7425891882514,1.50891969619413,11.811094450607,9981.76398411336,10.797736075363,168.30067705253205,,68.14,113.1051,40.384,34.3761444701623,36.081,0.827048726504594,-0.9721057,52.9207969,-0.775344399999999,114.147331237793,25.5227753796423,22.36
TUR,2022,-0.4324578,-5.11,,10.4974391896991,50.758322367613,1.48839623728753,5.44122511322401,10897.8397861365,4.40815937187469,167.90513914799786,,94.9,120.698,30.802,38.602139717568,64.27,,-0.935033599999999,51.2488229,-0.7798318,116.040176391602,24.8219911815549,19.289
TUR,2023,-0.4374572,-3.529,,-2.27506913217589,45.157151097837,0.933806495534912,5.04512369812289,13375.0947282864,4.61909774991381,180.44987982177733,4.087062146892655,77.58,120.2663,29.263,34.5882765114043,64.773,,-0.884477,51.536951,-0.799233499999999,118.411979675293,23.9397520247123,17.306
TUR,2024,-0.5632153,-0.758,,0.072831483379133,39.3880494718611,0.860701598247461,3.3276230893799,15892.7157287241,3.09479882124933,221.0156972208821,3.15,76.63,122.893,25.971,30.7311559549208,44.379,,-0.970710499999999,51.5312748,-0.8434149,,24.2129995221766,16.287
TUV,2010,-0.1017024,-60.723,0.459,,,1.41793409770446,-2.22222222222223,3024.8170790571,-3.63168142704605,119.99545832174232,,79.48,93.0541,21.034,,-1.751,0.0,1.5510465,41.0706766,1.1720684,,,
TUV,2011,-0.1039915,-84.658,0.747,,,-0.303818658053084,6.81818181818181,3636.08139989792,5.17330072524878,153.18591263180687,,94.88,88.7767,19.071,,1.729,0.0,1.5457577,41.0856011,1.1801993,,,
TUV,2012,-0.2310738,-32.083,0.626,,,3.36770368726284,-2.12765957446808,3598.46163091053,-3.50614324243331,161.96787185362544,,94.05,91.6361,19.254,,1.35,0.0,1.5451994,38.1446349,0.820331,,,
TUV,2013,-0.2308182,2.834,0.759,,,0.8726977275,4.34782608695652,3510.21640142483,3.71231073854945,136.24820703149317,,97.98,92.7611,17.775,,3.124,0.0,1.5434936,37.7910854,0.8158546,,,
TUV,2014,-0.0458344,-0.481,0.633,,,0.773974186046512,0.0,3528.85858102782,0.154770575382372,121.88517901052042,,93.17,95.5876,16.374,,0.426,0.0,1.549386,43.6094353,0.930851,79.6419067382812,,
TUV,2015,-0.0431632,-33.619,0.61,,,0.81495306122449,10.4166666666667,3357.83417700071,10.6281735534677,111.18462156014614,,48.66,108.1696,14.352,,4.001,0.0,1.3290711,45.1527398,0.9328446,87.6274566650391,,
TUV,2016,-0.0410107,29.851,0.607,,,0.720650357142857,5.66037735849056,3808.69755015909,5.97938856186022,119.36261924864752,,43.29,113.0665,11.476,,2.57,0.0,1.3245352,45.5122825,0.9331732,77.9319915771484,,
TUV,2017,-0.0425507,2.074,0.577,,,0.662593990689801,2.44839285714286,4165.66338700106,3.02336313631166,119.70533874025382,,50.8,112.8101,12.054,,4.345,0.0,1.1385207,43.8614106,0.9323691,,,
TUV,2018,-0.0399314,60.742,0.859,,,0.622427121663383,1.38728384151602,4466.12034928245,2.5000826037985,120.1730401916504,,65.23,112.0038,11.823,,2.327,0.0,1.3290002,45.5395418,0.857461,78.7418670654297,,
TUV,2019,0.3922741,-22.158,0.813,,,0.552184660028822,13.8220984406966,5115.13075950206,15.650825095542,131.4715934540646,,56.99,115.7333,11.528,,3.703,0.0,1.1436032,45.5610745,0.8573468,80.2197799682617,,
TUV,2020,0.2051999,16.194,0.555,,,0.193249432786911,-4.27493206901397,4976.11254109571,-2.59958228889671,166.60730119735476,,39.16,117.774,12.15,,0.1,0.0,1.234863,44.0591811,0.9463084,77.0771513353116,,
TUV,2021,0.2034342,28.22,0.615,,,0.331298850213827,1.8041359113616,5905.08198095343,3.8514037023984,168.30067705253205,,68.14,113.1051,11.258,,9.79,0.0,1.2851524,45.5096644,0.9727856,88.8804841149773,,
TUV,2022,0.2445984,-0.24,0.652,,,0.337639353401454,0.677309361438304,5911.32727055301,2.71261925845695,167.90513914799786,,94.9,120.698,5.745,,13.649,,1.4735212,45.8116493,1.0040365,92.0868890612878,,
TUV,2023,0.2425155,32.342,0.708,,,0.267002517757908,3.85280919517032,6344.7750188689,5.71488075368194,180.44987982177733,4.087062146892655,77.58,120.2663,4.561,,4.461,,1.4739295,44.3506069,1.1957133,93.2753164556962,,
TUV,2024,0.5787137,3.252,0.793,,,,,,,221.0156972208821,3.15,76.63,122.893,3.868,,4.461,,1.4687654,48.5193751,1.2213564,90.6571654790182,,
TWN,2010,,8.266,,,,,,,,119.99545832174232,,79.48,93.0541,36.89,,1.234,,,,,,,
TWN,2011,,7.834,,,,,,,,153.18591263180687,,94.88,88.7767,38.343,,2.027,,,,,,,
TWN,2012,,8.661,,,,,,,,161.96787185362544,,94.05,91.6361,39.205,,1.618,,,,,,,
TWN,2013,,9.735,,,,,,,,136.24820703149317,,97.98,92.7611,38.895,,0.331,,,,,,,
TWN,2014,,11.321,,,,,,,,121.88517901052042,,93.17,95.5876,37.488,,0.607,,,,,,,
TWN,2015,,13.614,,,,,,,,111.18462156014614,,48.66,108.1696,35.941,,0.127,,,,,,,
TWN,2016,,13.121,,,,,,,,119.36261924864752,,43.29,113.0665,35.364,,1.692,,,,,,,
TWN,2017,,14.04,,,,,,,,119.70533874025382,,50.8,112.8101,34.458,,1.216,,,,,,,
TWN,2018,,11.607,,,,,,,,120.1730401916504,,65.23,112.0038,33.831,,-0.062,,,,,,,
TWN,2019,,10.71,,,,,,,,131.4715934540646,,56.99,115.7333,32.612,,1.151,,,,,,,
TWN,2020,,14.414,,,,,,,,166.60730119735476,,39.16,117.774,31.958,,0.041,,,,,,,
TWN,2021,,15.226,,,,,,,,168.30067705253205,,68.14,113.1051,30.086,,2.631,,,,,,,
TWN,2022,,13.257,,,,,,,,167.90513914799786,,94.9,120.698,29.483,,2.712,,,,,,,
TWN,2023,,13.977,,,,,,,,180.44987982177733,4.087062146892655,77.58,120.2663,29.044,,2.698,,,,,,,
TWN,2024,,15.711,,,,,,,,221.0156972208821,3.15,76.63,122.893,26.165,,2.29,,,,,,,
TZA,2010,-0.493373299999999,-7.381,0.207,6.32576023204111,28.4398441804615,5.66396796617806,6.33652342666889,736.530151367188,3.67041498018565,119.99545832174232,,79.48,93.0541,27.553,32.0172443063631,5.553,5.55945838220369,-0.05765,48.2416278,-0.382002299999999,31.8920497894287,86.9696338449131,5.852
TZA,2011,-0.5267179,-10.389,0.269,9.54417349351672,29.7815026646035,3.54720849735785,7.67215543486064,775.392761230469,4.70485004341454,153.18591263180687,,94.88,88.7767,28.383,34.7360333035223,19.754,7.33646177996057,-0.159101,48.0155728,-0.382105,,86.7450956484371,6.761
TZA,2012,-0.6184419,-11.565,0.344,15.273651857929,30.8385908393605,4.53878496380622,4.50015356010131,861.969909667969,1.53892032694513,161.96787185362544,,94.05,91.6361,30.046,34.8451015083251,12.062,6.8325198508577,-0.1246002,47.2154571,-0.435475899999999,,86.4700209879858,6.26
TZA,2013,-0.6530961,-10.708,0.315,-3.34584732924982,31.083374238378,4.57242839319348,6.78158560065316,963.05712890625,3.62722794168234,136.24820703149317,,97.98,92.7611,32.68,37.470607348423,5.561,5.76723525319283,-0.4223495,47.995969,-0.493487099999999,32.3857446198788,86.1759635426955,5.689
TZA,2014,-0.6311616,-9.799,0.255,8.50871550255536,33.1451206470393,2.8329281892962,6.73246186832483,1022.74841308594,3.51147946313948,121.88517901052042,,93.17,95.5876,36.409,37.6539665632561,4.752,5.04690559304949,-0.5068917,48.1954553,-0.464479,29.6310806274414,85.884077776924,3.693
TZA,2015,-0.5825641,-7.738,0.262,1.3483902626872,39.2891880346749,3.17633492826527,6.16062877406682,939.127319335938,2.77038211960942,111.18462156014614,,48.66,108.1696,39.524,32.7586922845607,6.828,5.30193884393363,-0.476783499999999,48.0023958,-0.4023419,26.090669631958,85.6128898007495,3.443
TZA,2016,-0.4354617,-4.221,0.312,-0.004052454625679,40.0079292679425,1.73591210997565,6.86711619644551,953.0107421875,3.30400665890222,119.36261924864752,,43.29,113.0665,39.797,32.1747860509655,5.049,5.61603835789229,-0.537573,48.3436152,-0.438044699999999,25.6429992626308,85.3318381384013,3.241
TZA,2017,-0.3504596,-2.842,0.289,0.0701315731665346,41.3009336301928,1.76011643802415,6.72726996832338,986.674011230469,3.23688527604725,119.70533874025382,,50.8,112.8101,40.109,32.354141404315,3.961,5.13616759488345,-0.683829799999999,46.1058383,-0.486800199999999,26.3711632016128,85.0445977607583,3.037
TZA,2018,-0.3396123,-3.535,0.18,-5.8105302509033,40.1480140958611,1.70440979499363,5.50267599385063,1023.10626220703,2.24213027557943,120.1730401916504,,65.23,112.0038,42.032,38.3765744836496,3.25,3.61159728659091,-0.664168099999999,44.6664643,-0.5520727,28.5933897410534,84.7572091184033,2.846
TZA,2019,-0.2829332,-3.011,0.352,18.9900343302799,40.7439096992124,1.99459353959393,5.79999999996723,1063.32250976563,2.71005881950599,131.4715934540646,,56.99,115.7333,40.437,39.7264057276571,3.85,3.53145044367484,-0.5522151,43.9393435,-0.5728339,30.1824263288684,84.4781408794749,2.657
TZA,2020,-0.2540505,-2.47,0.393,-8.60181683456882,39.7693712686611,1.42845965174632,1.99196460647855,1117.41528320313,-0.998987836780785,166.60730119735476,,39.16,117.774,41.269,38.7464874924603,3.154,3.85169508025186,-0.6629379,43.4386482,-0.565190299999999,30.9205938581875,84.9585748486221,2.746
TZA,2021,-0.351543,-3.881,0.385,5.20000000026116,41.4860546069249,1.68494347865961,4.32138429480482,1159.85656738281,1.25401761079502,168.30067705253205,,68.14,113.1051,43.394,39.6866788606001,4.16,6.69370906979479,-0.5751002,44.2117333,-0.5650588,28.231330871582,84.4659525129507,2.752
TZA,2022,-0.3590925,-5.676,0.324,10.1999999999034,40.9318313478855,1.89781100360764,4.56600576430955,1207.52062988281,1.54299792361155,167.90513914799786,,94.9,120.698,44.854,41.0677624080732,4.851,,-0.4815853,45.2244399,-0.5495819,,84.2489653322953,2.344
TZA,2023,-0.346236,-4.691,0.385,13.1999999998415,44.5950861063729,2.08641570952108,5.06952353203394,1224.00219726563,2.08099243052513,180.44987982177733,4.087062146892655,77.58,120.2663,47.358,41.0023887360591,3.027,,-0.2367117,45.5476846,-0.4944742,,84.0442207117152,2.339
TZA,2024,-0.2941052,-3.119,0.35,16.3508817492719,47.3169345002777,2.17843632795407,5.5263138305945,1186.71691894531,2.5538482690819,221.0156972208821,3.15,76.63,122.893,48.214,39.764568079457,3.693,,-0.3895961,46.4192385,-0.5194228,,83.863066555607,2.334
UGA,2010,-0.7605074,-6.522,0.197,-8.96084339786749,11.340011180453,2.03900471067451,5.63761163749757,823.488144282,2.57308463341826,119.99545832174232,,79.48,93.0541,18.355,27.1039553534011,3.083,8.10229439370414,-0.7511675,50.3026638,-0.349823699999999,,77.2775570574165,5.357
UGA,2011,-0.7939237,-7.59,0.222,5.48920428763897,11.889658788383,3.2086060344385,9.3916554927176,835.620060555838,6.23090993981926,153.18591263180687,,94.88,88.7767,17.959,26.7549805283512,27.009,9.15620849237058,-0.8769625,49.5489634,-0.4625994,,76.9780082339159,5.098
UGA,2012,-0.8567334,-5.351,0.171,13.9871016921474,14.1274216672688,4.41438584859015,3.83745560605229,795.222867553127,0.865151267915266,161.96787185362544,,94.05,91.6361,19.491,26.1771756452378,5.243,10.6585708011681,-0.860416499999999,48.1716752,-0.4996961,,76.7731763399305,5.275
UGA,2013,-0.9342784,-5.417,0.186,6.94694369294267,30.2751015651699,3.79031709675384,3.58690582623025,818.285427416713,0.656669463732158,136.24820703149317,,97.98,92.7611,22.08,31.9739798099079,6.739,10.6586103842094,-0.8925868,47.9448538,-0.5574549,,76.4810896288308,2.591
UGA,2014,-0.988474499999999,-6.232,0.187,0.0022858589709358,27.149729218405,3.24589612959273,5.10630732539796,896.054795546394,2.04948459267207,121.88517901052042,,93.17,95.5876,24.768,26.853454663727,1.794,10.3312319703494,-0.9764218,48.4304905,-0.5832969,,76.5624107661674,3.324
UGA,2015,-1.0129557,-5.476,0.184,-2.36987522692048,30.135215546196,2.27760507458345,5.18785986002466,862.934610355811,2.00429943099081,111.18462156014614,,48.66,108.1696,28.022,23.8597944507535,6.448,10.7947576138514,-0.7914315,48.8132455,-0.610189,,76.4542928752145,3.871
UGA,2016,-0.9946961,-2.633,0.203,2.93326026095338,35.1603426340192,2.1425304891559,4.78100029254482,752.696571725656,1.35743312909598,119.36261924864752,,43.29,113.0665,31.333,25.4152882648293,5.649,12.7336513052995,-0.8144743,48.6487906,-0.6395096,,76.4551633742365,4.411
UGA,2017,-1.0168329,-4.752,0.239,32.854663645406,38.9070218420697,2.61088918011351,3.13140551723596,765.218332297361,-0.406390812740796,119.70533874025382,,50.8,112.8101,33.64,24.6140426859449,3.006,12.1305147407764,-0.6855171,48.9575241,-0.6572323,,76.475481890777,5.052
UGA,2018,-1.0296281,-6.107,0.266,9.41993411923083,38.5252984266955,3.20512810607337,6.30392378262997,792.16570022814,2.75300382511665,120.1730401916504,,65.23,112.0038,34.887,24.3285989781833,2.321,8.38888217833344,-0.7395762,48.5369397,-0.693584099999999,,76.190708921356,4.884
UGA,2019,-1.1024791,-6.947,0.395,4.31749177752039,40.6644410285873,3.68569218154174,6.43874503276439,822.171150036357,2.88958690241905,131.4715934540646,,56.99,115.7333,37.537,25.5294607796946,2.372,7.38833937837014,-0.7746479,47.3621676,-0.728266,,75.8851730697807,4.691
UGA,2020,-0.936142199999999,-9.497,0.435,-1.17001941334216,48.062157782797,3.16881317773755,2.95130642218098,845.766463890124,-0.423922683361482,166.60730119735476,,39.16,117.774,46.344,24.2159505553913,2.457,7.56349041713714,-0.842814499999999,47.0537212,-0.690221499999999,,75.8178590037174,5.688
UGA,2021,-0.9322359,-8.422,0.366,0.235689449504051,52.1424485431174,4.06673785760736,3.53658034070898,882.791717542504,0.258075577364949,168.30067705253205,,68.14,113.1051,50.348,24.0863683469285,2.88,7.47552032336567,-0.9440307,47.3094895,-0.7277087,,75.2097418736505,5.04
UGA,2022,-0.9890036,-8.598,0.41,-19.6734197675491,47.1819700251541,6.48067616265599,4.58802192181773,963.067314117178,1.48927085105888,167.90513914799786,,94.9,120.698,50.166,24.201342621546,10.231,,-1.0920608,47.3505614,-0.729024799999999,,75.0346602818732,4.335
UGA,2023,-0.996690299999999,-7.252,0.427,0.273331253724507,42.6685823120186,6.13816501913594,5.33697295511469,1002.30913917142,2.42759459782118,180.44987982177733,4.087062146892655,77.58,120.2663,50.204,22.8160132458418,2.603,,-1.0298391,46.9737995,-0.752792999999999,,74.8270512389391,4.208
UGA,2024,-1.11616729999999,-7.28,0.419,47.0585734021408,39.2169652098837,6.04170465829259,6.05558075875589,1077.91278452817,3.17493921238938,221.0156972208821,3.15,76.63,122.893,51.826,22.3995184838424,3.269,,-1.0222248,46.5941247,-0.738524299999999,,74.5763543770105,4.211
UKR,2010,-1.1211122,-2.219,0.13,2.31137930561982,91.5918932375376,4.56840018285092,4.09200436668087,3039.63232421875,4.46782513515676,119.99545832174232,,79.48,93.0541,40.626,18.3723680042121,9.096,7.06385110746983,-0.0505126,45.6837099,-0.8087033,98.1416817681323,18.6236082464782,17.709
UKR,2011,-1.12750519999999,-6.283,0.132,3.1293538673613,85.1737693525904,4.256089748054,5.44528081048476,3656.69799804688,5.78262206521443,153.18591263180687,,94.88,88.7767,36.876,20.4440036822421,4.56,7.90825649188772,-0.1696208,42.3390474,-0.7663803,96.1171826388401,18.5191088469257,17.811
UKR,2012,-1.2152257,-8.144,0.121,-5.48990786834629,74.055964307376,4.47720109403357,0.152314967200653,3951.34228515625,0.364275557578679,161.96787185362544,,94.05,91.6361,37.542,19.6146792260413,-0.202,4.70265519474683,-0.2458009,43.9565659,-0.6740033,99.4775493061556,18.5913837161919,17.798
UKR,2013,-1.209471,-9.011,0.12,-7.42131315994008,78.2755632633463,2.36694390135139,0.045439094492707,4129.89697265625,0.226082936004985,136.24820703149317,,97.98,92.7611,40.519,16.4257610216877,0.496,3.99136453684378,-0.961241199999999,44.354217,-0.720552,99.4303801060075,18.6742154644083,17.643
UKR,2014,-1.0708377,-3.833,0.127,-17.4219442736568,96.7265802999128,0.634438528402592,-10.0788949840953,3054.908203125,-5.08846879597155,121.88517901052042,,93.17,95.5876,70.317,13.3964957165318,24.87,3.6083209332499,-1.99283679999999,45.0381399,-0.725548699999999,98.2963249258606,18.6469462945905,23.573
UKR,2015,-1.0636259,1.721,0.135,-13.1652421314049,125.025871206995,-0.217508398305494,-9.7729872128676,2094.47387695313,-9.27686663817931,111.18462156014614,,48.66,108.1696,79.331,15.9333160342442,43.313,2.59911540564351,-1.8064426,45.1324735,-0.699935499999999,90.502896110392,18.6692410664742,22.611
UKR,2016,-1.0150766,-1.493,0.146,-1.81752472376849,123.342420933118,4.42178946686191,2.44098194492067,2158.46118164063,2.94151228987063,119.36261924864752,,43.29,113.0665,79.513,21.7241623615989,12.361,2.39942596673544,-1.6309394,46.6191492,-0.6452955,88.5457508688536,18.6679680431147,23.139
UKR,2017,-0.953207199999999,-2.183,0.142,3.92422146123185,109.407147922562,3.28306130596563,2.35997228099491,2604.28759765625,2.86027869650954,119.70533874025382,,50.8,112.8101,71.62,19.9647326419625,13.669,2.95421204623726,-1.590004,49.051864,-0.5761461,86.788702271804,18.7291267988014,18.963
UKR,2018,-0.9896988,-3.273,0.14,-1.35413842566075,92.7372175750206,3.80086991777664,3.48836234022659,3059.0517578125,4.09937975447431,120.1730401916504,,65.23,112.0038,60.353,18.5883388544006,9.777,2.91046955095297,-1.4461552,49.3337166,-0.5163067,85.8331876808318,18.7433625894139,17.965
UKR,2019,-0.782195,-2.734,0.155,7.29979491338419,80.6987144339379,3.76649676088543,3.19950386354134,3619.86157226563,3.87284698333255,131.4715934540646,,56.99,115.7333,50.452,14.8903574828309,4.054,1.73179870039083,-1.0320239,50.2883481,-0.5855728,84.4568283620119,19.4069037716991,15.484
UKR,2020,-0.830952599999999,3.303,0.165,-5.81004789592482,83.3576019691388,0.194103193490519,-3.75281793983162,3709.76928710938,-3.08458576352871,166.60730119735476,,39.16,117.774,60.505,8.93229932738453,4.992,1.09312749593482,-0.9599236,49.3485891,-0.5670134,84.4283338575221,19.3383591675666,19.355
UKR,2021,-0.8040912,-1.943,0.167,-8.56576330176647,70.5832658828963,3.98166133947207,3.44562065945944,4775.94580078125,4.41050883289091,168.30067705253205,,68.14,113.1051,48.917,14.4674526848937,10.015,7.5129023639251,-0.990563099999999,49.2080862,-0.5685603,84.6516335033103,19.0171916537024,19.145
UKR,2022,-0.683771799999999,4.921,0.187,-42.0458910810254,84.1145910098624,0.136428578229067,-28.7585842155085,4199.6708984375,-22.7456813021158,167.90513914799786,,94.9,120.698,77.717,12.1132886209386,26.603,,-1.05075649999999,48.3605632,-0.742306199999999,,,
UKR,2023,-0.7242773,-5.35,0.201,-5.94891789474931,96.0800154118723,2.52287921090664,5.53473354963334,5139.59814453125,15.4480219876898,180.44987982177733,4.087062146892655,77.58,120.2663,82.329,18.0705046393604,5.084,,-0.545978,48.8967489,-0.7454054,87.0823822021484,,
UKR,2024,-0.6723809,-7.048,0.19,10.2526784140751,101.267169892573,2.1065185105382,2.9138222142611,5389.47314453125,2.53118166051888,221.0156972208821,3.15,76.63,122.893,89.843,18.6430287599957,11.98,,-0.432315,50.1179221,-0.720198999999999,86.1695022583008,,
URY,2010,1.3461634,,0.179,7.17944049716984,,5.22300143125049,7.8034096507169,12641.0576849008,7.52764617823019,119.99545832174232,,79.48,93.0541,40.853,19.4076054759968,6.924,2.02169884847788,0.8893764,63.5846414,0.8721151,98.6642990112305,23.4553647884633,20.707
URY,2011,1.3457663,,0.178,5.80384733119979,,5.34359480768242,5.16213302463606,15132.2675725587,4.90150561357953,153.18591263180687,,94.88,88.7767,41.259,20.8823110125109,8.59,1.43709496222999,0.9289706,63.2923591,0.8008807,101.560180664062,22.7099811007196,18.055
URY,2012,1.3317592,-3.641,0.206,3.641811887988,,11.7901578728278,3.53817872056869,16259.5940814256,3.27196082931438,161.96787185362544,,94.05,91.6361,49.812,22.9153797295437,7.478,1.17962644777555,0.8849499,65.4780777,0.715336,102.977226257324,22.1969091385186,18.566
URY,2013,1.3468082,-3.208,0.228,-0.0613778670621343,,1.60901257578737,4.63753862902416,18335.2594772322,4.32675421961548,136.24820703149317,,97.98,92.7611,49.976,22.4844120119644,8.523,1.29138043579779,0.9211706,66.7973918,0.7012586,104.664520263672,22.2516841544129,19.302
URY,2014,1.288067,-2.939,0.215,3.51478874472713,,6.6430584199945,3.23879122952364,18322.4276767157,2.9005302021196,121.88517901052042,,93.17,95.5876,51.098,21.2028122395297,8.266,1.45872376049256,1.1017263,66.2395803,0.8017721,106.469367980957,22.1586155648075,19.422
URY,2015,1.2570517,-0.253,0.218,-0.599965035560231,,4.6342339444993,0.370741257681345,17125.9016800298,0.0225745559950212,111.18462156014614,,48.66,108.1696,57.76,19.7053903958941,9.444,1.85218241655473,1.0884414,65.1744243,0.8604208,108.043296813965,22.9432755029576,22.875
URY,2016,1.3854382,0.824,0.228,-0.24096309020419,,-0.897082488190792,1.68979822971775,17009.7584207276,1.35078037686081,119.36261924864752,,43.29,113.0665,56.401,17.3891577314177,8.09,1.74168715941962,1.1217056,66.4653403,0.925682,112.032577514648,23.5246135675554,24.149
URY,2017,1.3464781,0.011,0.231,5.25563286148625,,4.13270996152796,1.74037643374211,19184.6502617082,1.46549073530204,119.70533874025382,,50.8,112.8101,55.821,15.9240356668873,6.551,1.82938511988003,1.1129983,65.8584055,0.8738129,116.472846984863,23.7814238806987,25.251
URY,2018,1.3627449,-0.46,0.226,-1.07357845893861,,2.64222389301977,0.164777608940113,19249.9404677501,-0.0151011267874139,120.1730401916504,,65.23,112.0038,57.889,14.8534986544499,7.961,1.97299244228802,1.1130252,64.324045,0.8658485,117.769058227539,24.234206784481,26.538
URY,2019,1.3889225,1.291,0.252,5.20883365955716,,2.35703341175475,0.928351141267498,18315.7316980028,0.848968097010115,131.4715934540646,,56.99,115.7333,59.628,14.1208503918774,8.801,1.70632780467724,1.1553614,64.784121,0.880371,119.848533190039,24.1972772950566,28.474
URY,2020,1.5144744,-0.641,0.248,-14.3109186752474,,1.81750744846519,-7.35732706484723,15757.5355995779,-7.40535234478858,166.60730119735476,,39.16,117.774,68.219,16.2336764872534,9.401,2.29343009292959,1.1512208,65.8941262,0.8853539,116.991828918457,24.9050144463828,34.215
URY,2021,1.6220519,-2.433,0.256,14.6543502425472,,8.50404179273101,5.84427312558179,17881.818721099,5.91510198505092,168.30067705253205,,68.14,113.1051,64.079,18.1967631399395,7.97,1.92773520463627,1.1500797,66.4260852,0.9518641,119.826342137062,24.8228741047581,31.807
URY,2022,1.6139339,-3.789,0.272,11.2843613784066,,12.4804063396028,4.48622703072073,20818.6146091144,4.66439124923403,167.90513914799786,,94.9,120.698,59.934,18.6551845628116,8.296,,1.3035622,66.2993098,0.9765591,121.137930191204,24.733243350178,25.32
URY,2023,1.5493831,-3.385,0.227,0.83519900927071,,-6.72904061401343,0.742128785315927,23019.4221560046,0.826336249281525,180.44987982177733,4.087062146892655,77.58,120.2663,64.002,17.5353424867451,5.107,,1.181072,66.496186,0.9573597,119.105005958635,24.6242542732107,26.221
URY,2024,1.5279256,-1.015,0.246,8.33298196149737,,-4.86239476784597,3.10825478066172,23906.5133029408,3.15371074530447,221.0156972208821,3.15,76.63,122.893,68.699,15.5966726541364,5.49,,1.2779376,65.0645101,0.9505638,,24.5006103852694,26.698
USA,2010,1.1573891,-2.871,0.082,12.6490019877062,,1.75453268550496,2.69519257744442,48642.6100179312,1.82992369379657,119.99545832174232,,79.48,93.0541,95.347,18.6722216698461,1.689,0.968704075093042,0.6163511,76.1815842,1.5091908,,4.15926584168371,18.361
USA,2011,1.2705574,-2.919,0.083,7.17815842592024,,1.68911277121237,1.56440685763506,50024.868799398,0.762796405429199,153.18591263180687,,94.88,88.7767,99.681,19.0335432552974,3.086,1.23502930471558,0.6245434,76.9029343,1.3632725,,4.07259887669515,17.272
USA,2012,1.263101,-2.573,0.09,4.01817071495472,,1.54020811932936,2.28911338669843,51708.4011556577,1.47570596897309,161.96787185362544,,94.05,91.6361,103.244,19.950723147015,1.822,0.776694501385092,0.6207484,77.6095065,1.3842726,,4.07535743103086,16.211
USA,2013,1.180704,-2.011,0.095,3.01034380710283,,1.71066753395925,2.11783009790057,53179.0127634561,1.34816252731798,136.24820703149317,,97.98,92.7611,104.522,20.4246273846192,1.319,0.750833995599957,0.5795227,76.7987356,1.3016083,96.1864929199219,4.0277050197679,15.558
USA,2014,1.2391968,-2.102,0.095,3.90232253832446,,1.43502130688419,2.52381981363968,54973.4207515712,1.71094543857326,121.88517901052042,,93.17,95.5876,104.429,20.969620342419,0.524,0.703153661885122,0.6681229,75.1394056,1.3412574,96.9245376586914,3.98332916779183,13.411
USA,2015,1.2367604,-2.233,0.097,0.319626101802669,,2.80914762910409,2.94555045484053,56572.9188996063,2.12741138123612,111.18462156014614,,48.66,108.1696,104.854,21.5198755166573,0.695,0.234371770177788,0.6658794,75.2385873,1.3770167,97.6525497436523,4.01903097374602,11.634
USA,2016,1.2420313,-2.107,0.099,0.474057186421277,,2.53749765919682,1.81945147788167,57638.1018367192,1.02266589117943,119.36261924864752,,43.29,113.0665,106.78,21.0106376645574,2.197,0.303325431060077,0.3279152,77.0634574,1.3971578,98.7699279785156,4.02570619192093,10.432
USA,2017,1.3058193,-1.874,0.097,4.11438081572624,,1.95521086285051,2.45762229852507,59635.0984397965,1.75014094923958,119.70533874025382,,50.8,112.8101,105.728,21.3021477015707,2.178,0.427546323641111,0.1101294,78.6622599,1.3200336,98.9523391723633,3.98095082402989,9.238
USA,2018,1.2504255,-2.129,0.099,2.85408624677463,,1.0457039920427,2.96650506901305,62499.8744390068,2.36444249943987,120.1730401916504,,65.23,112.0038,107.041,21.6987608435503,1.921,0.595678810382377,0.2904961,78.2710025,1.1721068,99.2755813598633,4.02366659006327,8.607
USA,2019,1.1719722,-2.051,0.101,0.533784286571162,,1.47787452846554,2.58382533412825,64746.4506778863,2.05676590328193,131.4715934540646,,56.99,115.7333,108.197,21.8309630674538,2.096,0.557098125905551,0.0546375,76.431118,1.1235175,100.063430786133,3.93462654039839,8.375
USA,2020,1.124297,-2.815,0.083,-13.1278965532162,,0.650821071352324,-2.16302914036166,63515.9491807833,-2.56180738534749,166.60730119735476,,39.16,117.774,132.032,21.7174460747964,1.562,0.329505971924439,-0.146807,75.016521,1.0043814,100.509819030762,3.95644039443845,14.891
USA,2021,1.1247591,-3.665,0.083,6.47679127197267,,2.04998648308338,6.05505293244555,70205.050916026,5.88834103890834,168.30067705253205,,68.14,113.1051,124.716,21.6682502425803,7.391,1.27994423022721,-0.126399999999999,77.9559668,1.0279752,101.192489624023,4.02475791685968,9.704
USA,2022,1.2023562,-3.892,0.094,7.51271953205122,,1.62816817042838,2.51237531986017,76657.2488844403,1.92386172918107,167.90513914799786,,94.9,120.698,118.806,22.2944256402277,6.41,,-0.1626087,77.8706056,1.0518325,97.4734878540039,3.86455082663516,8.105
USA,2023,1.1951066,-3.266,0.097,2.76432491173321,,1.32618252590589,2.88755600749487,81032.262117545,2.03559987540991,180.44987982177733,4.087062146892655,77.58,120.2663,118.998,21.8792709647143,3.242,,-0.193136399999999,77.4267473,0.9606912,,3.75894143719088,7.953
USA,2024,1.0868914,-3.884,0.103,3.64186835183456,,1.03321085618604,2.79300127716779,84534.0407841548,1.79419235153047,221.0156972208821,3.15,76.63,122.893,120.786,21.8410127699649,2.731,,-0.0951125,76.1934585,0.9617896,,3.85135079514778,8.92
UVK,2010,,-12.803,,,,,,,,119.99545832174232,,79.48,93.0541,6.452,,6.514,,,,,,,
UVK,2011,,-13.42,,,,,,,,153.18591263180687,,94.88,88.7767,5.569,,3.541,,,,,,,
UVK,2012,,-6.11,,,,,,,,161.96787185362544,,94.05,91.6361,8.559,,3.731,,,,,,,
UVK,2013,,-3.53,,,,,,,,136.24820703149317,,97.98,92.7611,9.425,,0.5,,,,,,,
UVK,2014,,-7.223,,,,,,,,121.88517901052042,,93.17,95.5876,11.19,,-0.398,,,,,,,
UVK,2015,,-8.763,,,,,,,,111.18462156014614,,48.66,108.1696,13.424,,-0.181,,,,,,,
UVK,2016,,-7.974,,,,,,,,119.36261924864752,,43.29,113.0665,14.472,,1.292,,,,,,,
UVK,2017,,-5.484,,,,,,,,119.70533874025382,,50.8,112.8101,16.379,,0.486,,,,,,,
UVK,2018,,-7.626,,,,,,,,120.1730401916504,,65.23,112.0038,17.137,,2.913,,,,,,,
UVK,2019,,-5.673,,,,,,,,131.4715934540646,,56.99,115.7333,17.669,,1.247,,,,,,,
UVK,2020,,-6.973,,,,,,,,166.60730119735476,,39.16,117.774,22.487,,0.056,,,,,,,
UVK,2021,,-9.415,,,,,,,,168.30067705253205,,68.14,113.1051,21.581,,6.657,,,,,,,
UVK,2022,,-10.31,,,,,,,,167.90513914799786,,94.9,120.698,20.041,,12.102,,,,,,,
UVK,2023,,-7.569,,,,,,,,180.44987982177733,4.087062146892655,77.58,120.2663,17.518,,2.285,,,,,,,
UVK,2024,,-8.974,,,,,,,,221.0156972208821,3.15,76.63,122.893,16.911,,0.99,,,,,,,
UZB,2010,-1.3718693,4.579,0.291,8.03542014144152,15.7770566776219,3.34115466012917,7.5971679610016,1753.20730243278,5.90590026943735,119.99545832174232,,79.48,93.0541,6.61,27.1781979326708,11.901,14.7836491186156,-0.650179,31.1271066,-1.3247371,89.9835586547852,36.2545791487383,11.586
UZB,2011,-1.4422773,4.622,0.303,14.688196326038,13.3983031953089,2.68375111593279,7.52513989422977,2087.86386135694,5.89233420258107,153.18591263180687,,94.88,88.7767,6.331,26.7079576787677,13.61,19.0673372740717,-0.611603999999999,29.9310809,-1.36314689999999,89.7831726074219,35.9569096826787,10.589
UZB,2012,-1.3688011,1.791,0.285,-5.11359352091635,12.517313116097,1.10230120247607,7.10244488706317,2307.34649117185,5.49671909783243,161.96787185362544,,94.05,91.6361,6.757,30.0719329557159,10.813,17.2844522443221,-0.561242799999999,32.0329051,-1.20211579999999,92.0473722973161,35.6919366152334,10.68
UZB,2013,-1.2602046,1.798,0.283,10.6106843817181,13.8661401706269,0.945033981533171,7.29655036969899,2461.97947403595,5.62825943062448,136.24820703149317,,97.98,92.7611,6.228,27.4742199751097,10.804,14.6803511298882,-0.5624156,32.0383951,-1.14178319999999,92.0626676426806,35.4441276833098,10.758
UZB,2014,-1.2360262,2.568,0.279,-7.16468070694265,14.9082910918395,1.00027476951682,6.8738384408164,2674.9628382103,5.109537480447,121.88517901052042,,93.17,95.5876,6.087,27.9591702320365,9.237,10.3618681106859,-0.2604881,31.7293446,-1.08456739999999,91.7418371921357,35.1726595527331,11.372
UZB,2015,-1.25906189999999,1.046,0.274,2.16184153969903,15.4883044347435,1.20794015152469,7.21877350820803,2803.19018021751,5.38345590914129,111.18462156014614,,48.66,108.1696,6.721,26.3433388950891,8.427,7.25480371959986,-0.3053458,32.2316691,-1.06564789999999,92.2428124917835,34.9526574951007,11.455
UZB,2016,-1.2283125,0.249,0.28,4.29433150254302,17.6278326041901,1.93048466413592,5.93215079993293,2753.37951427589,4.11984456589953,119.36261924864752,,43.29,113.0665,8.19,25.7592542108704,9.801,6.72025279446491,-0.2080446,32.7790462,-1.0431822,92.8148657883702,34.7450577614768,11.464
UZB,2017,-1.24484559999999,2.12,0.282,14.0877994087973,23.5509763848597,2.57993736270607,4.39527463349263,2190.60411562888,2.64127716153368,119.70533874025382,,50.8,112.8101,17.264,27.2291863632714,18.782,12.0271937236882,-0.2138791,34.4747878,-0.996347299999999,93.8775736591193,34.5170415189751,12.887
UZB,2018,-1.2111454,-6.122,0.262,10.1646270760387,30.3280220309687,1.06427628704368,5.55919572919288,1813.08530813664,3.7517684514097,120.1730401916504,,65.23,112.0038,17.455,34.9925116035851,14.265,18.6507971459477,-0.2119487,36.762057,-0.895606799999999,94.9465096520158,34.2025804450226,12.073
UZB,2019,-1.1224344,-5.01,0.33,16.4152144866351,36.6925126519291,3.44235052410005,6.77992399655236,2041.38480729431,4.86486140745366,131.4715934540646,,56.99,115.7333,25.375,39.1565362701328,15.189,10.8569985159248,-0.2167593,40.3286218,-0.943947499999999,96.2074737548828,33.9563961320338,11.27
UZB,2020,-0.835694199999999,-4.557,0.277,-20.1072658161765,55.7841269753241,2.60108803608825,1.56334277260515,1978.28051860763,-0.316556159759102,166.60730119735476,,39.16,117.774,33.673,37.5933580339099,11.167,9.08357795040879,-0.3614058,38.7365553,-0.912569899999999,90.0642970154019,34.3792121975206,12.838
UZB,2021,-0.7419446,-6.332,0.233,13.4398609868584,57.7526022783528,2.94839500995796,8.03468312640049,2258.51964119278,5.960906100364,168.30067705253205,,68.14,113.1051,31.725,37.6931748383509,9.983,20.46516083278,-0.221247,43.9189069,-0.700166499999999,97.2589036917117,34.0098950743511,13.031
UZB,2022,-0.699129999999999,-3.159,0.267,19.0264071989964,58.8223840472191,2.94947448385164,6.00134232203442,2578.66689394219,3.89199511169356,167.90513914799786,,94.9,120.698,30.529,34.8667419109999,12.257,,-0.2325524,44.6389401,-0.6719908,97.3779819618405,33.8797391600532,10.853
UZB,2023,-0.701745899999999,-7.599,0.368,17.2766843331387,59.4107717535195,2.10084902446518,6.29141635082311,2878.96879292451,4.16467615314973,180.44987982177733,4.087062146892655,77.58,120.2663,32.181,34.6156267803286,8.748,,-0.2504784,44.2694583,-0.6742999,97.3839945834102,33.7413811548802,10.762
UZB,2024,-0.754316299999999,-4.991,0.32,-5.92542129079547,60.5136500172241,2.5972703195852,6.49999999997677,3161.70010632875,4.42179800265912,221.0156972208821,3.15,76.63,122.893,32.65,33.2966957187478,9.788,,-0.0267335,46.555286,-0.6562072,96.8399222342106,33.5316704367198,10.809
VCT,2010,1.1598426,,0.629,,41.9505430959613,13.3089028738841,-4.47046793507802,6551.96835992405,-3.99351095016873,119.99545832174232,,79.48,93.0541,61.098,,0.9,0.0333656636694466,0.8287007,63.6699096,1.0475019,110.652717590332,21.1672134156133,42.427
VCT,2011,1.1581912,,0.444,,43.5872673623893,11.8576076339128,-0.60627665148327,6527.68996854448,-0.0518118530617357,153.18591263180687,,94.88,88.7767,63.989,,4.738,0.028465453623185,0.8234119,63.6767228,1.0513625,108.306083679199,21.4007067786498,42.742
VCT,2012,1.1547595,,0.38,,40.1852157698969,18.1986473300916,1.16911218376478,6713.80768643865,1.73945379802912,161.96787185362544,,94.05,91.6361,67.809,,1.037,0.0269643348103745,0.8687381,63.602277,1.0498916,105.851867675781,21.5725760314882,42.63
VCT,2013,1.1550203,,0.311,,42.0415206130744,20.0776834830317,2.4624841721544,7072.46737188939,3.0319570809024,136.24820703149317,,97.98,92.7611,69.947,,0.0,0.034115439439788,0.8211478,63.5912417,1.0157714,108.723846435547,21.6853779373665,42.024
VCT,2014,0.6052154,-25.197,0.674,,48.3668107122273,16.1399244753356,1.1457271877622,7168.82875342911,1.71007773700347,121.88517901052042,,93.17,95.5876,75.037,,0.093,0.0423946065801886,0.7556725,61.7403567,0.7020186,111.371963500977,21.8589772675711,42.008
VCT,2015,0.6766032,-15.586,0.638,,48.4265361491577,15.7495814618354,2.78509791763551,7353.73556054184,3.33765430602968,111.18462156014614,,48.66,108.1696,75.096,,-2.05,0.0312630692791454,0.9161633,58.2942083,0.6227862,114.022842407227,21.9522137923225,42.029
VCT,2016,0.6777104,-13.086,0.78,,44.811479543064,8.66074512206484,4.1496810046981,7656.90042881178,4.74804540016839,119.36261924864752,,43.29,113.0665,79.445,,0.951,0.0407859033307733,0.9130972,58.886116,0.6292069,,22.0315608609151,42.09
VCT,2017,0.7018791,-11.897,0.518,,42.3303637779955,19.5953970726633,1.54810173239956,7988.04445019298,2.20738641850942,119.70533874025382,,50.8,112.8101,68.996,,3.016,0.0329828886778541,0.7873576,57.9161657,0.6186658,,22.0196353436185,42.39
VCT,2018,0.7531367,-10.304,0.487,,37.4053165618246,4.52412383276845,3.1756114423991,8428.12677153069,3.90031671690731,120.1730401916504,,65.23,112.0038,69.396,,1.372,0.0209304790297473,0.7900001,58.6370237,0.6131444,,22.0032134694155,42.737
VCT,2019,0.7602069,-2.391,0.478,,37.4744770619092,7.5606563885612,0.668428481084234,8740.59425232061,1.40193657114291,131.4715934540646,,56.99,115.7333,68.155,,0.451,0.018299980174056,0.9169085,58.548953,0.6834679,127.1875,22.1396089131424,43.587
VCT,2020,0.7606733,-15.909,0.59,,52.7249795073108,7.54647187844049,-4.26892434422649,8351.20324040982,-3.67618803165428,166.60730119735476,,39.16,117.774,79.97,,-0.988,0.0256464367493511,1.0425879,57.5739764,0.6515481,127.844391153744,22.7824572961272,47.708
VCT,2021,0.7401119,-23.228,0.677,,65.532967595027,18.8915993798527,2.09340124465459,8641.27904024443,2.77342166309265,168.30067705253205,,68.14,113.1051,88.355,,3.448,0.0193291690653381,1.0408786,57.0909466,0.6474473,130.489101541733,22.6465134836999,46.04
VCT,2022,0.7243711,-20.583,0.468,,63.8018630118326,6.59514716509223,3.1108330034352,9693.55867833025,3.91412869594379,167.90513914799786,,94.9,120.698,86.301,,6.667,,1.0438207,56.2294076,0.6160382,128.182294394971,22.3766568483063,43.995
VCT,2023,0.7112575,-16.84,0.265,,65.0032164870242,6.88612464767325,5.32636472098717,10582.3656725229,6.07793111453327,180.44987982177733,4.087062146892655,77.58,120.2663,89.178,,4.03,,1.044299,56.3732224,0.5500992,125.381038491346,22.2095930893385,42.333
VCT,2024,0.7050204,-18.858,0.379,,70.3081457169149,12.0060314102276,4.06183490050209,11501.2265187188,4.79304780177681,221.0156972208821,3.15,76.63,122.893,92.693,,2.055,,1.0382485,56.5377262,0.5017878,124.871794871795,22.176651862594,41.851
VEN,2010,-1.2608652,1.755,,-12.8769918691493,,0.402601927997842,-1.48879125078356,13646.3046622664,-2.77023251504848,119.99545832174232,,79.48,93.0541,37.706,21.9716579748512,27.184,12.380878328857,-1.3612278,30.46668,-1.75966349999999,80.7240982055664,33.2372653674385,14.178
VEN,2011,-1.1254851,5.164,,4.66497610143912,,1.85002511047875,4.17642535923936,10843.9229703167,2.84817755288964,153.18591263180687,,94.88,88.7767,52.476,23.0723970782658,27.57,24.4753357613612,-1.26001909999999,33.6106417,-1.7894853,81.6782836914062,33.0050022270892,14.048
VEN,2012,-1.2642649,0.694,,1.59429002292306,,1.33819275777321,5.62595697508632,12607.2361246243,4.30852326939915,161.96787185362544,,94.05,91.6361,58.445,23.8030669286226,20.068,18.7812359044725,-1.2182009,31.6750562,-1.83206269999999,83.8216934204102,31.9133506676327,14.089
VEN,2013,-1.30248719999999,1.778,,-6.16969991499077,,0.828407125440933,1.34309403607486,8656.35669723668,0.128922904421614,136.24820703149317,,97.98,92.7611,85.399,31.6959701007059,56.193,17.6253449138361,-1.3240347,30.9833738,-1.9898326,91.4725494384766,31.6305026619978,16.224
VEN,2014,-1.4287488,2.291,,-4.65799713474598,,0.528670192739894,-3.89438647450667,7096.22047105512,-4.98041137903969,121.88517901052042,,93.17,95.5876,84.897,19.7353965921039,68.54,11.8465082797294,-1.1741498,27.9606359,-2.09058399999999,90.8081207275391,31.5481065954497,14.767
VEN,2015,-1.4246938,-12.795,,-0.862521519716566,,2.35633150346133,-6.22137102671199,4103.1384987005,-7.20256924845928,111.18462156014614,,48.66,108.1696,129.762,19.4300976741623,180.87,,-1.1927697,28.0652872,-2.3022492,88.8302230834961,31.5630160708166,13.334
VEN,2016,-1.4158486,-3.427,,-11.7288496525872,,1.40548157326263,-17.0403345996548,3670.15737848208,-17.557382467255,119.36261924864752,,43.29,113.0665,138.404,10.2452932078279,274.354,,-1.2150045,27.0326865,-2.2785297,85.1329498291016,31.6476039220393,11.677
VEN,2017,-1.4525617,7.513,,-0.0439786612159594,,-0.25801825119328,-15.6714088720003,3791.33160682077,-15.1185209906493,119.70533874025382,,50.8,112.8101,133.61,5.11119937447288,862.629,,-1.38006459999999,25.9940928,-2.2148942,83.9518280029297,32.7077374692705,12.247
VEN,2018,-1.59491649999999,8.442,,-10.8,,0.609677838011936,-19.6553415972227,3422.65467014854,-17.6129210502629,120.1730401916504,,65.23,112.0038,175.313,4.27874773027808,130060.244,,-1.4649999,21.0136831,-2.3064689,,34.2473622164599,12.034
VEN,2019,-1.5948486,5.884,,-11.4999999999724,,0.772453708102055,-27.6579678662627,2523.11275230667,-25.4843294022527,131.4715934540646,,56.99,115.7333,205.99,6.8009453414021,9585.494,,-1.5120562,20.5965354,-2.3309796,,35.9011127644403,11.767
VEN,2020,-1.57832329999999,-3.228,,-59.6062810023994,,3.51089983775956,-29.9985699155957,1506.0436210041,-28.7827745677021,166.60730119735476,,39.16,117.774,336.545,9.20648260090937,2959.839,,-1.4257071,20.6598576,-2.3520631,,36.4487179024554,13.608
VEN,2021,-1.58437079999999,-0.945,,-37.3334360110716,,2.14254260514198,0.955433428579269,2004.93397949792,1.69281877474855,168.30067705253205,,68.14,113.1051,254.242,8.85638471624057,686.383,,-1.2895082,21.9676223,-2.3086878,,35.423798561623,12.943
VEN,2022,-1.603038,4.033,,31.4923428637981,,2.63893280227629,8.00091310654791,3155.04207099687,8.09588326352406,167.90513914799786,,94.9,120.698,164.423,6.16853801723696,233.986,,-1.1268117,24.5068919,-2.2378914,96.7906723022461,36.4255333224353,10.58
VEN,2023,-1.5592697,3.373,,16.4659413070155,,0.0126982233499548,4.00168591128376,3617.43594578269,3.6788972037278,180.44987982177733,4.087062146892655,77.58,120.2663,138.461,5.32602340018542,189.981,,-1.1035948,25.0876114,-2.2007889,97.229606628418,36.9972192900539,10.274
VEN,2024,-1.58714009999999,2.409,,13.5202740164812,,1.36272366359347,5.29999999999984,4217.59102643391,4.91191547368044,221.0156972208821,3.15,76.63,122.893,164.272,4.89832894999471,47.169,,-1.74042419999999,24.8486239,-2.20427409999999,97.7908172607422,37.1648454487586,10.158
VNM,2010,-0.4115989,-2.986,0.112,8.45001096338369,31.5643856988691,5.4347392933443,6.42324482239482,1683.16182443979,5.21227683604808,119.99545832174232,,79.48,93.0541,37.286,37.0990761715168,11.755,7.4812809152762,0.1198679,46.29933,-0.639695999999999,,62.7268053732437,3.432
VNM,2011,-0.358809799999999,0.136,0.118,10.5939353137905,32.3790967192749,4.30487434902161,6.41316889681683,1950.92504174913,5.1944977799937,153.18591263180687,,94.88,88.7767,36.185,32.3711434429224,18.137,9.06944428635118,0.125534,47.1035542,-0.5275764,,62.4408821880805,3.226
VNM,2012,-0.4625662,4.748,0.137,15.0414291650122,32.875948016499,4.27832287681174,5.5045447041189,2185.11767654291,4.27630507146044,161.96787185362544,,94.05,91.6361,38.33,30.5592897696566,6.83,7.29867693307343,0.1055642,44.8688054,-0.576022599999999,,62.5350197705013,3.63
VNM,2013,-0.4169478,3.64,0.168,17.8185178069048,32.1019722734645,4.16454517277325,5.55351081026072,2359.51736472828,4.31498880369921,136.24820703149317,,97.98,92.7611,41.413,30.2129034609593,6.021,5.91331153505454,0.1154209,45.3957033,-0.6167336,,62.6538750141381,4.559
VNM,2014,-0.361941399999999,3.7,0.165,12.5802355977049,33.2733273586748,3.94086189051961,6.42224312118567,2546.38464459903,5.13784099364456,121.88517901052042,,93.17,95.5876,43.642,30.2890267860991,1.857,5.66094916066902,-0.0126942,47.180894,-0.4910245,,62.2488274046861,4.666
VNM,2015,-0.3774131,-0.861,0.191,13.865902481727,36.0276512949194,4.93190773329022,6.98715430598611,2577.56885340113,5.66896478541561,111.18462156014614,,48.66,108.1696,46.117,32.1089158178217,0.612,3.38333033260239,0.0681785999999999,49.6745086,-0.372697,89.4548341262217,57.7628165781259,6.267
VNM,2016,-0.356688499999999,0.248,0.204,11.0039665349257,37.2434368821309,4.90089302916746,6.69000892660424,2735.0604380416,5.35427097241221,119.36261924864752,,43.29,113.0665,47.88,31.7245390951042,4.737,2.68357593807147,0.1824971,49.9461067,-0.2605867,90.1583347107672,55.9228443604091,6.763
VNM,2017,-0.4238211,-0.596,0.22,17.253516150692,41.5701252327449,5.01148721749681,6.94019037359206,2956.10992127753,5.61787865063133,119.70533874025382,,50.8,112.8101,46.621,32.305300920099,2.597,3.21350443557147,0.1500179,50.5475593,-0.309361,91.0725198149335,55.116987476102,7.124
VNM,2018,-0.3951053,1.895,0.167,12.2533404787578,38.2695640665703,4.99828319622328,7.46500685572751,3222.31003125366,6.28095828201967,120.1730401916504,,65.23,112.0038,43.798,32.019502902433,2.983,3.26009968480725,-0.0542592999999999,50.2564141,-0.2854719,92.8377710790826,53.9142551765669,4.648
VNM,2019,-0.3621433,3.76,0.169,6.23602796834999,38.5732191379908,4.821074861051,7.35926270105006,3440.90025375434,6.32464886581907,131.4715934540646,,56.99,115.7333,40.993,31.9799606565797,5.232,2.50068260501281,0.0916744999999999,50.4776383,-0.2953357,94.654621676317,53.2337599957737,5.624
VNM,2020,-0.3131812,4.349,0.175,4.06262557016642,39.0234679461042,4.55836196782424,2.86541320912272,3534.03953482647,1.91581434772165,166.60730119735476,,39.16,117.774,41.319,31.915688393806,0.187,1.8108819584417,0.1302346,51.1430534,-0.3016754,93.1921389514105,53.1302143969625,6.546
VNM,2021,-0.310677,-2.202,0.169,14.805732397093,40.2192163533687,4.27314566190187,2.55372852648131,3704.1935590038,1.66651604176819,168.30067705253205,,68.14,113.1051,39.237,32.8956023366901,1.813,2.54701708790768,0.1345844,49.4260646,-0.310641599999999,92.7690209240401,53.1544201035082,6.903
VNM,2022,-0.2459866,0.341,0.173,3.89898321799539,37.2580281492659,4.32947308910883,8.53750046755788,4147.69777213621,7.7256990880817,167.90513914799786,,94.9,120.698,34.923,32.3404994444961,4.549,,0.1227944,49.3869152,-0.3368491,93.4123434096522,52.7993697102954,6.097
VNM,2023,-0.3083958,5.906,0.147,-1.21887033839245,34.4790753177648,4.26407109843686,5.06502391455075,4323.35031982451,4.36194957647844,180.44987982177733,4.087062146892655,77.58,120.2663,34.417,31.6465959765628,3.581,,0.0907515,50.4557586,-0.340198899999999,,52.3405074390883,6.441
VNM,2024,-0.2516989,6.104,0.159,15.4632416165676,28.849298110528,4.23394171325231,7.09118746633975,4717.29028732449,6.4172854315141,221.0156972208821,3.15,76.63,122.893,32.86,30.5632304440275,2.946,,0.0056736,50.6548775,-0.3139343,,51.8648185778417,6.338
VUT,2010,0.4030639,-6.195,0.565,1.02443466383366,27.3648550562684,9.40930036151551,1.25886720329326,2815.18828985779,-1.08593808514806,119.99545832174232,,79.48,93.0541,20.223,37.0068927318604,3.291,0.832399543964073,1.34809,45.2168175,0.3657363,55.240120859084,69.5082112443661,9.399
VUT,2011,0.4019909,-8.051,0.725,10.1029069330729,23.7567388551866,7.93578473613464,3.13980290023412,3163.1861645138,0.92597879599046,153.18591263180687,,94.88,88.7767,21.299,28.7250562368478,1.197,0.844354134271983,1.3432489,46.4743407,0.3689679,,68.3341539471525,9.758
VUT,2012,0.4102544,-6.76,0.246,-1.50088688770637,25.855700827128,8.07506480226511,1.01004768692042,3004.78416664293,-1.1852141346526,161.96787185362544,,94.05,91.6361,19.28,24.088455209446,0.798,0.801186721952393,1.4555456,46.1123093,0.3759683,,67.1776384874368,10.122
VUT,2013,0.4393991,-3.477,0.28,3.892505887242,20.9067930822229,7.83052394467406,0.463390415135095,2979.79608084399,-1.74696050530071,136.24820703149317,,97.98,92.7611,18.63,27.3921776488311,1.511,0.752150306423104,1.4539841,48.6820478,0.3729515,,65.98085149725,10.465
VUT,2014,0.4750184,4.721,0.265,-0.493333333333339,25.865563403427,1.7146015060309,2.5750403162878,2973.09026493408,0.305492659735435,121.88517901052042,,93.17,95.5876,20.227,24.223098021463,1.063,0.987395102309584,1.1753946,50.7327,0.450454,,64.8168418367889,10.814
VUT,2015,-0.0938241,-7.13,0.239,4.86064585287419,33.2323678880065,4.08340749314985,3.96591946444873,2854.89412272653,1.67602106503972,111.18462156014614,,48.66,108.1696,36.278,33.6795574772338,1.473,0.815485061379561,0.6849315,50.3012854,0.390377,57.2510185241699,63.5840889703327,11.067
VUT,2016,-0.117948199999999,-2.356,0.242,19.5380634443983,35.705409422873,5.49263637992702,3.47154471544715,2956.12644801489,1.19513802690024,119.36261924864752,,43.29,113.0665,42.452,25.5704936446263,2.142,0.816331822730397,0.6867152,49.4041786,0.4182131,,62.4078829251998,11.32
VUT,2017,-0.0663812,-10.741,0.302,-1.10371736283706,45.4941987477276,4.34327388667744,4.41266598569969,3159.86055790126,2.00579895676259,119.70533874025382,,50.8,112.8101,52.63,27.8615616470117,3.315,0.902392843807671,0.8525004,49.4185574,0.4723015,,61.1323641928079,11.612
VUT,2018,-0.1863588,3.312,0.229,3.46970761498136,42.7318377452227,4.10870468514392,2.90023027256446,3206.65748718811,0.464610871247203,120.1730401916504,,65.23,112.0038,45.262,26.800369153824,1.899,0.60798151676621,1.021257,47.8127934,0.3348435,,59.8761134432272,11.992
VUT,2019,-0.1851487,9.388,0.255,-3.70331679289632,39.6770242613178,5.64318738616692,3.24118765540442,3207.44650452083,0.86298251414631,131.4715934540646,,56.99,115.7333,45.096,24.4374127501163,3.47,0.547725243089635,1.0281545,49.0720908,0.3754777,,58.5595719453987,12.336
VUT,2020,-0.0267151,-1.182,0.29,-60.0726838793665,43.4258594364542,4.52584159327415,-4.99249142889525,3042.98711598286,-7.17743078607894,166.60730119735476,,39.16,117.774,48.024,33.2424782471957,6.584,0.629507608350041,0.9435444,48.2081513,0.5488283,59.1688003540039,58.5314919521661,9.696
VUT,2021,-0.0360087,-4.395,0.27,-52.7917402526831,42.5907279193741,4.53028102541425,-1.55229489129462,3107.20312858002,-3.80855711163811,168.30067705253205,,68.14,113.1051,48.537,46.6118070042202,0.699,0.568069760913224,0.9586235,48.0475525,0.6224841,62.9433097839355,57.9555872957662,10.921
VUT,2022,-0.135775999999999,-13.095,0.272,103.438848920863,39.0105450999343,1.01371235156553,5.18622862422562,3370.21191956953,2.77435704923444,167.90513914799786,,94.9,120.698,43.064,38.3165436886822,11.227,,0.9784231,48.2723457,0.4948511,81.9551276325385,57.9372628049986,11.61
VUT,2023,-0.1852979,-0.312,0.319,,36.7415629827926,0.83061864668994,2.093743250054,3482.61458237637,-0.252371345822354,180.44987982177733,4.087062146892655,77.58,120.2663,40.599,,6.972,,0.9649424,48.396276,0.4196732,134.670675170038,57.9761151896762,11.489
VUT,2024,-0.1506043,-7.638,0.366,,39.1625526066862,2.58164239501493,0.942185362275907,3410.77023167097,-1.32686347809192,221.0156972208821,3.15,76.63,122.893,44.598,,3.236,,0.960216,49.7409994,0.4215614,,57.99170272561,11.425
WBG,2010,,-13.499,,,,,,,,119.99545832174232,,79.48,93.0541,22.718,,2.818,,,,,,,
WBG,2011,,-18.501,,,,,,,,153.18591263180687,,94.88,88.7767,26.285,,2.752,,,,,,,
WBG,2012,,-14.916,,,,,,,,161.96787185362544,,94.05,91.6361,29.801,,1.726,,,,,,,
WBG,2013,,-14.773,,,,,,,,136.24820703149317,,97.98,92.7611,30.231,,2.706,,,,,,,
WBG,2014,,-13.586,,,,,,,,121.88517901052042,,93.17,95.5876,33.952,,1.196,,,,,,,
WBG,2015,,-13.879,,,,,,,,111.18462156014614,,48.66,108.1696,37.071,,0.961,,,,,,,
WBG,2016,,-13.907,,,,,,,,119.36261924864752,,43.29,113.0665,31.027,,-1.041,,,,,,,
WBG,2017,,-13.207,,,,,,,,119.70533874025382,,50.8,112.8101,31.785,,-0.02,,,,,,,
WBG,2018,,-13.15,,,,,,,,120.1730401916504,,65.23,112.0038,33.145,,0.321,,,,,,,
WBG,2019,,-10.385,,,,,,,,131.4715934540646,,56.99,115.7333,34.469,,1.269,,,,,,,
WBG,2020,,-12.25,,,,,,,,166.60730119735476,,39.16,117.774,47.08,,0.069,,,,,,,
WBG,2021,,-9.818,,,,,,,,168.30067705253205,,68.14,113.1051,50.176,,1.302,,,,,,,
WBG,2022,,-10.626,,,,,,,,167.90513914799786,,94.9,120.698,47.121,,4.088,,,,,,,
WBG,2023,,-13.009,,,,,,,,180.44987982177733,4.087062146892655,77.58,120.2663,48.504,,15.233,,,,,,,
WBG,2024,,,,,,,,,,221.0156972208821,3.15,76.63,122.893,,,88.0,,,,,,,
WSM,2010,0.1834923,-5.391,0.453,-1.65184353012286,49.2281340404688,0.0494567694984404,6.1247199226125,3524.2479246203,5.29451664588825,119.99545832174232,,79.48,93.0541,40.281,14.6447083760345,-0.296,0.410594291707161,0.8057585,54.4595293,0.8244372,84.0352967940982,42.8455456154308,14.619
WSM,2011,0.1821441,-2.967,0.46,3.61927877457416,51.4266504216745,2.0416002953816,3.84907794660396,3821.50678264479,2.94772599922624,153.18591263180687,,94.88,88.7767,41.526,37.1493303117706,2.868,0.479148651100215,0.9610651,53.3442438,0.8367738,82.7630728993357,42.7139652361969,14.882
WSM,2012,0.1793426,-6.48,0.325,-7.35412153105347,56.6667304370635,2.69957638721683,-3.73213020890266,3934.60320799981,-4.60663349940492,161.96787185362544,,94.05,91.6361,50.928,40.299132906469,5.481,0.39649921551572,0.9605068,53.2826674,0.8353596,82.3821348963746,42.752453725051,17.49
WSM,2013,0.1795555,-1.454,0.31,13.0936514855274,60.7430476275739,1.72885382959682,0.107293276488932,4023.5254013825,-0.786395614806608,136.24820703149317,,97.98,92.7611,54.08,9.01812018037557,-1.732,0.354470433710273,0.958801,54.9363971,0.8321985,,42.8259736876384,17.555
WSM,2014,0.1770585,-8.631,0.336,-4.88622350209779,63.0681594321805,2.86810154101309,0.659923768782861,3982.68080202084,-0.23024857506843,121.88517901052042,,93.17,95.5876,54.874,37.3331843934814,0.186,0.514371821253179,1.0732124,54.2944293,0.9134044,87.4514117977902,42.9156653710304,17.525
WSM,2015,0.1792839,-2.635,0.356,1.21478546643601,57.7230691008524,3.26002743040368,3.8503618166494,4084.36083819933,2.95226941311462,111.18462156014614,,48.66,108.1696,56.366,35.86163557511,0.37,0.385043626528853,1.071904,55.5958144,0.9148122,87.5602107303153,42.9280118160801,18.058
WSM,2016,0.1887409,-4.233,0.352,13.4757298150999,53.8119894638802,0.298684612802242,7.9838628784713,4147.07097674888,7.07276114056432,119.36261924864752,,43.29,113.0665,48.994,35.4648816749749,2.256,0.425429774129313,1.0686461,56.1317951,0.977166,87.3532286947715,42.8294511550415,18.605
WSM,2017,0.6157976,-1.793,0.309,7.75081331056245,55.0966362857982,1.04146807605773,1.40628239971301,4307.59381964907,0.460419453590006,119.70533874025382,,50.8,112.8101,46.684,32.1825873287296,1.017,0.482469410561221,1.0690453,56.1482888,0.9765832,,42.7455303647606,19.382
WSM,2018,0.618417,0.801,0.331,-3.67127731160474,52.574262285949,1.90261035583233,-0.609647103380141,4231.81409469194,-1.6472076564482,120.1730401916504,,65.23,112.0038,49.405,33.1401660265809,5.782,0.264678611319933,0.9953036,56.155069,0.9212628,,42.7301981411,18.45
WSM,2019,0.6220257,2.839,0.322,21.7595703966891,49.5769047016337,-0.238656491573744,4.45185891688691,4351.94234943706,3.35744960284687,131.4715934540646,,56.99,115.7333,44.291,33.6506488929242,-0.087,0.232259603701569,1.1468478,54.9223968,1.159202,,42.5386394877125,17.486
WSM,2020,0.8109135,0.949,0.296,-20.5117453792563,56.9277996936748,0.509397965194954,-3.10864485863991,4099.59660548583,-4.09792925699939,166.60730119735476,,39.16,117.774,43.186,33.1905048673993,-3.282,0.301640791056231,1.1753028,53.6400336,1.164435,,42.1858362281146,17.834
WSM,2021,0.7667536,-14.823,0.161,-56.9368511290111,60.9719418526438,1.04090555935629,-5.04350521486909,4021.55934894283,-5.858576704261,168.30067705253205,,68.14,113.1051,46.297,35.2314178501277,4.08,0.280275449205485,1.1396511,52.201382,1.0545903,,41.6500762263474,16.034
WSM,2022,0.7661609,-11.298,0.196,-2.94943609791338,57.9346120849764,0.539647016745273,2.26705055249026,4132.44717734444,1.56297610835598,167.90513914799786,,94.9,120.698,43.75,32.1879710524759,10.813,,1.2343417,51.7863571,1.0470005,,42.0245623012537,13.245
WSM,2023,0.8188682,-3.309,0.234,158.876024188733,46.7804769118191,0.229294017897832,15.2336106467304,4822.74084650019,14.4879479256995,180.44987982177733,4.087062146892655,77.58,120.2663,35.426,36.0680830328679,10.661,,1.2435234,52.1857005,1.0530364,,42.0022616181513,12.9
WSM,2024,0.6881137,4.824,0.209,7.67407113707135,37.560249218259,0.318181346491415,4.74838445564714,5392.87761915762,4.09688706632852,221.0156972208821,3.15,76.63,122.893,27.705,29.0207325813273,0.829,,1.2384523,53.2582407,1.0529651,,41.8674424947722,12.667
YEM,2010,-1.0527598,-3.411,0.701,14.0508524905872,22.3614461274604,0.610357927076417,7.70128607527964,1155.20305261418,4.3735077841587,119.99545832174232,,79.48,93.0541,42.38,11.66108310249,12.486,23.5484181707179,-2.41400459999999,48.3431247,-1.1088712,39.0662307739258,41.5814916665313,22.036
YEM,2011,-1.1246744,-3.001,0.628,-11.7099449108946,21.1560386850362,-1.58233916831705,-12.7148969035133,1186.47500581215,-15.3366875285688,153.18591263180687,,94.88,88.7767,45.726,5.5005264777992,23.173,25.9395800444886,-2.4714962,43.8386004,-1.30699989999999,40.6695289611816,41.8553555288121,23.161
YEM,2012,-1.2532021,-1.711,0.645,-16.0898240828621,22.4223066776646,-0.0402221829314871,2.39299021364694,1245.05068272078,-0.670663085005188,161.96787185362544,,94.05,91.6361,47.577,8.70430583413214,5.806,18.8463591940271,-2.36775559999999,41.6621112,-1.34922229999999,40.9747505187988,42.145823842685,23.83
YEM,2013,-1.2149396,-3.072,0.541,-5.73365197025166,19.9195898806446,-0.330496410064222,4.82351908493912,1378.75002954928,1.67911232409898,136.24820703149317,,97.98,92.7611,48.432,8.1057860253692,8.14,13.5874899680381,-2.41980069999999,41.1965673,-1.3187001,42.7084617614746,42.3445271975473,24.56
YEM,2014,-1.50166699999999,1.315,0.567,-4.0969010064175,18.9285075475327,-0.539237328374498,-0.188690241954504,1430.16420964026,-3.20471705643189,121.88517901052042,,93.17,95.5876,48.95,6.69826178718153,10.005,10.9650660396012,-2.52247629999999,39.8876592,-1.39261449999999,,42.5288486679773,24.761
YEM,2015,-1.4855019,-2.795,0.48,-68.3817136919104,17.6143618724711,-0.0363882528160336,-27.9945462502541,1362.1738120601,-30.1507550992904,111.18462156014614,,48.66,108.1696,57.737,1.65634244893033,34.0,2.06582147254408,-2.52514609999999,36.9353534,-1.5231762,,43.3313819649546,32.7
YEM,2016,-1.6101168,-5.424,0.391,-64.6165959370366,22.8411480514233,-1.79131212045889,-9.37512379736752,975.359417003225,-12.0553743505045,119.36261924864752,,43.29,113.0665,76.505,1.42925784388708,11.9,0.766194564986369,-2.6405037,34.2563457,-1.5674962,43.6906890869141,43.9335072313411,33.511
YEM,2017,-1.59097469999999,-1.49,0.411,-2.57054315756577,27.5534343808365,-1.00531889341895,-5.07179568062152,811.165970405745,-7.88861205244282,119.70533874025382,,50.8,112.8101,83.789,2.07229521886868,46.7,2.00088361190121,-2.7305026,34.5262831,-1.6596129,,44.5528772190593,33.899
YEM,2018,-1.7530313,-3.182,0.491,49.1838826505271,33.5129923155829,-1.30563839823089,0.752447592962554,633.887202451545,-2.186490192267,120.1730401916504,,65.23,112.0038,86.897,6.17671942043548,35.89,4.87867391772049,-2.7242925,31.3976401,-1.68525869999999,,45.027139345149,32.72
YEM,2019,-1.7416979,-4.177,0.557,,,,,,,131.4715934540646,,56.99,115.7333,91.478,,1.366,,-2.6172209,30.3385577,-1.6661221,,45.3462580031923,32.347
YEM,2020,-1.59971739999999,-15.71,0.412,,,,,,,166.60730119735476,,39.16,117.774,86.997,,43.228,,-2.65635899999999,29.4938562,-1.82232929999999,,45.9149186078608,34.531
YEM,2021,-1.5920705,-13.903,0.489,,,,,,,168.30067705253205,,68.14,113.1051,75.914,,50.398,,-2.6676713,29.5177167,-1.8471399,,45.1400931896088,34.097
YEM,2022,-1.66627979999999,-15.13,0.436,,,,,,,167.90513914799786,,94.9,120.698,65.313,,-2.68,,-2.61245769999999,29.9601461,-1.91002569999999,,45.2981754410567,32.454
YEM,2023,-1.6020865,-12.157,0.461,,,,,,,180.44987982177733,4.087062146892655,77.58,120.2663,77.86,,23.77,,-2.6264387,30.5670477,-1.9069106,,45.4223570511076,32.104
YEM,2024,-1.63587859999999,-17.635,0.442,,,,,,,221.0156972208821,3.15,76.63,122.893,70.94,,8.936,,-2.7505641,29.8788444,-1.90158959999999,,45.5155998717321,32.172
ZAF,2010,0.093303,-1.336,0.136,7.71800817850871,28.1821106821805,0.884904611686012,3.03973288127956,7973.47195771517,1.82804672464107,119.99545832174232,,79.48,93.0541,31.185,17.5956446037105,3.597,6.84683101275869,-0.0522329999999999,65.9566631,0.065012,86.5922045596808,10.1545710040399,50.451
ZAF,2011,0.1087565,-2.006,0.153,3.00844297196998,27.7434703939165,0.903381424332556,3.16855627858818,8646.05571071635,1.90092049729387,153.18591263180687,,94.88,88.7767,34.742,18.8532376550132,6.076,7.81466074244917,-0.0426331999999999,65.1912729,0.0107579,88.9442291259766,10.1369711997726,49.745
ZAF,2012,-0.0291711999999999,-4.689,0.136,1.11233075250117,34.9384853404741,1.06492249485696,2.39623238465745,8076.97678479741,0.897179683754416,161.96787185362544,,94.05,91.6361,37.408,18.5845354435045,5.728,6.40436399402211,-0.1220725,64.9902582,0.0103319,92.1625137329102,10.0906489938623,51.322
ZAF,2013,-0.0335595,-5.326,0.135,3.73297437773348,36.2098641892608,2.05358095229684,2.48546800826588,7331.65467384919,0.805658809846705,136.24820703149317,,97.98,92.7611,40.356,19.1687625943111,5.263,6.11153096342063,-0.2582732,64.7152677,0.0246889,,9.52926646479828,51.205
ZAF,2014,-0.0143828,-4.806,0.124,3.64628616281249,40.169798601073,1.51932743753979,1.41382645223793,6856.73137092522,-0.257188966137676,121.88517901052042,,93.17,95.5876,43.253,18.4879638168327,5.441,4.66573419871465,-0.2307109,61.1976038,0.0704603,101.163200378418,8.82636479182335,51.194
ZAF,2015,0.0114254,-4.339,0.122,3.05977411740692,37.711086621978,0.438735792056356,1.32186223678229,6112.27382485974,-0.694265293924985,111.18462156014614,,48.66,108.1696,45.195,18.6332066638376,5.16,2.80794769347075,-0.3104761,59.510035,0.0440534,104.622812990742,9.42880408267633,50.115
ZAF,2016,0.0306383,-2.676,0.124,0.407508847336487,45.6902115131597,0.684612553455795,0.664552307858116,5651.20585165749,-0.277781475736276,119.36261924864752,,43.29,113.0665,47.134,16.9604522948246,6.764,3.56159906611897,-0.3379116,58.9811893,0.0701133,103.855987548828,9.58536150079461,53.452
ZAF,2017,-0.0798663999999999,-2.368,0.127,-0.27323600884263,47.1927189929926,0.539673956759456,1.15794695181735,6618.33508255701,0.49869596172698,119.70533874025382,,50.8,112.8101,48.588,16.6107340612402,4.695,3.8355856656622,-0.3828321,58.4851513,0.0143383,105.623168945312,9.92107982241673,53.396
ZAF,2018,-0.0473417999999999,-2.929,0.133,2.74826444864134,45.7412901934993,1.3742911715346,1.55678384721676,6914.1780318076,-0.1374850396532,120.1730401916504,,65.23,112.0038,51.536,16.1705829786619,4.929,3.86949148830953,-0.299383199999999,55.9437729,-0.0683312,101.399612936693,10.324177271824,53.634
ZAF,2019,0.0349803,-2.604,0.139,-3.31290850636995,50.2481328155576,1.31407752293306,0.25993557687633,6533.71121032856,-1.3803610544763,131.4715934540646,,56.99,115.7333,56.101,15.8207933783179,3.687,4.18782227881945,-0.338256499999999,56.7364366,-0.0749162,103.78912033531,10.668395469952,57.317
ZAF,2020,0.0256677,1.969,0.156,-12.0040922877116,52.7841323729174,0.933073684352391,-6.1689177146757,5580.60383075189,-7.67873309598839,166.60730119735476,,39.16,117.774,68.927,12.3455441478462,3.175,4.01777511009808,-0.2489513,56.2807483,-0.0613794,103.501178102472,10.682084671115,59.607
ZAF,2021,0.0645613,3.691,0.195,9.68872567575616,41.0418957615734,9.68098022663018,4.85864865060148,6828.75624590017,3.25562042833964,168.30067705253205,,68.14,113.1051,68.672,12.8355522251838,5.458,7.32857859192335,-0.7738081,55.1425627,0.1210745,106.443303990911,11.0435630477309,65.451
ZAF,2022,-0.1634734,-0.5,0.169,7.75563727934718,43.0995184381018,2.26670277731613,2.05813661692193,6534.24867783397,0.62521727101273,167.90513914799786,,94.9,120.698,70.832,15.6721092997041,7.393,,-0.6842882,53.8802608,0.0341024,104.535066506498,11.2608247273771,61.676
ZAF,2023,-0.2095917,-1.596,0.143,5.11232322440304,44.1610440626778,1.0127377916456,0.80610455095804,6034.27208964673,-0.523851146279725,180.44987982177733,4.087062146892655,77.58,120.2663,73.363,15.3913174995668,5.58,,-0.6397104,53.8835444,0.039525,104.133480684239,10.9086745806021,60.259
ZAF,2024,-0.191792799999999,-0.644,0.145,-2.75446564435016,44.8309798829996,0.580891709673066,0.534843531905139,6267.186814093,-0.713538079423742,221.0156972208821,3.15,76.63,122.893,76.356,14.0695508769888,2.883,,-0.6171348,53.9146724,0.017703,,11.6964885512944,60.248
ZMB,2010,-0.369043,7.527,0.705,17.2441530736192,22.8577652777151,8.53319643791576,10.2982233241213,1451.10616017155,6.54512358380669,119.99545832174232,,79.48,93.0541,18.898,29.8740056918705,7.9,18.6647201093496,0.3740582,46.8625968,-0.379340499999999,,79.8929400787164,29.164
ZMB,2011,-0.273636999999999,4.659,0.724,,23.3139842267552,4.72516156867912,5.56925219263019,1624.86817763443,2.11650829571791,153.18591263180687,,94.88,88.7767,20.808,32.889211245159,7.2,17.4237334954232,0.3931833,47.111708,-0.323967599999999,,80.0728210869618,23.216
ZMB,2012,-0.269322599999999,4.893,0.681,,24.6574539542756,6.78938124085044,7.59738104901994,1710.05061343728,4.16438800509357,161.96787185362544,,94.05,91.6361,24.92,31.5179510511994,7.328,13.5753487511819,0.4568964,46.8392456,-0.4889225,,80.3499046032117,17.161
ZMB,2013,-0.305174,-0.779,0.638,,24.8009879997029,7.48932505567266,5.05753695047252,1820.71854827391,1.74618059430358,136.24820703149317,,97.98,92.7611,25.909,33.8029886804422,7.14,12.023594729012,0.3124934,46.563771,-0.4100551,,77.7627371499541,15.71
ZMB,2014,-0.390403499999999,2.141,0.692,,36.2953659204568,5.55542791808588,4.69328316376705,1707.48573136694,1.42432240940171,121.88517901052042,,93.17,95.5876,33.857,34.0692641856177,7.862,10.842259058696,-0.0580544,47.8940398,-0.4213975,,75.4257354059882,14.003
ZMB,2015,-0.395175899999999,-2.687,0.68,,59.0750571840252,7.44741668984243,2.92037511217961,1295.87788680068,-0.241301067013211,111.18462156014614,,48.66,108.1696,61.869,42.8051164515408,21.112,11.1602533885932,0.0822748,48.8337847,-0.3560318,,73.3670077243661,12.364
ZMB,2016,-0.423830999999999,-3.264,0.688,,77.571432468707,3.16251974813899,3.75510031678988,1239.08527877713,0.593979723633794,119.36261924864752,,43.29,113.0665,61.154,38.2062329128451,7.469,11.6772125402718,-0.2072561,47.7012942,-0.4033579,,73.0561645772012,10.506
ZMB,2017,-0.464061199999999,-1.681,0.729,,96.0061537858578,4.28050117059574,3.52586277149926,1483.46577328065,0.398377780872721,119.70533874025382,,50.8,112.8101,66.606,41.0018208583077,6.085,13.2264399699464,-0.211101999999999,47.7215573,-0.4504641,,72.8150326235867,8.514
ZMB,2018,-0.6165275,-1.298,0.723,,95.0251331352744,1.55231886738395,4.03449389667165,1463.89997855593,0.9537337347912,120.1730401916504,,65.23,112.0038,81.165,38.5885582958265,7.859,11.7483463033985,-0.2916638,47.9651579,-0.4817744,,72.5424232879474,8.745
ZMB,2019,-0.6455711,0.477,0.68,,128.346607422193,2.3509190433173,1.44130602603785,1258.98619844462,-1.51894951073589,131.4715934540646,,56.99,115.7333,103.332,39.2619086467844,11.719,7.91506539515975,-0.3690652,46.8385501,-0.591155099999999,,73.1409816315656,10.348
ZMB,2020,-0.6050749,11.791,0.644,,167.518099257658,1.35190577412928,-2.78505506545167,951.644316655957,-5.56773502453288,166.60730119735476,,39.16,117.774,140.001,32.2448509806584,19.231,16.2222307618142,-0.3679359,45.1981836,-0.6567755,,73.2657081622874,11.042
ZMB,2021,-0.6928953,11.9,0.655,,133.551637288097,1.78407846118257,6.23492204726448,1127.16077872857,3.28575461102756,168.30067705253205,,68.14,113.1051,111.047,31.3669178305336,16.354,35.2641479964325,-0.158277199999999,46.7843516,-0.6026535,,69.676612598138,9.364
ZMB,2022,-0.4180775,3.747,0.651,,103.673945530947,-0.223286755156161,5.21122360356247,1447.12310138035,2.34336450166037,167.90513914799786,,94.9,120.698,99.476,26.980508150543,9.899,,0.0456326,47.6502058,-0.6313823,,70.8828492060876,9.849
ZMB,2023,-0.39812,-3.038,0.593,,110.675742084891,2.32465335614826,5.36794285493059,1330.72780576709,2.46464031100994,180.44987982177733,4.087062146892655,77.58,120.2663,129.058,31.4450686240954,13.103,,-0.0111463999999999,47.5213202,-0.6089819,,70.7345316379205,10.038
ZMB,2024,-0.4568294,-1.663,0.664,,114.201909487961,9.32437789659637,3.82004825518591,1187.10943350064,0.941472566904864,221.0156972208821,3.15,76.63,122.893,114.943,23.7884862636697,16.748,,-0.1007849,48.2283671,-0.5611771,56.7889289855957,70.5071363665442,10.102
ZWE,2010,-1.4687145,-13.747,0.225,45.7785964123741,61.6616591918891,1.01750672670554,19.6754077019323,902.010759067388,17.7601242170416,119.99545832174232,,79.48,93.0541,47.578,18.7628395343529,3.217,7.09847064162797,-1.4606594,26.9960164,-1.7974643,,68.4340049602712,9.093
ZWE,2011,-1.4551794,-19.497,0.26,5.10452126208337,58.1933132092827,2.44028634205117,14.1939156801139,1037.77565157218,12.187491621401,153.18591263180687,,94.88,88.7767,42.858,17.3984690623007,4.92,7.87938898914128,-1.2521569,27.7424825,-1.78434949999999,,68.243605592332,8.959
ZWE,2012,-1.3288997,-13.308,0.249,-3.27419427705394,56.5781879647304,2.04309866557655,16.6654290410337,1239.22709745709,14.7871576858869,161.96787185362544,,94.05,91.6361,38.379,9.85633778141151,2.914,5.96773281078297,-1.2758713,28.3833873,-1.64500499999999,75.8648109767885,68.3949814360478,8.169
ZWE,2013,-1.3977252,-13.874,0.278,-11.8767618519826,48.0336458336228,1.95306467023546,1.98948554025198,1362.99498323368,0.563614570952865,136.24820703149317,,97.98,92.7611,37.048,9.20906247136893,0.331,5.04283935109174,-1.0050314,28.2564321,-1.6961368,52.4158515930176,68.5723087765262,7.606
ZWE,2014,-1.4973623,-11.971,0.314,3.879319654668,46.7229019950986,2.42393171156853,2.37698561663417,1372.91526173161,0.982274048982148,121.88517901052042,,93.17,95.5876,42.312,9.63958883391864,-0.796,5.62126327970579,-0.976551899999999,27.931443,-1.6496871,,68.8290755215442,6.945
ZWE,2015,-1.3029239,-7.998,0.329,48.4113657514382,51.4630008713502,1.99867322543902,1.77985356392176,1387.12632595026,0.425141539219794,111.18462156014614,,48.66,108.1696,48.029,10.0359230470755,-2.473,4.60618520596556,-0.856518799999999,32.6662616,-1.40778009999999,,68.6252400493398,8.016
ZWE,2016,-1.3004061,-3.394,0.365,21.0008125114115,62.9386632480421,1.66841598492163,0.75579405855224,1408.13945253431,-0.633234613329265,119.36261924864752,,43.29,113.0665,49.908,9.86174106545716,-0.898,4.49541367401877,-0.9112005,31.634642,-1.4315883,,68.4947893474576,8.949
ZWE,2017,-1.2922875,-1.23,0.363,4.86978442367401,26.2092006727428,0.601908067055593,4.73441117758482,3445.44941020134,3.23409642689352,119.70533874025382,,50.8,112.8101,68.935,14.7022431781545,3.43,6.09544838030308,-0.8348774,32.9007984,-1.380811,,68.2286336799727,9.833
ZWE,2018,-1.3111277,-3.737,0.365,-38.4811643381747,38.8251492700611,1.21217684971106,5.00992154297603,2270.89531874302,3.45954562738599,120.1730401916504,,65.23,112.0038,48.125,14.1484443423452,42.074,3.37818944674235,-0.824492,33.299183,-1.2942012,,68.1111849759016,10.693
ZWE,2019,-1.28338019999999,3.536,0.348,13.8899712016036,49.647327935742,0.748473073606359,-6.33244976028571,2184.32923855469,-7.78558358121073,131.4715934540646,,56.99,115.7333,82.337,11.561629264796,521.15,4.71576545765887,-0.984582,34.3588205,-1.28158559999999,,68.0433028047227,11.718
ZWE,2020,-1.1729479,2.524,0.375,-48.9492548185943,49.5024215404777,0.470482157673421,-7.81695060188729,2059.67445384499,-9.33397144870511,166.60730119735476,,39.16,117.774,84.466,11.2139243786572,348.586,4.74666809490234,-1.0459616,33.8834226,-1.24233859999999,,68.4628079855452,14.243
ZWE,2021,-1.1867823,0.967,0.415,47.04794452444,53.0056934335053,0.575184665386161,8.46801676808001,2613.60542083552,6.61191108683749,168.30067705253205,,68.14,113.1051,58.172,13.4565631560916,60.737,6.39845161112644,-1.0184197,33.960138,-1.263628,,68.4521889791146,15.208
ZWE,2022,-1.1984753,0.935,0.426,43.4313183050343,44.0904531905056,0.826254039449821,6.13926327570213,2536.40050223076,4.34366718315964,167.90513914799786,,94.9,120.698,99.536,12.4189304207687,243.76,,-0.8261001,33.8746285,-1.3005258,,68.9300947854376,16.984
ZWE,2023,-1.1914608,0.384,0.355,-8.22022011732217,41.8108564407259,1.68432122793783,5.3508687909833,2195.22492079245,3.59876695621327,180.44987982177733,4.087062146892655,77.58,120.2663,96.586,10.0230432587302,778.796,,-0.998213999999999,35.4999018,-1.2681513,,68.4333523425461,15.332
ZWE,2024,-1.2516542,1.435,0.386,1.30000002421289,32.9765971565783,1.12046122708248,1.74239524880791,2497.20332208763,-0.0530786093100204,221.0156972208821,3.15,76.63,122.893,94.587,8.84620096694091,686.835,,-1.0172382,36.2828944,-1.2109412,,68.3413361041055,15.429
